Index,ChainNum,ChainID,xmers
1,1,1,LPAQVAFTPYAPEPG
2,1,1,PAQVAFTPYAPEPGS
3,1,1,AQVAFTPYAPEPGST
4,1,1,QVAFTPYAPEPGSTC
5,1,1,VAFTPYAPEPGSTCR
6,1,1,AFTPYAPEPGSTCRL
7,1,1,FTPYAPEPGSTCRLR
8,1,1,TPYAPEPGSTCRLRE
9,1,1,PYAPEPGSTCRLREY
10,1,1,YAPEPGSTCRLREYY
11,1,1,APEPGSTCRLREYYD
12,1,1,PEPGSTCRLREYYDQ
13,1,1,EPGSTCRLREYYDQT
14,1,1,PGSTCRLREYYDQTA
15,1,1,GSTCRLREYYDQTAQ
16,1,1,STCRLREYYDQTAQM
17,1,1,TCRLREYYDQTAQMC
18,1,1,CRLREYYDQTAQMCC
19,1,1,RLREYYDQTAQMCCS
20,1,1,LREYYDQTAQMCCSK
21,1,1,REYYDQTAQMCCSKC
22,1,1,EYYDQTAQMCCSKCS
23,1,1,YYDQTAQMCCSKCSP
24,1,1,YDQTAQMCCSKCSPG
25,1,1,DQTAQMCCSKCSPGQ
26,1,1,QTAQMCCSKCSPGQH
27,1,1,TAQMCCSKCSPGQHA
28,1,1,AQMCCSKCSPGQHAK
29,1,1,QMCCSKCSPGQHAKV
30,1,1,MCCSKCSPGQHAKVF
31,1,1,CCSKCSPGQHAKVFC
32,1,1,CSKCSPGQHAKVFCT
33,1,1,SKCSPGQHAKVFCTK
34,1,1,KCSPGQHAKVFCTKT
35,1,1,CSPGQHAKVFCTKTS
36,1,1,SPGQHAKVFCTKTSD
37,1,1,PGQHAKVFCTKTSDT
38,1,1,GQHAKVFCTKTSDTV
39,1,1,QHAKVFCTKTSDTVC
40,1,1,HAKVFCTKTSDTVCD
41,1,1,AKVFCTKTSDTVCDS
42,1,1,KVFCTKTSDTVCDSC
43,1,1,VFCTKTSDTVCDSCE
44,1,1,FCTKTSDTVCDSCED
45,1,1,CTKTSDTVCDSCEDS
46,1,1,TKTSDTVCDSCEDST
47,1,1,KTSDTVCDSCEDSTY
48,1,1,TSDTVCDSCEDSTYT
49,1,1,SDTVCDSCEDSTYTQ
50,1,1,DTVCDSCEDSTYTQL
51,1,1,TVCDSCEDSTYTQLW
52,1,1,VCDSCEDSTYTQLWN
53,1,1,CDSCEDSTYTQLWNW
54,1,1,DSCEDSTYTQLWNWV
55,1,1,SCEDSTYTQLWNWVP
56,1,1,CEDSTYTQLWNWVPE
57,1,1,EDSTYTQLWNWVPEC
58,1,1,DSTYTQLWNWVPECL
59,1,1,STYTQLWNWVPECLS
60,1,1,TYTQLWNWVPECLSC
61,1,1,YTQLWNWVPECLSCG
62,1,1,TQLWNWVPECLSCGS
63,1,1,QLWNWVPECLSCGSR
64,1,1,LWNWVPECLSCGSRC
65,1,1,WNWVPECLSCGSRCS
66,1,1,NWVPECLSCGSRCSS
67,1,1,WVPECLSCGSRCSSD
68,1,1,VPECLSCGSRCSSDQ
69,1,1,PECLSCGSRCSSDQV
70,1,1,ECLSCGSRCSSDQVE
71,1,1,CLSCGSRCSSDQVET
72,1,1,LSCGSRCSSDQVETQ
73,1,1,SCGSRCSSDQVETQA
74,1,1,CGSRCSSDQVETQAC
75,1,1,GSRCSSDQVETQACT
76,1,1,SRCSSDQVETQACTR
77,1,1,RCSSDQVETQACTRE
78,1,1,CSSDQVETQACTREQ
79,1,1,SSDQVETQACTREQN
80,1,1,SDQVETQACTREQNR
81,1,1,DQVETQACTREQNRI
82,1,1,QVETQACTREQNRIC
83,1,1,VETQACTREQNRICT
84,1,1,ETQACTREQNRICTC
85,1,1,TQACTREQNRICTCR
86,1,1,QACTREQNRICTCRP
87,1,1,ACTREQNRICTCRPG
88,1,1,CTREQNRICTCRPGW
89,1,1,TREQNRICTCRPGWY
90,1,1,REQNRICTCRPGWYC
91,1,1,EQNRICTCRPGWYCA
92,1,1,QNRICTCRPGWYCAL
93,1,1,NRICTCRPGWYCALS
94,1,1,RICTCRPGWYCALSK
95,1,1,ICTCRPGWYCALSKQ
96,1,1,CTCRPGWYCALSKQE
97,1,1,TCRPGWYCALSKQEG
98,1,1,CRPGWYCALSKQEGC
99,1,1,RPGWYCALSKQEGCR
100,1,1,PGWYCALSKQEGCRL
101,1,1,GWYCALSKQEGCRLC
102,1,1,WYCALSKQEGCRLCA
103,1,1,YCALSKQEGCRLCAP
104,1,1,CALSKQEGCRLCAPL
105,1,1,ALSKQEGCRLCAPLR
106,1,1,LSKQEGCRLCAPLRK
107,1,1,SKQEGCRLCAPLRKC
108,1,1,KQEGCRLCAPLRKCR
109,1,1,QEGCRLCAPLRKCRP
110,1,1,EGCRLCAPLRKCRPG
111,1,1,GCRLCAPLRKCRPGF
112,1,1,CRLCAPLRKCRPGFG
113,1,1,RLCAPLRKCRPGFGV
114,1,1,LCAPLRKCRPGFGVA
115,1,1,CAPLRKCRPGFGVAR
116,1,1,APLRKCRPGFGVARP
117,1,1,PLRKCRPGFGVARPG
118,1,1,LRKCRPGFGVARPGT
119,1,1,RKCRPGFGVARPGTE
120,1,1,KCRPGFGVARPGTET
121,1,1,CRPGFGVARPGTETS
122,1,1,RPGFGVARPGTETSD
123,1,1,PGFGVARPGTETSDV
124,1,1,GFGVARPGTETSDVV
125,1,1,FGVARPGTETSDVVC
126,1,1,GVARPGTETSDVVCK
127,1,1,VARPGTETSDVVCKP
128,1,1,ARPGTETSDVVCKPC
129,1,1,RPGTETSDVVCKPCA
130,1,1,PGTETSDVVCKPCAP
131,1,1,GTETSDVVCKPCAPG
132,1,1,TETSDVVCKPCAPGT
133,1,1,ETSDVVCKPCAPGTF
134,1,1,TSDVVCKPCAPGTFS
135,1,1,SDVVCKPCAPGTFSN
136,1,1,DVVCKPCAPGTFSNT
137,1,1,VVCKPCAPGTFSNTT
138,1,1,VCKPCAPGTFSNTTS
139,1,1,CKPCAPGTFSNTTSS
140,1,1,KPCAPGTFSNTTSST
141,1,1,PCAPGTFSNTTSSTD
142,1,1,CAPGTFSNTTSSTDI
143,1,1,APGTFSNTTSSTDIC
144,1,1,PGTFSNTTSSTDICR
145,1,1,GTFSNTTSSTDICRP
146,1,1,TFSNTTSSTDICRPH
147,1,1,FSNTTSSTDICRPHQ
148,1,1,SNTTSSTDICRPHQI
149,1,1,NTTSSTDICRPHQIC
150,1,1,TTSSTDICRPHQICN
151,1,1,TSSTDICRPHQICNV
152,1,1,SSTDICRPHQICNVV
153,1,1,STDICRPHQICNVVA
154,1,1,TDICRPHQICNVVAI
155,1,1,DICRPHQICNVVAIP
156,1,1,ICRPHQICNVVAIPG
157,1,1,CRPHQICNVVAIPGN
158,1,1,RPHQICNVVAIPGNA
159,1,1,PHQICNVVAIPGNAS
160,1,1,HQICNVVAIPGNASM
161,1,1,QICNVVAIPGNASMD
162,1,1,ICNVVAIPGNASMDA
163,1,1,CNVVAIPGNASMDAV
164,1,1,NVVAIPGNASMDAVC
165,1,1,VVAIPGNASMDAVCT
166,1,1,VAIPGNASMDAVCTS
167,1,1,AIPGNASMDAVCTST
168,1,1,IPGNASMDAVCTSTS
169,1,1,PGNASMDAVCTSTSP
170,1,1,GNASMDAVCTSTSPT
171,1,1,NASMDAVCTSTSPTR
172,1,1,ASMDAVCTSTSPTRS
173,1,1,SMDAVCTSTSPTRSM
174,1,1,MDAVCTSTSPTRSMA
175,1,1,DAVCTSTSPTRSMAP
176,1,1,AVCTSTSPTRSMAPG
177,1,1,VCTSTSPTRSMAPGA
178,1,1,CTSTSPTRSMAPGAV
179,1,1,TSTSPTRSMAPGAVH
180,1,1,STSPTRSMAPGAVHL
181,1,1,TSPTRSMAPGAVHLP
182,1,1,SPTRSMAPGAVHLPQ
183,1,1,PTRSMAPGAVHLPQP
184,1,1,TRSMAPGAVHLPQPV
185,1,1,RSMAPGAVHLPQPVS
186,1,1,SMAPGAVHLPQPVST
187,1,1,MAPGAVHLPQPVSTR
188,1,1,APGAVHLPQPVSTRS
189,1,1,PGAVHLPQPVSTRSQ
190,1,1,GAVHLPQPVSTRSQH
191,1,1,AVHLPQPVSTRSQHT
192,1,1,VHLPQPVSTRSQHTQ
193,1,1,HLPQPVSTRSQHTQP
194,1,1,LPQPVSTRSQHTQPT
195,1,1,PQPVSTRSQHTQPTP
196,1,1,QPVSTRSQHTQPTPE
197,1,1,PVSTRSQHTQPTPEP
198,1,1,VSTRSQHTQPTPEPS
199,1,1,STRSQHTQPTPEPST
200,1,1,TRSQHTQPTPEPSTA
201,1,1,RSQHTQPTPEPSTAP
202,1,1,SQHTQPTPEPSTAPS
203,1,1,QHTQPTPEPSTAPST
204,1,1,HTQPTPEPSTAPSTS
205,1,1,TQPTPEPSTAPSTSF
206,1,1,QPTPEPSTAPSTSFL
207,1,1,PTPEPSTAPSTSFLL
208,1,1,TPEPSTAPSTSFLLP
209,1,1,PEPSTAPSTSFLLPM
210,1,1,EPSTAPSTSFLLPMG
211,1,1,PSTAPSTSFLLPMGP
212,1,1,STAPSTSFLLPMGPS
213,1,1,TAPSTSFLLPMGPSP
214,1,1,APSTSFLLPMGPSPP
215,1,1,PSTSFLLPMGPSPPA
216,1,1,STSFLLPMGPSPPAE
217,1,1,TSFLLPMGPSPPAEG
218,1,1,SFLLPMGPSPPAEGS
219,1,1,FLLPMGPSPPAEGST
220,1,1,LLPMGPSPPAEGSTG
221,1,1,LPMGPSPPAEGSTGD
222,1,1,PMGPSPPAEGSTGDE
223,1,1,MGPSPPAEGSTGDEP
224,1,1,GPSPPAEGSTGDEPK
225,1,1,PSPPAEGSTGDEPKS
226,1,1,SPPAEGSTGDEPKSC
227,1,1,PPAEGSTGDEPKSCD
228,1,1,PAEGSTGDEPKSCDK
229,1,1,AEGSTGDEPKSCDKT
230,1,1,EGSTGDEPKSCDKTH
231,1,1,GSTGDEPKSCDKTHT
232,1,1,STGDEPKSCDKTHTC
233,1,1,TGDEPKSCDKTHTCP
234,1,1,GDEPKSCDKTHTCPP
235,1,1,DEPKSCDKTHTCPPC
236,1,1,EPKSCDKTHTCPPCP
237,1,1,PKSCDKTHTCPPCPA
238,1,1,KSCDKTHTCPPCPAP
239,1,1,SCDKTHTCPPCPAPE
240,1,1,CDKTHTCPPCPAPEL
241,1,1,DKTHTCPPCPAPELL
242,1,1,KTHTCPPCPAPELLG
243,1,1,THTCPPCPAPELLGG
244,1,1,HTCPPCPAPELLGGP
245,1,1,TCPPCPAPELLGGPS
246,1,1,CPPCPAPELLGGPSV
247,1,1,PPCPAPELLGGPSVF
248,1,1,PCPAPELLGGPSVFL
249,1,1,CPAPELLGGPSVFLF
250,1,1,PAPELLGGPSVFLFP
251,1,1,APELLGGPSVFLFPP
252,1,1,PELLGGPSVFLFPPK
253,1,1,ELLGGPSVFLFPPKP
254,1,1,LLGGPSVFLFPPKPK
255,1,1,LGGPSVFLFPPKPKD
256,1,1,GGPSVFLFPPKPKDT
257,1,1,GPSVFLFPPKPKDTL
258,1,1,PSVFLFPPKPKDTLM
259,1,1,SVFLFPPKPKDTLMI
260,1,1,VFLFPPKPKDTLMIS
261,1,1,FLFPPKPKDTLMISR
262,1,1,LFPPKPKDTLMISRT
263,1,1,FPPKPKDTLMISRTP
264,1,1,PPKPKDTLMISRTPE
265,1,1,PKPKDTLMISRTPEV
266,1,1,KPKDTLMISRTPEVT
267,1,1,PKDTLMISRTPEVTC
268,1,1,KDTLMISRTPEVTCV
269,1,1,DTLMISRTPEVTCVV
270,1,1,TLMISRTPEVTCVVV
271,1,1,LMISRTPEVTCVVVD
272,1,1,MISRTPEVTCVVVDV
273,1,1,ISRTPEVTCVVVDVS
274,1,1,SRTPEVTCVVVDVSH
275,1,1,RTPEVTCVVVDVSHE
276,1,1,TPEVTCVVVDVSHED
277,1,1,PEVTCVVVDVSHEDP
278,1,1,EVTCVVVDVSHEDPE
279,1,1,VTCVVVDVSHEDPEV
280,1,1,TCVVVDVSHEDPEVK
281,1,1,CVVVDVSHEDPEVKF
282,1,1,VVVDVSHEDPEVKFN
283,1,1,VVDVSHEDPEVKFNW
284,1,1,VDVSHEDPEVKFNWY
285,1,1,DVSHEDPEVKFNWYV
286,1,1,VSHEDPEVKFNWYVD
287,1,1,SHEDPEVKFNWYVDG
288,1,1,HEDPEVKFNWYVDGV
289,1,1,EDPEVKFNWYVDGVE
290,1,1,DPEVKFNWYVDGVEV
291,1,1,PEVKFNWYVDGVEVH
292,1,1,EVKFNWYVDGVEVHN
293,1,1,VKFNWYVDGVEVHNA
294,1,1,KFNWYVDGVEVHNAK
295,1,1,FNWYVDGVEVHNAKT
296,1,1,NWYVDGVEVHNAKTK
297,1,1,WYVDGVEVHNAKTKP
298,1,1,YVDGVEVHNAKTKPR
299,1,1,VDGVEVHNAKTKPRE
300,1,1,DGVEVHNAKTKPREE
301,1,1,GVEVHNAKTKPREEQ
302,1,1,VEVHNAKTKPREEQY
303,1,1,EVHNAKTKPREEQYN
304,1,1,VHNAKTKPREEQYNS
305,1,1,HNAKTKPREEQYNST
306,1,1,NAKTKPREEQYNSTY
307,1,1,AKTKPREEQYNSTYR
308,1,1,KTKPREEQYNSTYRV
309,1,1,TKPREEQYNSTYRVV
310,1,1,KPREEQYNSTYRVVS
311,1,1,PREEQYNSTYRVVSV
312,1,1,REEQYNSTYRVVSVL
313,1,1,EEQYNSTYRVVSVLT
314,1,1,EQYNSTYRVVSVLTV
315,1,1,QYNSTYRVVSVLTVL
316,1,1,YNSTYRVVSVLTVLH
317,1,1,NSTYRVVSVLTVLHQ
318,1,1,STYRVVSVLTVLHQD
319,1,1,TYRVVSVLTVLHQDW
320,1,1,YRVVSVLTVLHQDWL
321,1,1,RVVSVLTVLHQDWLN
322,1,1,VVSVLTVLHQDWLNG
323,1,1,VSVLTVLHQDWLNGK
324,1,1,SVLTVLHQDWLNGKE
325,1,1,VLTVLHQDWLNGKEY
326,1,1,LTVLHQDWLNGKEYK
327,1,1,TVLHQDWLNGKEYKC
328,1,1,VLHQDWLNGKEYKCK
329,1,1,LHQDWLNGKEYKCKV
330,1,1,HQDWLNGKEYKCKVS
331,1,1,QDWLNGKEYKCKVSN
332,1,1,DWLNGKEYKCKVSNK
333,1,1,WLNGKEYKCKVSNKA
334,1,1,LNGKEYKCKVSNKAL
335,1,1,NGKEYKCKVSNKALP
336,1,1,GKEYKCKVSNKALPA
337,1,1,KEYKCKVSNKALPAP
338,1,1,EYKCKVSNKALPAPI
339,1,1,YKCKVSNKALPAPIE
340,1,1,KCKVSNKALPAPIEK
341,1,1,CKVSNKALPAPIEKT
342,1,1,KVSNKALPAPIEKTI
343,1,1,VSNKALPAPIEKTIS
344,1,1,SNKALPAPIEKTISK
345,1,1,NKALPAPIEKTISKA
346,1,1,KALPAPIEKTISKAK
347,1,1,ALPAPIEKTISKAKG
348,1,1,LPAPIEKTISKAKGQ
349,1,1,PAPIEKTISKAKGQP
350,1,1,APIEKTISKAKGQPR
351,1,1,PIEKTISKAKGQPRE
352,1,1,IEKTISKAKGQPREP
353,1,1,EKTISKAKGQPREPQ
354,1,1,KTISKAKGQPREPQV
355,1,1,TISKAKGQPREPQVY
356,1,1,ISKAKGQPREPQVYT
357,1,1,SKAKGQPREPQVYTL
358,1,1,KAKGQPREPQVYTLP
359,1,1,AKGQPREPQVYTLPP
360,1,1,KGQPREPQVYTLPPS
361,1,1,GQPREPQVYTLPPSR
362,1,1,QPREPQVYTLPPSRE
363,1,1,PREPQVYTLPPSREE
364,1,1,REPQVYTLPPSREEM
365,1,1,EPQVYTLPPSREEMT
366,1,1,PQVYTLPPSREEMTK
367,1,1,QVYTLPPSREEMTKN
368,1,1,VYTLPPSREEMTKNQ
369,1,1,YTLPPSREEMTKNQV
370,1,1,TLPPSREEMTKNQVS
371,1,1,LPPSREEMTKNQVSL
372,1,1,PPSREEMTKNQVSLT
373,1,1,PSREEMTKNQVSLTC
374,1,1,SREEMTKNQVSLTCL
375,1,1,REEMTKNQVSLTCLV
376,1,1,EEMTKNQVSLTCLVK
377,1,1,EMTKNQVSLTCLVKG
378,1,1,MTKNQVSLTCLVKGF
379,1,1,TKNQVSLTCLVKGFY
380,1,1,KNQVSLTCLVKGFYP
381,1,1,NQVSLTCLVKGFYPS
382,1,1,QVSLTCLVKGFYPSD
383,1,1,VSLTCLVKGFYPSDI
384,1,1,SLTCLVKGFYPSDIA
385,1,1,LTCLVKGFYPSDIAV
386,1,1,TCLVKGFYPSDIAVE
387,1,1,CLVKGFYPSDIAVEW
388,1,1,LVKGFYPSDIAVEWE
389,1,1,VKGFYPSDIAVEWES
390,1,1,KGFYPSDIAVEWESN
391,1,1,GFYPSDIAVEWESNG
392,1,1,FYPSDIAVEWESNGQ
393,1,1,YPSDIAVEWESNGQP
394,1,1,PSDIAVEWESNGQPE
395,1,1,SDIAVEWESNGQPEN
396,1,1,DIAVEWESNGQPENN
397,1,1,IAVEWESNGQPENNY
398,1,1,AVEWESNGQPENNYK
399,1,1,VEWESNGQPENNYKT
400,1,1,EWESNGQPENNYKTT
401,1,1,WESNGQPENNYKTTP
402,1,1,ESNGQPENNYKTTPP
403,1,1,SNGQPENNYKTTPPV
404,1,1,NGQPENNYKTTPPVL
405,1,1,GQPENNYKTTPPVLD
406,1,1,QPENNYKTTPPVLDS
407,1,1,PENNYKTTPPVLDSD
408,1,1,ENNYKTTPPVLDSDG
409,1,1,NNYKTTPPVLDSDGS
410,1,1,NYKTTPPVLDSDGSF
411,1,1,YKTTPPVLDSDGSFF
412,1,1,KTTPPVLDSDGSFFL
413,1,1,TTPPVLDSDGSFFLY
414,1,1,TPPVLDSDGSFFLYS
415,1,1,PPVLDSDGSFFLYSK
416,1,1,PVLDSDGSFFLYSKL
417,1,1,VLDSDGSFFLYSKLT
418,1,1,LDSDGSFFLYSKLTV
419,1,1,DSDGSFFLYSKLTVD
420,1,1,SDGSFFLYSKLTVDK
421,1,1,DGSFFLYSKLTVDKS
422,1,1,GSFFLYSKLTVDKSR
423,1,1,SFFLYSKLTVDKSRW
424,1,1,FFLYSKLTVDKSRWQ
425,1,1,FLYSKLTVDKSRWQQ
426,1,1,LYSKLTVDKSRWQQG
427,1,1,YSKLTVDKSRWQQGN
428,1,1,SKLTVDKSRWQQGNV
429,1,1,KLTVDKSRWQQGNVF
430,1,1,LTVDKSRWQQGNVFS
431,1,1,TVDKSRWQQGNVFSC
432,1,1,VDKSRWQQGNVFSCS
433,1,1,DKSRWQQGNVFSCSV
434,1,1,KSRWQQGNVFSCSVM
435,1,1,SRWQQGNVFSCSVMH
436,1,1,RWQQGNVFSCSVMHE
437,1,1,WQQGNVFSCSVMHEA
438,1,1,QQGNVFSCSVMHEAL
439,1,1,QGNVFSCSVMHEALH
440,1,1,GNVFSCSVMHEALHN
441,1,1,NVFSCSVMHEALHNH
442,1,1,VFSCSVMHEALHNHY
443,1,1,FSCSVMHEALHNHYT
444,1,1,SCSVMHEALHNHYTQ
445,1,1,CSVMHEALHNHYTQK
446,1,1,SVMHEALHNHYTQKS
447,1,1,VMHEALHNHYTQKSL
448,1,1,MHEALHNHYTQKSLS
449,1,1,HEALHNHYTQKSLSL
450,1,1,EALHNHYTQKSLSLS
451,1,1,ALHNHYTQKSLSLSP
452,1,1,LHNHYTQKSLSLSPG
453,1,1,HNHYTQKSLSLSPGK
454,2,1,LPAQVAFTPYAPEPG
455,2,1,PAQVAFTPYAPEPGS
456,2,1,AQVAFTPYAPEPGST
457,2,1,QVAFTPYAPEPGSTC
458,2,1,VAFTPYAPEPGSTCR
459,2,1,AFTPYAPEPGSTCRL
460,2,1,FTPYAPEPGSTCRLR
461,2,1,TPYAPEPGSTCRLRE
462,2,1,PYAPEPGSTCRLREY
463,2,1,YAPEPGSTCRLREYY
464,2,1,APEPGSTCRLREYYD
465,2,1,PEPGSTCRLREYYDQ
466,2,1,EPGSTCRLREYYDQT
467,2,1,PGSTCRLREYYDQTA
468,2,1,GSTCRLREYYDQTAQ
469,2,1,STCRLREYYDQTAQM
470,2,1,TCRLREYYDQTAQMC
471,2,1,CRLREYYDQTAQMCC
472,2,1,RLREYYDQTAQMCCS
473,2,1,LREYYDQTAQMCCSK
474,2,1,REYYDQTAQMCCSKC
475,2,1,EYYDQTAQMCCSKCS
476,2,1,YYDQTAQMCCSKCSP
477,2,1,YDQTAQMCCSKCSPG
478,2,1,DQTAQMCCSKCSPGQ
479,2,1,QTAQMCCSKCSPGQH
480,2,1,TAQMCCSKCSPGQHA
481,2,1,AQMCCSKCSPGQHAK
482,2,1,QMCCSKCSPGQHAKV
483,2,1,MCCSKCSPGQHAKVF
484,2,1,CCSKCSPGQHAKVFC
485,2,1,CSKCSPGQHAKVFCT
486,2,1,SKCSPGQHAKVFCTK
487,2,1,KCSPGQHAKVFCTKT
488,2,1,CSPGQHAKVFCTKTS
489,2,1,SPGQHAKVFCTKTSD
490,2,1,PGQHAKVFCTKTSDT
491,2,1,GQHAKVFCTKTSDTV
492,2,1,QHAKVFCTKTSDTVC
493,2,1,HAKVFCTKTSDTVCD
494,2,1,AKVFCTKTSDTVCDS
495,2,1,KVFCTKTSDTVCDSC
496,2,1,VFCTKTSDTVCDSCE
497,2,1,FCTKTSDTVCDSCED
498,2,1,CTKTSDTVCDSCEDS
499,2,1,TKTSDTVCDSCEDST
500,2,1,KTSDTVCDSCEDSTY
501,2,1,TSDTVCDSCEDSTYT
502,2,1,SDTVCDSCEDSTYTQ
503,2,1,DTVCDSCEDSTYTQL
504,2,1,TVCDSCEDSTYTQLW
505,2,1,VCDSCEDSTYTQLWN
506,2,1,CDSCEDSTYTQLWNW
507,2,1,DSCEDSTYTQLWNWV
508,2,1,SCEDSTYTQLWNWVP
509,2,1,CEDSTYTQLWNWVPE
510,2,1,EDSTYTQLWNWVPEC
511,2,1,DSTYTQLWNWVPECL
512,2,1,STYTQLWNWVPECLS
513,2,1,TYTQLWNWVPECLSC
514,2,1,YTQLWNWVPECLSCG
515,2,1,TQLWNWVPECLSCGS
516,2,1,QLWNWVPECLSCGSR
517,2,1,LWNWVPECLSCGSRC
518,2,1,WNWVPECLSCGSRCS
519,2,1,NWVPECLSCGSRCSS
520,2,1,WVPECLSCGSRCSSD
521,2,1,VPECLSCGSRCSSDQ
522,2,1,PECLSCGSRCSSDQV
523,2,1,ECLSCGSRCSSDQVE
524,2,1,CLSCGSRCSSDQVET
525,2,1,LSCGSRCSSDQVETQ
526,2,1,SCGSRCSSDQVETQA
527,2,1,CGSRCSSDQVETQAC
528,2,1,GSRCSSDQVETQACT
529,2,1,SRCSSDQVETQACTR
530,2,1,RCSSDQVETQACTRE
531,2,1,CSSDQVETQACTREQ
532,2,1,SSDQVETQACTREQN
533,2,1,SDQVETQACTREQNR
534,2,1,DQVETQACTREQNRI
535,2,1,QVETQACTREQNRIC
536,2,1,VETQACTREQNRICT
537,2,1,ETQACTREQNRICTC
538,2,1,TQACTREQNRICTCR
539,2,1,QACTREQNRICTCRP
540,2,1,ACTREQNRICTCRPG
541,2,1,CTREQNRICTCRPGW
542,2,1,TREQNRICTCRPGWY
543,2,1,REQNRICTCRPGWYC
544,2,1,EQNRICTCRPGWYCA
545,2,1,QNRICTCRPGWYCAL
546,2,1,NRICTCRPGWYCALS
547,2,1,RICTCRPGWYCALSK
548,2,1,ICTCRPGWYCALSKQ
549,2,1,CTCRPGWYCALSKQE
550,2,1,TCRPGWYCALSKQEG
551,2,1,CRPGWYCALSKQEGC
552,2,1,RPGWYCALSKQEGCR
553,2,1,PGWYCALSKQEGCRL
554,2,1,GWYCALSKQEGCRLC
555,2,1,WYCALSKQEGCRLCA
556,2,1,YCALSKQEGCRLCAP
557,2,1,CALSKQEGCRLCAPL
558,2,1,ALSKQEGCRLCAPLR
559,2,1,LSKQEGCRLCAPLRK
560,2,1,SKQEGCRLCAPLRKC
561,2,1,KQEGCRLCAPLRKCR
562,2,1,QEGCRLCAPLRKCRP
563,2,1,EGCRLCAPLRKCRPG
564,2,1,GCRLCAPLRKCRPGF
565,2,1,CRLCAPLRKCRPGFG
566,2,1,RLCAPLRKCRPGFGV
567,2,1,LCAPLRKCRPGFGVA
568,2,1,CAPLRKCRPGFGVAR
569,2,1,APLRKCRPGFGVARP
570,2,1,PLRKCRPGFGVARPG
571,2,1,LRKCRPGFGVARPGT
572,2,1,RKCRPGFGVARPGTE
573,2,1,KCRPGFGVARPGTET
574,2,1,CRPGFGVARPGTETS
575,2,1,RPGFGVARPGTETSD
576,2,1,PGFGVARPGTETSDV
577,2,1,GFGVARPGTETSDVV
578,2,1,FGVARPGTETSDVVC
579,2,1,GVARPGTETSDVVCK
580,2,1,VARPGTETSDVVCKP
581,2,1,ARPGTETSDVVCKPC
582,2,1,RPGTETSDVVCKPCA
583,2,1,PGTETSDVVCKPCAP
584,2,1,GTETSDVVCKPCAPG
585,2,1,TETSDVVCKPCAPGT
586,2,1,ETSDVVCKPCAPGTF
587,2,1,TSDVVCKPCAPGTFS
588,2,1,SDVVCKPCAPGTFSN
589,2,1,DVVCKPCAPGTFSNT
590,2,1,VVCKPCAPGTFSNTT
591,2,1,VCKPCAPGTFSNTTS
592,2,1,CKPCAPGTFSNTTSS
593,2,1,KPCAPGTFSNTTSST
594,2,1,PCAPGTFSNTTSSTD
595,2,1,CAPGTFSNTTSSTDI
596,2,1,APGTFSNTTSSTDIC
597,2,1,PGTFSNTTSSTDICR
598,2,1,GTFSNTTSSTDICRP
599,2,1,TFSNTTSSTDICRPH
600,2,1,FSNTTSSTDICRPHQ
601,2,1,SNTTSSTDICRPHQI
602,2,1,NTTSSTDICRPHQIC
603,2,1,TTSSTDICRPHQICN
604,2,1,TSSTDICRPHQICNV
605,2,1,SSTDICRPHQICNVV
606,2,1,STDICRPHQICNVVA
607,2,1,TDICRPHQICNVVAI
608,2,1,DICRPHQICNVVAIP
609,2,1,ICRPHQICNVVAIPG
610,2,1,CRPHQICNVVAIPGN
611,2,1,RPHQICNVVAIPGNA
612,2,1,PHQICNVVAIPGNAS
613,2,1,HQICNVVAIPGNASM
614,2,1,QICNVVAIPGNASMD
615,2,1,ICNVVAIPGNASMDA
616,2,1,CNVVAIPGNASMDAV
617,2,1,NVVAIPGNASMDAVC
618,2,1,VVAIPGNASMDAVCT
619,2,1,VAIPGNASMDAVCTS
620,2,1,AIPGNASMDAVCTST
621,2,1,IPGNASMDAVCTSTS
622,2,1,PGNASMDAVCTSTSP
623,2,1,GNASMDAVCTSTSPT
624,2,1,NASMDAVCTSTSPTR
625,2,1,ASMDAVCTSTSPTRS
626,2,1,SMDAVCTSTSPTRSM
627,2,1,MDAVCTSTSPTRSMA
628,2,1,DAVCTSTSPTRSMAP
629,2,1,AVCTSTSPTRSMAPG
630,2,1,VCTSTSPTRSMAPGA
631,2,1,CTSTSPTRSMAPGAV
632,2,1,TSTSPTRSMAPGAVH
633,2,1,STSPTRSMAPGAVHL
634,2,1,TSPTRSMAPGAVHLP
635,2,1,SPTRSMAPGAVHLPQ
636,2,1,PTRSMAPGAVHLPQP
637,2,1,TRSMAPGAVHLPQPV
638,2,1,RSMAPGAVHLPQPVS
639,2,1,SMAPGAVHLPQPVST
640,2,1,MAPGAVHLPQPVSTR
641,2,1,APGAVHLPQPVSTRS
642,2,1,PGAVHLPQPVSTRSQ
643,2,1,GAVHLPQPVSTRSQH
644,2,1,AVHLPQPVSTRSQHT
645,2,1,VHLPQPVSTRSQHTQ
646,2,1,HLPQPVSTRSQHTQP
647,2,1,LPQPVSTRSQHTQPT
648,2,1,PQPVSTRSQHTQPTP
649,2,1,QPVSTRSQHTQPTPE
650,2,1,PVSTRSQHTQPTPEP
651,2,1,VSTRSQHTQPTPEPS
652,2,1,STRSQHTQPTPEPST
653,2,1,TRSQHTQPTPEPSTA
654,2,1,RSQHTQPTPEPSTAP
655,2,1,SQHTQPTPEPSTAPS
656,2,1,QHTQPTPEPSTAPST
657,2,1,HTQPTPEPSTAPSTS
658,2,1,TQPTPEPSTAPSTSF
659,2,1,QPTPEPSTAPSTSFL
660,2,1,PTPEPSTAPSTSFLL
661,2,1,TPEPSTAPSTSFLLP
662,2,1,PEPSTAPSTSFLLPM
663,2,1,EPSTAPSTSFLLPMG
664,2,1,PSTAPSTSFLLPMGP
665,2,1,STAPSTSFLLPMGPS
666,2,1,TAPSTSFLLPMGPSP
667,2,1,APSTSFLLPMGPSPP
668,2,1,PSTSFLLPMGPSPPA
669,2,1,STSFLLPMGPSPPAE
670,2,1,TSFLLPMGPSPPAEG
671,2,1,SFLLPMGPSPPAEGS
672,2,1,FLLPMGPSPPAEGST
673,2,1,LLPMGPSPPAEGSTG
674,2,1,LPMGPSPPAEGSTGD
675,2,1,PMGPSPPAEGSTGDE
676,2,1,MGPSPPAEGSTGDEP
677,2,1,GPSPPAEGSTGDEPK
678,2,1,PSPPAEGSTGDEPKS
679,2,1,SPPAEGSTGDEPKSC
680,2,1,PPAEGSTGDEPKSCD
681,2,1,PAEGSTGDEPKSCDK
682,2,1,AEGSTGDEPKSCDKT
683,2,1,EGSTGDEPKSCDKTH
684,2,1,GSTGDEPKSCDKTHT
685,2,1,STGDEPKSCDKTHTC
686,2,1,TGDEPKSCDKTHTCP
687,2,1,GDEPKSCDKTHTCPP
688,2,1,DEPKSCDKTHTCPPC
689,2,1,EPKSCDKTHTCPPCP
690,2,1,PKSCDKTHTCPPCPA
691,2,1,KSCDKTHTCPPCPAP
692,2,1,SCDKTHTCPPCPAPE
693,2,1,CDKTHTCPPCPAPEL
694,2,1,DKTHTCPPCPAPELL
695,2,1,KTHTCPPCPAPELLG
696,2,1,THTCPPCPAPELLGG
697,2,1,HTCPPCPAPELLGGP
698,2,1,TCPPCPAPELLGGPS
699,2,1,CPPCPAPELLGGPSV
700,2,1,PPCPAPELLGGPSVF
701,2,1,PCPAPELLGGPSVFL
702,2,1,CPAPELLGGPSVFLF
703,2,1,PAPELLGGPSVFLFP
704,2,1,APELLGGPSVFLFPP
705,2,1,PELLGGPSVFLFPPK
706,2,1,ELLGGPSVFLFPPKP
707,2,1,LLGGPSVFLFPPKPK
708,2,1,LGGPSVFLFPPKPKD
709,2,1,GGPSVFLFPPKPKDT
710,2,1,GPSVFLFPPKPKDTL
711,2,1,PSVFLFPPKPKDTLM
712,2,1,SVFLFPPKPKDTLMI
713,2,1,VFLFPPKPKDTLMIS
714,2,1,FLFPPKPKDTLMISR
715,2,1,LFPPKPKDTLMISRT
716,2,1,FPPKPKDTLMISRTP
717,2,1,PPKPKDTLMISRTPE
718,2,1,PKPKDTLMISRTPEV
719,2,1,KPKDTLMISRTPEVT
720,2,1,PKDTLMISRTPEVTC
721,2,1,KDTLMISRTPEVTCV
722,2,1,DTLMISRTPEVTCVV
723,2,1,TLMISRTPEVTCVVV
724,2,1,LMISRTPEVTCVVVD
725,2,1,MISRTPEVTCVVVDV
726,2,1,ISRTPEVTCVVVDVS
727,2,1,SRTPEVTCVVVDVSH
728,2,1,RTPEVTCVVVDVSHE
729,2,1,TPEVTCVVVDVSHED
730,2,1,PEVTCVVVDVSHEDP
731,2,1,EVTCVVVDVSHEDPE
732,2,1,VTCVVVDVSHEDPEV
733,2,1,TCVVVDVSHEDPEVK
734,2,1,CVVVDVSHEDPEVKF
735,2,1,VVVDVSHEDPEVKFN
736,2,1,VVDVSHEDPEVKFNW
737,2,1,VDVSHEDPEVKFNWY
738,2,1,DVSHEDPEVKFNWYV
739,2,1,VSHEDPEVKFNWYVD
740,2,1,SHEDPEVKFNWYVDG
741,2,1,HEDPEVKFNWYVDGV
742,2,1,EDPEVKFNWYVDGVE
743,2,1,DPEVKFNWYVDGVEV
744,2,1,PEVKFNWYVDGVEVH
745,2,1,EVKFNWYVDGVEVHN
746,2,1,VKFNWYVDGVEVHNA
747,2,1,KFNWYVDGVEVHNAK
748,2,1,FNWYVDGVEVHNAKT
749,2,1,NWYVDGVEVHNAKTK
750,2,1,WYVDGVEVHNAKTKP
751,2,1,YVDGVEVHNAKTKPR
752,2,1,VDGVEVHNAKTKPRE
753,2,1,DGVEVHNAKTKPREE
754,2,1,GVEVHNAKTKPREEQ
755,2,1,VEVHNAKTKPREEQY
756,2,1,EVHNAKTKPREEQYN
757,2,1,VHNAKTKPREEQYNS
758,2,1,HNAKTKPREEQYNST
759,2,1,NAKTKPREEQYNSTY
760,2,1,AKTKPREEQYNSTYR
761,2,1,KTKPREEQYNSTYRV
762,2,1,TKPREEQYNSTYRVV
763,2,1,KPREEQYNSTYRVVS
764,2,1,PREEQYNSTYRVVSV
765,2,1,REEQYNSTYRVVSVL
766,2,1,EEQYNSTYRVVSVLT
767,2,1,EQYNSTYRVVSVLTV
768,2,1,QYNSTYRVVSVLTVL
769,2,1,YNSTYRVVSVLTVLH
770,2,1,NSTYRVVSVLTVLHQ
771,2,1,STYRVVSVLTVLHQD
772,2,1,TYRVVSVLTVLHQDW
773,2,1,YRVVSVLTVLHQDWL
774,2,1,RVVSVLTVLHQDWLN
775,2,1,VVSVLTVLHQDWLNG
776,2,1,VSVLTVLHQDWLNGK
777,2,1,SVLTVLHQDWLNGKE
778,2,1,VLTVLHQDWLNGKEY
779,2,1,LTVLHQDWLNGKEYK
780,2,1,TVLHQDWLNGKEYKC
781,2,1,VLHQDWLNGKEYKCK
782,2,1,LHQDWLNGKEYKCKV
783,2,1,HQDWLNGKEYKCKVS
784,2,1,QDWLNGKEYKCKVSN
785,2,1,DWLNGKEYKCKVSNK
786,2,1,WLNGKEYKCKVSNKA
787,2,1,LNGKEYKCKVSNKAL
788,2,1,NGKEYKCKVSNKALP
789,2,1,GKEYKCKVSNKALPA
790,2,1,KEYKCKVSNKALPAP
791,2,1,EYKCKVSNKALPAPI
792,2,1,YKCKVSNKALPAPIE
793,2,1,KCKVSNKALPAPIEK
794,2,1,CKVSNKALPAPIEKT
795,2,1,KVSNKALPAPIEKTI
796,2,1,VSNKALPAPIEKTIS
797,2,1,SNKALPAPIEKTISK
798,2,1,NKALPAPIEKTISKA
799,2,1,KALPAPIEKTISKAK
800,2,1,ALPAPIEKTISKAKG
801,2,1,LPAPIEKTISKAKGQ
802,2,1,PAPIEKTISKAKGQP
803,2,1,APIEKTISKAKGQPR
804,2,1,PIEKTISKAKGQPRE
805,2,1,IEKTISKAKGQPREP
806,2,1,EKTISKAKGQPREPQ
807,2,1,KTISKAKGQPREPQV
808,2,1,TISKAKGQPREPQVY
809,2,1,ISKAKGQPREPQVYT
810,2,1,SKAKGQPREPQVYTL
811,2,1,KAKGQPREPQVYTLP
812,2,1,AKGQPREPQVYTLPP
813,2,1,KGQPREPQVYTLPPS
814,2,1,GQPREPQVYTLPPSR
815,2,1,QPREPQVYTLPPSRE
816,2,1,PREPQVYTLPPSREE
817,2,1,REPQVYTLPPSREEM
818,2,1,EPQVYTLPPSREEMT
819,2,1,PQVYTLPPSREEMTK
820,2,1,QVYTLPPSREEMTKN
821,2,1,VYTLPPSREEMTKNQ
822,2,1,YTLPPSREEMTKNQV
823,2,1,TLPPSREEMTKNQVS
824,2,1,LPPSREEMTKNQVSL
825,2,1,PPSREEMTKNQVSLT
826,2,1,PSREEMTKNQVSLTC
827,2,1,SREEMTKNQVSLTCL
828,2,1,REEMTKNQVSLTCLV
829,2,1,EEMTKNQVSLTCLVK
830,2,1,EMTKNQVSLTCLVKG
831,2,1,MTKNQVSLTCLVKGF
832,2,1,TKNQVSLTCLVKGFY
833,2,1,KNQVSLTCLVKGFYP
834,2,1,NQVSLTCLVKGFYPS
835,2,1,QVSLTCLVKGFYPSD
836,2,1,VSLTCLVKGFYPSDI
837,2,1,SLTCLVKGFYPSDIA
838,2,1,LTCLVKGFYPSDIAV
839,2,1,TCLVKGFYPSDIAVE
840,2,1,CLVKGFYPSDIAVEW
841,2,1,LVKGFYPSDIAVEWE
842,2,1,VKGFYPSDIAVEWES
843,2,1,KGFYPSDIAVEWESN
844,2,1,GFYPSDIAVEWESNG
845,2,1,FYPSDIAVEWESNGQ
846,2,1,YPSDIAVEWESNGQP
847,2,1,PSDIAVEWESNGQPE
848,2,1,SDIAVEWESNGQPEN
849,2,1,DIAVEWESNGQPENN
850,2,1,IAVEWESNGQPENNY
851,2,1,AVEWESNGQPENNYK
852,2,1,VEWESNGQPENNYKT
853,2,1,EWESNGQPENNYKTT
854,2,1,WESNGQPENNYKTTP
855,2,1,ESNGQPENNYKTTPP
856,2,1,SNGQPENNYKTTPPV
857,2,1,NGQPENNYKTTPPVL
858,2,1,GQPENNYKTTPPVLD
859,2,1,QPENNYKTTPPVLDS
860,2,1,PENNYKTTPPVLDSD
861,2,1,ENNYKTTPPVLDSDG
862,2,1,NNYKTTPPVLDSDGS
863,2,1,NYKTTPPVLDSDGSF
864,2,1,YKTTPPVLDSDGSFF
865,2,1,KTTPPVLDSDGSFFL
866,2,1,TTPPVLDSDGSFFLY
867,2,1,TPPVLDSDGSFFLYS
868,2,1,PPVLDSDGSFFLYSK
869,2,1,PVLDSDGSFFLYSKL
870,2,1,VLDSDGSFFLYSKLT
871,2,1,LDSDGSFFLYSKLTV
872,2,1,DSDGSFFLYSKLTVD
873,2,1,SDGSFFLYSKLTVDK
874,2,1,DGSFFLYSKLTVDKS
875,2,1,GSFFLYSKLTVDKSR
876,2,1,SFFLYSKLTVDKSRW
877,2,1,FFLYSKLTVDKSRWQ
878,2,1,FLYSKLTVDKSRWQQ
879,2,1,LYSKLTVDKSRWQQG
880,2,1,YSKLTVDKSRWQQGN
881,2,1,SKLTVDKSRWQQGNV
882,2,1,KLTVDKSRWQQGNVF
883,2,1,LTVDKSRWQQGNVFS
884,2,1,TVDKSRWQQGNVFSC
885,2,1,VDKSRWQQGNVFSCS
886,2,1,DKSRWQQGNVFSCSV
887,2,1,KSRWQQGNVFSCSVM
888,2,1,SRWQQGNVFSCSVMH
889,2,1,RWQQGNVFSCSVMHE
890,2,1,WQQGNVFSCSVMHEA
891,2,1,QQGNVFSCSVMHEAL
892,2,1,QGNVFSCSVMHEALH
893,2,1,GNVFSCSVMHEALHN
894,2,1,NVFSCSVMHEALHNH
895,2,1,VFSCSVMHEALHNHY
896,2,1,FSCSVMHEALHNHYT
897,2,1,SCSVMHEALHNHYTQ
898,2,1,CSVMHEALHNHYTQK
899,2,1,SVMHEALHNHYTQKS
900,2,1,VMHEALHNHYTQKSL
901,2,1,MHEALHNHYTQKSLS
902,2,1,HEALHNHYTQKSLSL
903,2,1,EALHNHYTQKSLSLS
904,2,1,ALHNHYTQKSLSLSP
905,2,1,LHNHYTQKSLSLSPG
906,2,1,HNHYTQKSLSLSPGK
