Index,ChainNum,ChainID,xmers
1,1,1,ATRRYYLGAVELSWD
2,1,1,TRRYYLGAVELSWDY
3,1,1,RRYYLGAVELSWDYM
4,1,1,RYYLGAVELSWDYMQ
5,1,1,YYLGAVELSWDYMQS
6,1,1,YLGAVELSWDYMQSD
7,1,1,LGAVELSWDYMQSDL
8,1,1,GAVELSWDYMQSDLG
9,1,1,AVELSWDYMQSDLGE
10,1,1,VELSWDYMQSDLGEL
11,1,1,ELSWDYMQSDLGELP
12,1,1,LSWDYMQSDLGELPV
13,1,1,SWDYMQSDLGELPVD
14,1,1,WDYMQSDLGELPVDA
15,1,1,DYMQSDLGELPVDAR
16,1,1,YMQSDLGELPVDARF
17,1,1,MQSDLGELPVDARFP
18,1,1,QSDLGELPVDARFPP
19,1,1,SDLGELPVDARFPPR
20,1,1,DLGELPVDARFPPRV
21,1,1,LGELPVDARFPPRVP
22,1,1,GELPVDARFPPRVPK
23,1,1,ELPVDARFPPRVPKS
24,1,1,LPVDARFPPRVPKSF
25,1,1,PVDARFPPRVPKSFP
26,1,1,VDARFPPRVPKSFPF
27,1,1,DARFPPRVPKSFPFN
28,1,1,ARFPPRVPKSFPFNT
29,1,1,RFPPRVPKSFPFNTS
30,1,1,FPPRVPKSFPFNTSV
31,1,1,PPRVPKSFPFNTSVV
32,1,1,PRVPKSFPFNTSVVY
33,1,1,RVPKSFPFNTSVVYK
34,1,1,VPKSFPFNTSVVYKK
35,1,1,PKSFPFNTSVVYKKT
36,1,1,KSFPFNTSVVYKKTL
37,1,1,SFPFNTSVVYKKTLF
38,1,1,FPFNTSVVYKKTLFV
39,1,1,PFNTSVVYKKTLFVE
40,1,1,FNTSVVYKKTLFVEF
41,1,1,NTSVVYKKTLFVEFT
42,1,1,TSVVYKKTLFVEFTD
43,1,1,SVVYKKTLFVEFTDH
44,1,1,VVYKKTLFVEFTDHL
45,1,1,VYKKTLFVEFTDHLF
46,1,1,YKKTLFVEFTDHLFN
47,1,1,KKTLFVEFTDHLFNI
48,1,1,KTLFVEFTDHLFNIA
49,1,1,TLFVEFTDHLFNIAK
50,1,1,LFVEFTDHLFNIAKP
51,1,1,FVEFTDHLFNIAKPR
52,1,1,VEFTDHLFNIAKPRP
53,1,1,EFTDHLFNIAKPRPP
54,1,1,FTDHLFNIAKPRPPW
55,1,1,TDHLFNIAKPRPPWM
56,1,1,DHLFNIAKPRPPWMG
57,1,1,HLFNIAKPRPPWMGL
58,1,1,LFNIAKPRPPWMGLL
59,1,1,FNIAKPRPPWMGLLG
60,1,1,NIAKPRPPWMGLLGP
61,1,1,IAKPRPPWMGLLGPT
62,1,1,AKPRPPWMGLLGPTI
63,1,1,KPRPPWMGLLGPTIQ
64,1,1,PRPPWMGLLGPTIQA
65,1,1,RPPWMGLLGPTIQAE
66,1,1,PPWMGLLGPTIQAEV
67,1,1,PWMGLLGPTIQAEVY
68,1,1,WMGLLGPTIQAEVYD
69,1,1,MGLLGPTIQAEVYDT
70,1,1,GLLGPTIQAEVYDTV
71,1,1,LLGPTIQAEVYDTVV
72,1,1,LGPTIQAEVYDTVVI
73,1,1,GPTIQAEVYDTVVIT
74,1,1,PTIQAEVYDTVVITL
75,1,1,TIQAEVYDTVVITLK
76,1,1,IQAEVYDTVVITLKN
77,1,1,QAEVYDTVVITLKNM
78,1,1,AEVYDTVVITLKNMA
79,1,1,EVYDTVVITLKNMAS
80,1,1,VYDTVVITLKNMASH
81,1,1,YDTVVITLKNMASHP
82,1,1,DTVVITLKNMASHPV
83,1,1,TVVITLKNMASHPVS
84,1,1,VVITLKNMASHPVSL
85,1,1,VITLKNMASHPVSLH
86,1,1,ITLKNMASHPVSLHA
87,1,1,TLKNMASHPVSLHAV
88,1,1,LKNMASHPVSLHAVG
89,1,1,KNMASHPVSLHAVGV
90,1,1,NMASHPVSLHAVGVS
91,1,1,MASHPVSLHAVGVSY
92,1,1,ASHPVSLHAVGVSYW
93,1,1,SHPVSLHAVGVSYWK
94,1,1,HPVSLHAVGVSYWKA
95,1,1,PVSLHAVGVSYWKAS
96,1,1,VSLHAVGVSYWKASE
97,1,1,SLHAVGVSYWKASEG
98,1,1,LHAVGVSYWKASEGA
99,1,1,HAVGVSYWKASEGAE
100,1,1,AVGVSYWKASEGAEY
101,1,1,VGVSYWKASEGAEYD
102,1,1,GVSYWKASEGAEYDD
103,1,1,VSYWKASEGAEYDDQ
104,1,1,SYWKASEGAEYDDQT
105,1,1,YWKASEGAEYDDQTS
106,1,1,WKASEGAEYDDQTSQ
107,1,1,KASEGAEYDDQTSQR
108,1,1,ASEGAEYDDQTSQRE
109,1,1,SEGAEYDDQTSQREK
110,1,1,EGAEYDDQTSQREKE
111,1,1,GAEYDDQTSQREKED
112,1,1,AEYDDQTSQREKEDD
113,1,1,EYDDQTSQREKEDDK
114,1,1,YDDQTSQREKEDDKV
115,1,1,DDQTSQREKEDDKVF
116,1,1,DQTSQREKEDDKVFP
117,1,1,QTSQREKEDDKVFPG
118,1,1,TSQREKEDDKVFPGG
119,1,1,SQREKEDDKVFPGGS
120,1,1,QREKEDDKVFPGGSH
121,1,1,REKEDDKVFPGGSHT
122,1,1,EKEDDKVFPGGSHTY
123,1,1,KEDDKVFPGGSHTYV
124,1,1,EDDKVFPGGSHTYVW
125,1,1,DDKVFPGGSHTYVWQ
126,1,1,DKVFPGGSHTYVWQV
127,1,1,KVFPGGSHTYVWQVL
128,1,1,VFPGGSHTYVWQVLK
129,1,1,FPGGSHTYVWQVLKE
130,1,1,PGGSHTYVWQVLKEN
131,1,1,GGSHTYVWQVLKENG
132,1,1,GSHTYVWQVLKENGP
133,1,1,SHTYVWQVLKENGPM
134,1,1,HTYVWQVLKENGPMA
135,1,1,TYVWQVLKENGPMAS
136,1,1,YVWQVLKENGPMASD
137,1,1,VWQVLKENGPMASDP
138,1,1,WQVLKENGPMASDPL
139,1,1,QVLKENGPMASDPLC
140,1,1,VLKENGPMASDPLCL
141,1,1,LKENGPMASDPLCLT
142,1,1,KENGPMASDPLCLTY
143,1,1,ENGPMASDPLCLTYS
144,1,1,NGPMASDPLCLTYSY
145,1,1,GPMASDPLCLTYSYL
146,1,1,PMASDPLCLTYSYLS
147,1,1,MASDPLCLTYSYLSH
148,1,1,ASDPLCLTYSYLSHV
149,1,1,SDPLCLTYSYLSHVD
150,1,1,DPLCLTYSYLSHVDL
151,1,1,PLCLTYSYLSHVDLV
152,1,1,LCLTYSYLSHVDLVK
153,1,1,CLTYSYLSHVDLVKD
154,1,1,LTYSYLSHVDLVKDL
155,1,1,TYSYLSHVDLVKDLN
156,1,1,YSYLSHVDLVKDLNS
157,1,1,SYLSHVDLVKDLNSG
158,1,1,YLSHVDLVKDLNSGL
159,1,1,LSHVDLVKDLNSGLI
160,1,1,SHVDLVKDLNSGLIG
161,1,1,HVDLVKDLNSGLIGA
162,1,1,VDLVKDLNSGLIGAL
163,1,1,DLVKDLNSGLIGALL
164,1,1,LVKDLNSGLIGALLV
165,1,1,VKDLNSGLIGALLVC
166,1,1,KDLNSGLIGALLVCR
167,1,1,DLNSGLIGALLVCRE
168,1,1,LNSGLIGALLVCREG
169,1,1,NSGLIGALLVCREGS
170,1,1,SGLIGALLVCREGSL
171,1,1,GLIGALLVCREGSLA
172,1,1,LIGALLVCREGSLAK
173,1,1,IGALLVCREGSLAKE
174,1,1,GALLVCREGSLAKEK
175,1,1,ALLVCREGSLAKEKT
176,1,1,LLVCREGSLAKEKTQ
177,1,1,LVCREGSLAKEKTQT
178,1,1,VCREGSLAKEKTQTL
179,1,1,CREGSLAKEKTQTLH
180,1,1,REGSLAKEKTQTLHK
181,1,1,EGSLAKEKTQTLHKF
182,1,1,GSLAKEKTQTLHKFI
183,1,1,SLAKEKTQTLHKFIL
184,1,1,LAKEKTQTLHKFILL
185,1,1,AKEKTQTLHKFILLF
186,1,1,KEKTQTLHKFILLFA
187,1,1,EKTQTLHKFILLFAV
188,1,1,KTQTLHKFILLFAVF
189,1,1,TQTLHKFILLFAVFD
190,1,1,QTLHKFILLFAVFDE
191,1,1,TLHKFILLFAVFDEG
192,1,1,LHKFILLFAVFDEGK
193,1,1,HKFILLFAVFDEGKS
194,1,1,KFILLFAVFDEGKSW
195,1,1,FILLFAVFDEGKSWH
196,1,1,ILLFAVFDEGKSWHS
197,1,1,LLFAVFDEGKSWHSE
198,1,1,LFAVFDEGKSWHSET
199,1,1,FAVFDEGKSWHSETK
200,1,1,AVFDEGKSWHSETKN
201,1,1,VFDEGKSWHSETKNS
202,1,1,FDEGKSWHSETKNSL
203,1,1,DEGKSWHSETKNSLM
204,1,1,EGKSWHSETKNSLMQ
205,1,1,GKSWHSETKNSLMQD
206,1,1,KSWHSETKNSLMQDR
207,1,1,SWHSETKNSLMQDRD
208,1,1,WHSETKNSLMQDRDA
209,1,1,HSETKNSLMQDRDAA
210,1,1,SETKNSLMQDRDAAS
211,1,1,ETKNSLMQDRDAASA
212,1,1,TKNSLMQDRDAASAR
213,1,1,KNSLMQDRDAASARA
214,1,1,NSLMQDRDAASARAW
215,1,1,SLMQDRDAASARAWP
216,1,1,LMQDRDAASARAWPK
217,1,1,MQDRDAASARAWPKM
218,1,1,QDRDAASARAWPKMH
219,1,1,DRDAASARAWPKMHT
220,1,1,RDAASARAWPKMHTV
221,1,1,DAASARAWPKMHTVN
222,1,1,AASARAWPKMHTVNG
223,1,1,ASARAWPKMHTVNGY
224,1,1,SARAWPKMHTVNGYV
225,1,1,ARAWPKMHTVNGYVN
226,1,1,RAWPKMHTVNGYVNR
227,1,1,AWPKMHTVNGYVNRS
228,1,1,WPKMHTVNGYVNRSL
229,1,1,PKMHTVNGYVNRSLP
230,1,1,KMHTVNGYVNRSLPG
231,1,1,MHTVNGYVNRSLPGL
232,1,1,HTVNGYVNRSLPGLI
233,1,1,TVNGYVNRSLPGLIG
234,1,1,VNGYVNRSLPGLIGC
235,1,1,NGYVNRSLPGLIGCH
236,1,1,GYVNRSLPGLIGCHR
237,1,1,YVNRSLPGLIGCHRK
238,1,1,VNRSLPGLIGCHRKS
239,1,1,NRSLPGLIGCHRKSV
240,1,1,RSLPGLIGCHRKSVY
241,1,1,SLPGLIGCHRKSVYW
242,1,1,LPGLIGCHRKSVYWH
243,1,1,PGLIGCHRKSVYWHV
244,1,1,GLIGCHRKSVYWHVI
245,1,1,LIGCHRKSVYWHVIG
246,1,1,IGCHRKSVYWHVIGM
247,1,1,GCHRKSVYWHVIGMG
248,1,1,CHRKSVYWHVIGMGT
249,1,1,HRKSVYWHVIGMGTT
250,1,1,RKSVYWHVIGMGTTP
251,1,1,KSVYWHVIGMGTTPE
252,1,1,SVYWHVIGMGTTPEV
253,1,1,VYWHVIGMGTTPEVH
254,1,1,YWHVIGMGTTPEVHS
255,1,1,WHVIGMGTTPEVHSI
256,1,1,HVIGMGTTPEVHSIF
257,1,1,VIGMGTTPEVHSIFL
258,1,1,IGMGTTPEVHSIFLE
259,1,1,GMGTTPEVHSIFLEG
260,1,1,MGTTPEVHSIFLEGH
261,1,1,GTTPEVHSIFLEGHT
262,1,1,TTPEVHSIFLEGHTF
263,1,1,TPEVHSIFLEGHTFL
264,1,1,PEVHSIFLEGHTFLV
265,1,1,EVHSIFLEGHTFLVR
266,1,1,VHSIFLEGHTFLVRN
267,1,1,HSIFLEGHTFLVRNH
268,1,1,SIFLEGHTFLVRNHR
269,1,1,IFLEGHTFLVRNHRQ
270,1,1,FLEGHTFLVRNHRQA
271,1,1,LEGHTFLVRNHRQAS
272,1,1,EGHTFLVRNHRQASL
273,1,1,GHTFLVRNHRQASLE
274,1,1,HTFLVRNHRQASLEI
275,1,1,TFLVRNHRQASLEIS
276,1,1,FLVRNHRQASLEISP
277,1,1,LVRNHRQASLEISPI
278,1,1,VRNHRQASLEISPIT
279,1,1,RNHRQASLEISPITF
280,1,1,NHRQASLEISPITFL
281,1,1,HRQASLEISPITFLT
282,1,1,RQASLEISPITFLTA
283,1,1,QASLEISPITFLTAQ
284,1,1,ASLEISPITFLTAQT
285,1,1,SLEISPITFLTAQTL
286,1,1,LEISPITFLTAQTLL
287,1,1,EISPITFLTAQTLLM
288,1,1,ISPITFLTAQTLLMD
289,1,1,SPITFLTAQTLLMDL
290,1,1,PITFLTAQTLLMDLG
291,1,1,ITFLTAQTLLMDLGQ
292,1,1,TFLTAQTLLMDLGQF
293,1,1,FLTAQTLLMDLGQFL
294,1,1,LTAQTLLMDLGQFLL
295,1,1,TAQTLLMDLGQFLLF
296,1,1,AQTLLMDLGQFLLFC
297,1,1,QTLLMDLGQFLLFCH
298,1,1,TLLMDLGQFLLFCHI
299,1,1,LLMDLGQFLLFCHIS
300,1,1,LMDLGQFLLFCHISS
301,1,1,MDLGQFLLFCHISSH
302,1,1,DLGQFLLFCHISSHQ
303,1,1,LGQFLLFCHISSHQH
304,1,1,GQFLLFCHISSHQHD
305,1,1,QFLLFCHISSHQHDG
306,1,1,FLLFCHISSHQHDGM
307,1,1,LLFCHISSHQHDGME
308,1,1,LFCHISSHQHDGMEA
309,1,1,FCHISSHQHDGMEAY
310,1,1,CHISSHQHDGMEAYV
311,1,1,HISSHQHDGMEAYVK
312,1,1,ISSHQHDGMEAYVKV
313,1,1,SSHQHDGMEAYVKVD
314,1,1,SHQHDGMEAYVKVDS
315,1,1,HQHDGMEAYVKVDSC
316,1,1,QHDGMEAYVKVDSCP
317,1,1,HDGMEAYVKVDSCPE
318,1,1,DGMEAYVKVDSCPEE
319,1,1,GMEAYVKVDSCPEEP
320,1,1,MEAYVKVDSCPEEPQ
321,1,1,EAYVKVDSCPEEPQL
322,1,1,AYVKVDSCPEEPQLR
323,1,1,YVKVDSCPEEPQLRM
324,1,1,VKVDSCPEEPQLRMK
325,1,1,KVDSCPEEPQLRMKN
326,1,1,VDSCPEEPQLRMKNN
327,1,1,DSCPEEPQLRMKNNE
328,1,1,SCPEEPQLRMKNNEE
329,1,1,CPEEPQLRMKNNEEA
330,1,1,PEEPQLRMKNNEEAE
331,1,1,EEPQLRMKNNEEAED
332,1,1,EPQLRMKNNEEAEDY
333,1,1,PQLRMKNNEEAEDYD
334,1,1,QLRMKNNEEAEDYDD
335,1,1,LRMKNNEEAEDYDDD
336,1,1,RMKNNEEAEDYDDDL
337,1,1,MKNNEEAEDYDDDLT
338,1,1,KNNEEAEDYDDDLTD
339,1,1,NNEEAEDYDDDLTDS
340,1,1,NEEAEDYDDDLTDSE
341,1,1,EEAEDYDDDLTDSEM
342,1,1,EAEDYDDDLTDSEMD
343,1,1,AEDYDDDLTDSEMDV
344,1,1,EDYDDDLTDSEMDVV
345,1,1,DYDDDLTDSEMDVVR
346,1,1,YDDDLTDSEMDVVRF
347,1,1,DDDLTDSEMDVVRFD
348,1,1,DDLTDSEMDVVRFDD
349,1,1,DLTDSEMDVVRFDDD
350,1,1,LTDSEMDVVRFDDDN
351,1,1,TDSEMDVVRFDDDNS
352,1,1,DSEMDVVRFDDDNSP
353,1,1,SEMDVVRFDDDNSPS
354,1,1,EMDVVRFDDDNSPSF
355,1,1,MDVVRFDDDNSPSFI
356,1,1,DVVRFDDDNSPSFIQ
357,1,1,VVRFDDDNSPSFIQI
358,1,1,VRFDDDNSPSFIQIR
359,1,1,RFDDDNSPSFIQIRS
360,1,1,FDDDNSPSFIQIRSV
361,1,1,DDDNSPSFIQIRSVA
362,1,1,DDNSPSFIQIRSVAK
363,1,1,DNSPSFIQIRSVAKK
364,1,1,NSPSFIQIRSVAKKH
365,1,1,SPSFIQIRSVAKKHP
366,1,1,PSFIQIRSVAKKHPK
367,1,1,SFIQIRSVAKKHPKT
368,1,1,FIQIRSVAKKHPKTW
369,1,1,IQIRSVAKKHPKTWV
370,1,1,QIRSVAKKHPKTWVH
371,1,1,IRSVAKKHPKTWVHY
372,1,1,RSVAKKHPKTWVHYI
373,1,1,SVAKKHPKTWVHYIA
374,1,1,VAKKHPKTWVHYIAA
375,1,1,AKKHPKTWVHYIAAE
376,1,1,KKHPKTWVHYIAAEE
377,1,1,KHPKTWVHYIAAEEE
378,1,1,HPKTWVHYIAAEEED
379,1,1,PKTWVHYIAAEEEDW
380,1,1,KTWVHYIAAEEEDWD
381,1,1,TWVHYIAAEEEDWDY
382,1,1,WVHYIAAEEEDWDYA
383,1,1,VHYIAAEEEDWDYAP
384,1,1,HYIAAEEEDWDYAPL
385,1,1,YIAAEEEDWDYAPLV
386,1,1,IAAEEEDWDYAPLVL
387,1,1,AAEEEDWDYAPLVLA
388,1,1,AEEEDWDYAPLVLAP
389,1,1,EEEDWDYAPLVLAPD
390,1,1,EEDWDYAPLVLAPDD
391,1,1,EDWDYAPLVLAPDDR
392,1,1,DWDYAPLVLAPDDRS
393,1,1,WDYAPLVLAPDDRSY
394,1,1,DYAPLVLAPDDRSYK
395,1,1,YAPLVLAPDDRSYKS
396,1,1,APLVLAPDDRSYKSQ
397,1,1,PLVLAPDDRSYKSQY
398,1,1,LVLAPDDRSYKSQYL
399,1,1,VLAPDDRSYKSQYLN
400,1,1,LAPDDRSYKSQYLNN
401,1,1,APDDRSYKSQYLNNG
402,1,1,PDDRSYKSQYLNNGP
403,1,1,DDRSYKSQYLNNGPQ
404,1,1,DRSYKSQYLNNGPQR
405,1,1,RSYKSQYLNNGPQRI
406,1,1,SYKSQYLNNGPQRIG
407,1,1,YKSQYLNNGPQRIGR
408,1,1,KSQYLNNGPQRIGRK
409,1,1,SQYLNNGPQRIGRKY
410,1,1,QYLNNGPQRIGRKYK
411,1,1,YLNNGPQRIGRKYKK
412,1,1,LNNGPQRIGRKYKKV
413,1,1,NNGPQRIGRKYKKVR
414,1,1,NGPQRIGRKYKKVRF
415,1,1,GPQRIGRKYKKVRFM
416,1,1,PQRIGRKYKKVRFMA
417,1,1,QRIGRKYKKVRFMAY
418,1,1,RIGRKYKKVRFMAYT
419,1,1,IGRKYKKVRFMAYTD
420,1,1,GRKYKKVRFMAYTDE
421,1,1,RKYKKVRFMAYTDET
422,1,1,KYKKVRFMAYTDETF
423,1,1,YKKVRFMAYTDETFK
424,1,1,KKVRFMAYTDETFKT
425,1,1,KVRFMAYTDETFKTR
426,1,1,VRFMAYTDETFKTRE
427,1,1,RFMAYTDETFKTREA
428,1,1,FMAYTDETFKTREAI
429,1,1,MAYTDETFKTREAIQ
430,1,1,AYTDETFKTREAIQH
431,1,1,YTDETFKTREAIQHE
432,1,1,TDETFKTREAIQHES
433,1,1,DETFKTREAIQHESG
434,1,1,ETFKTREAIQHESGI
435,1,1,TFKTREAIQHESGIL
436,1,1,FKTREAIQHESGILG
437,1,1,KTREAIQHESGILGP
438,1,1,TREAIQHESGILGPL
439,1,1,REAIQHESGILGPLL
440,1,1,EAIQHESGILGPLLY
441,1,1,AIQHESGILGPLLYG
442,1,1,IQHESGILGPLLYGE
443,1,1,QHESGILGPLLYGEV
444,1,1,HESGILGPLLYGEVG
445,1,1,ESGILGPLLYGEVGD
446,1,1,SGILGPLLYGEVGDT
447,1,1,GILGPLLYGEVGDTL
448,1,1,ILGPLLYGEVGDTLL
449,1,1,LGPLLYGEVGDTLLI
450,1,1,GPLLYGEVGDTLLII
451,1,1,PLLYGEVGDTLLIIF
452,1,1,LLYGEVGDTLLIIFK
453,1,1,LYGEVGDTLLIIFKN
454,1,1,YGEVGDTLLIIFKNQ
455,1,1,GEVGDTLLIIFKNQA
456,1,1,EVGDTLLIIFKNQAS
457,1,1,VGDTLLIIFKNQASR
458,1,1,GDTLLIIFKNQASRP
459,1,1,DTLLIIFKNQASRPY
460,1,1,TLLIIFKNQASRPYN
461,1,1,LLIIFKNQASRPYNI
462,1,1,LIIFKNQASRPYNIY
463,1,1,IIFKNQASRPYNIYP
464,1,1,IFKNQASRPYNIYPH
465,1,1,FKNQASRPYNIYPHG
466,1,1,KNQASRPYNIYPHGI
467,1,1,NQASRPYNIYPHGIT
468,1,1,QASRPYNIYPHGITD
469,1,1,ASRPYNIYPHGITDV
470,1,1,SRPYNIYPHGITDVR
471,1,1,RPYNIYPHGITDVRP
472,1,1,PYNIYPHGITDVRPL
473,1,1,YNIYPHGITDVRPLY
474,1,1,NIYPHGITDVRPLYS
475,1,1,IYPHGITDVRPLYSR
476,1,1,YPHGITDVRPLYSRR
477,1,1,PHGITDVRPLYSRRL
478,1,1,HGITDVRPLYSRRLP
479,1,1,GITDVRPLYSRRLPK
480,1,1,ITDVRPLYSRRLPKG
481,1,1,TDVRPLYSRRLPKGV
482,1,1,DVRPLYSRRLPKGVK
483,1,1,VRPLYSRRLPKGVKH
484,1,1,RPLYSRRLPKGVKHL
485,1,1,PLYSRRLPKGVKHLK
486,1,1,LYSRRLPKGVKHLKD
487,1,1,YSRRLPKGVKHLKDF
488,1,1,SRRLPKGVKHLKDFP
489,1,1,RRLPKGVKHLKDFPI
490,1,1,RLPKGVKHLKDFPIL
491,1,1,LPKGVKHLKDFPILP
492,1,1,PKGVKHLKDFPILPG
493,1,1,KGVKHLKDFPILPGE
494,1,1,GVKHLKDFPILPGEI
495,1,1,VKHLKDFPILPGEIF
496,1,1,KHLKDFPILPGEIFK
497,1,1,HLKDFPILPGEIFKY
498,1,1,LKDFPILPGEIFKYK
499,1,1,KDFPILPGEIFKYKW
500,1,1,DFPILPGEIFKYKWT
501,1,1,FPILPGEIFKYKWTV
502,1,1,PILPGEIFKYKWTVT
503,1,1,ILPGEIFKYKWTVTV
504,1,1,LPGEIFKYKWTVTVE
505,1,1,PGEIFKYKWTVTVED
506,1,1,GEIFKYKWTVTVEDG
507,1,1,EIFKYKWTVTVEDGP
508,1,1,IFKYKWTVTVEDGPT
509,1,1,FKYKWTVTVEDGPTK
510,1,1,KYKWTVTVEDGPTKS
511,1,1,YKWTVTVEDGPTKSD
512,1,1,KWTVTVEDGPTKSDP
513,1,1,WTVTVEDGPTKSDPR
514,1,1,TVTVEDGPTKSDPRC
515,1,1,VTVEDGPTKSDPRCL
516,1,1,TVEDGPTKSDPRCLT
517,1,1,VEDGPTKSDPRCLTR
518,1,1,EDGPTKSDPRCLTRY
519,1,1,DGPTKSDPRCLTRYY
520,1,1,GPTKSDPRCLTRYYS
521,1,1,PTKSDPRCLTRYYSS
522,1,1,TKSDPRCLTRYYSSF
523,1,1,KSDPRCLTRYYSSFV
524,1,1,SDPRCLTRYYSSFVN
525,1,1,DPRCLTRYYSSFVNM
526,1,1,PRCLTRYYSSFVNME
527,1,1,RCLTRYYSSFVNMER
528,1,1,CLTRYYSSFVNMERD
529,1,1,LTRYYSSFVNMERDL
530,1,1,TRYYSSFVNMERDLA
531,1,1,RYYSSFVNMERDLAS
532,1,1,YYSSFVNMERDLASG
533,1,1,YSSFVNMERDLASGL
534,1,1,SSFVNMERDLASGLI
535,1,1,SFVNMERDLASGLIG
536,1,1,FVNMERDLASGLIGP
537,1,1,VNMERDLASGLIGPL
538,1,1,NMERDLASGLIGPLL
539,1,1,MERDLASGLIGPLLI
540,1,1,ERDLASGLIGPLLIC
541,1,1,RDLASGLIGPLLICY
542,1,1,DLASGLIGPLLICYK
543,1,1,LASGLIGPLLICYKE
544,1,1,ASGLIGPLLICYKES
545,1,1,SGLIGPLLICYKESV
546,1,1,GLIGPLLICYKESVD
547,1,1,LIGPLLICYKESVDQ
548,1,1,IGPLLICYKESVDQR
549,1,1,GPLLICYKESVDQRG
550,1,1,PLLICYKESVDQRGN
551,1,1,LLICYKESVDQRGNQ
552,1,1,LICYKESVDQRGNQI
553,1,1,ICYKESVDQRGNQIM
554,1,1,CYKESVDQRGNQIMS
555,1,1,YKESVDQRGNQIMSD
556,1,1,KESVDQRGNQIMSDK
557,1,1,ESVDQRGNQIMSDKR
558,1,1,SVDQRGNQIMSDKRN
559,1,1,VDQRGNQIMSDKRNV
560,1,1,DQRGNQIMSDKRNVI
561,1,1,QRGNQIMSDKRNVIL
562,1,1,RGNQIMSDKRNVILF
563,1,1,GNQIMSDKRNVILFS
564,1,1,NQIMSDKRNVILFSV
565,1,1,QIMSDKRNVILFSVF
566,1,1,IMSDKRNVILFSVFD
567,1,1,MSDKRNVILFSVFDE
568,1,1,SDKRNVILFSVFDEN
569,1,1,DKRNVILFSVFDENR
570,1,1,KRNVILFSVFDENRS
571,1,1,RNVILFSVFDENRSW
572,1,1,NVILFSVFDENRSWY
573,1,1,VILFSVFDENRSWYL
574,1,1,ILFSVFDENRSWYLT
575,1,1,LFSVFDENRSWYLTE
576,1,1,FSVFDENRSWYLTEN
577,1,1,SVFDENRSWYLTENI
578,1,1,VFDENRSWYLTENIQ
579,1,1,FDENRSWYLTENIQR
580,1,1,DENRSWYLTENIQRF
581,1,1,ENRSWYLTENIQRFL
582,1,1,NRSWYLTENIQRFLP
583,1,1,RSWYLTENIQRFLPN
584,1,1,SWYLTENIQRFLPNP
585,1,1,WYLTENIQRFLPNPA
586,1,1,YLTENIQRFLPNPAG
587,1,1,LTENIQRFLPNPAGV
588,1,1,TENIQRFLPNPAGVQ
589,1,1,ENIQRFLPNPAGVQL
590,1,1,NIQRFLPNPAGVQLE
591,1,1,IQRFLPNPAGVQLED
592,1,1,QRFLPNPAGVQLEDP
593,1,1,RFLPNPAGVQLEDPE
594,1,1,FLPNPAGVQLEDPEF
595,1,1,LPNPAGVQLEDPEFQ
596,1,1,PNPAGVQLEDPEFQA
597,1,1,NPAGVQLEDPEFQAS
598,1,1,PAGVQLEDPEFQASN
599,1,1,AGVQLEDPEFQASNI
600,1,1,GVQLEDPEFQASNIM
601,1,1,VQLEDPEFQASNIMH
602,1,1,QLEDPEFQASNIMHS
603,1,1,LEDPEFQASNIMHSI
604,1,1,EDPEFQASNIMHSIN
605,1,1,DPEFQASNIMHSING
606,1,1,PEFQASNIMHSINGY
607,1,1,EFQASNIMHSINGYV
608,1,1,FQASNIMHSINGYVF
609,1,1,QASNIMHSINGYVFD
610,1,1,ASNIMHSINGYVFDS
611,1,1,SNIMHSINGYVFDSL
612,1,1,NIMHSINGYVFDSLQ
613,1,1,IMHSINGYVFDSLQL
614,1,1,MHSINGYVFDSLQLS
615,1,1,HSINGYVFDSLQLSV
616,1,1,SINGYVFDSLQLSVC
617,1,1,INGYVFDSLQLSVCL
618,1,1,NGYVFDSLQLSVCLH
619,1,1,GYVFDSLQLSVCLHE
620,1,1,YVFDSLQLSVCLHEV
621,1,1,VFDSLQLSVCLHEVA
622,1,1,FDSLQLSVCLHEVAY
623,1,1,DSLQLSVCLHEVAYW
624,1,1,SLQLSVCLHEVAYWY
625,1,1,LQLSVCLHEVAYWYI
626,1,1,QLSVCLHEVAYWYIL
627,1,1,LSVCLHEVAYWYILS
628,1,1,SVCLHEVAYWYILSI
629,1,1,VCLHEVAYWYILSIG
630,1,1,CLHEVAYWYILSIGA
631,1,1,LHEVAYWYILSIGAQ
632,1,1,HEVAYWYILSIGAQT
633,1,1,EVAYWYILSIGAQTD
634,1,1,VAYWYILSIGAQTDF
635,1,1,AYWYILSIGAQTDFL
636,1,1,YWYILSIGAQTDFLS
637,1,1,WYILSIGAQTDFLSV
638,1,1,YILSIGAQTDFLSVF
639,1,1,ILSIGAQTDFLSVFF
640,1,1,LSIGAQTDFLSVFFS
641,1,1,SIGAQTDFLSVFFSG
642,1,1,IGAQTDFLSVFFSGY
643,1,1,GAQTDFLSVFFSGYT
644,1,1,AQTDFLSVFFSGYTF
645,1,1,QTDFLSVFFSGYTFK
646,1,1,TDFLSVFFSGYTFKH
647,1,1,DFLSVFFSGYTFKHK
648,1,1,FLSVFFSGYTFKHKM
649,1,1,LSVFFSGYTFKHKMV
650,1,1,SVFFSGYTFKHKMVY
651,1,1,VFFSGYTFKHKMVYE
652,1,1,FFSGYTFKHKMVYED
653,1,1,FSGYTFKHKMVYEDT
654,1,1,SGYTFKHKMVYEDTL
655,1,1,GYTFKHKMVYEDTLT
656,1,1,YTFKHKMVYEDTLTL
657,1,1,TFKHKMVYEDTLTLF
658,1,1,FKHKMVYEDTLTLFP
659,1,1,KHKMVYEDTLTLFPF
660,1,1,HKMVYEDTLTLFPFS
661,1,1,KMVYEDTLTLFPFSG
662,1,1,MVYEDTLTLFPFSGE
663,1,1,VYEDTLTLFPFSGET
664,1,1,YEDTLTLFPFSGETV
665,1,1,EDTLTLFPFSGETVF
666,1,1,DTLTLFPFSGETVFM
667,1,1,TLTLFPFSGETVFMS
668,1,1,LTLFPFSGETVFMSM
669,1,1,TLFPFSGETVFMSME
670,1,1,LFPFSGETVFMSMEN
671,1,1,FPFSGETVFMSMENP
672,1,1,PFSGETVFMSMENPG
673,1,1,FSGETVFMSMENPGL
674,1,1,SGETVFMSMENPGLW
675,1,1,GETVFMSMENPGLWI
676,1,1,ETVFMSMENPGLWIL
677,1,1,TVFMSMENPGLWILG
678,1,1,VFMSMENPGLWILGC
679,1,1,FMSMENPGLWILGCH
680,1,1,MSMENPGLWILGCHN
681,1,1,SMENPGLWILGCHNS
682,1,1,MENPGLWILGCHNSD
683,1,1,ENPGLWILGCHNSDF
684,1,1,NPGLWILGCHNSDFR
685,1,1,PGLWILGCHNSDFRN
686,1,1,GLWILGCHNSDFRNR
687,1,1,LWILGCHNSDFRNRG
688,1,1,WILGCHNSDFRNRGM
689,1,1,ILGCHNSDFRNRGMT
690,1,1,LGCHNSDFRNRGMTA
691,1,1,GCHNSDFRNRGMTAL
692,1,1,CHNSDFRNRGMTALL
693,1,1,HNSDFRNRGMTALLK
694,1,1,NSDFRNRGMTALLKV
695,1,1,SDFRNRGMTALLKVS
696,1,1,DFRNRGMTALLKVSS
697,1,1,FRNRGMTALLKVSSC
698,1,1,RNRGMTALLKVSSCD
699,1,1,NRGMTALLKVSSCDK
700,1,1,RGMTALLKVSSCDKN
701,1,1,GMTALLKVSSCDKNT
702,1,1,MTALLKVSSCDKNTG
703,1,1,TALLKVSSCDKNTGD
704,1,1,ALLKVSSCDKNTGDY
705,1,1,LLKVSSCDKNTGDYY
706,1,1,LKVSSCDKNTGDYYE
707,1,1,KVSSCDKNTGDYYED
708,1,1,VSSCDKNTGDYYEDS
709,1,1,SSCDKNTGDYYEDSY
710,1,1,SCDKNTGDYYEDSYE
711,1,1,CDKNTGDYYEDSYED
712,1,1,DKNTGDYYEDSYEDI
713,1,1,KNTGDYYEDSYEDIS
714,1,1,NTGDYYEDSYEDISA
715,1,1,TGDYYEDSYEDISAY
716,1,1,GDYYEDSYEDISAYL
717,1,1,DYYEDSYEDISAYLL
718,1,1,YYEDSYEDISAYLLS
719,1,1,YEDSYEDISAYLLSK
720,1,1,EDSYEDISAYLLSKN
721,1,1,DSYEDISAYLLSKNN
722,1,1,SYEDISAYLLSKNNA
723,1,1,YEDISAYLLSKNNAI
724,1,1,EDISAYLLSKNNAIE
725,1,1,DISAYLLSKNNAIEP
726,1,1,ISAYLLSKNNAIEPR
727,1,1,SAYLLSKNNAIEPRS
728,1,1,AYLLSKNNAIEPRSF
729,1,1,YLLSKNNAIEPRSFS
730,1,1,LLSKNNAIEPRSFSQ
731,1,1,LSKNNAIEPRSFSQN
732,1,1,SKNNAIEPRSFSQNS
733,1,1,KNNAIEPRSFSQNSR
734,1,1,NNAIEPRSFSQNSRH
735,1,1,NAIEPRSFSQNSRHP
736,1,1,AIEPRSFSQNSRHPS
737,1,1,IEPRSFSQNSRHPST
738,1,1,EPRSFSQNSRHPSTR
739,1,1,PRSFSQNSRHPSTRQ
740,1,1,RSFSQNSRHPSTRQK
741,1,1,SFSQNSRHPSTRQKQ
742,1,1,FSQNSRHPSTRQKQF
743,1,1,SQNSRHPSTRQKQFN
744,1,1,QNSRHPSTRQKQFNA
745,1,1,NSRHPSTRQKQFNAT
746,1,1,SRHPSTRQKQFNATT
747,1,1,RHPSTRQKQFNATTI
748,1,1,HPSTRQKQFNATTIP
749,1,1,PSTRQKQFNATTIPE
750,1,1,STRQKQFNATTIPEN
751,1,1,TRQKQFNATTIPEND
752,1,1,RQKQFNATTIPENDI
753,1,1,QKQFNATTIPENDIE
754,1,1,KQFNATTIPENDIEK
755,1,1,QFNATTIPENDIEKT
756,1,1,FNATTIPENDIEKTD
757,1,1,NATTIPENDIEKTDP
758,1,1,ATTIPENDIEKTDPW
759,1,1,TTIPENDIEKTDPWF
760,1,1,TIPENDIEKTDPWFA
761,1,1,IPENDIEKTDPWFAH
762,1,1,PENDIEKTDPWFAHR
763,1,1,ENDIEKTDPWFAHRT
764,1,1,NDIEKTDPWFAHRTP
765,1,1,DIEKTDPWFAHRTPM
766,1,1,IEKTDPWFAHRTPMP
767,1,1,EKTDPWFAHRTPMPK
768,1,1,KTDPWFAHRTPMPKI
769,1,1,TDPWFAHRTPMPKIQ
770,1,1,DPWFAHRTPMPKIQN
771,1,1,PWFAHRTPMPKIQNV
772,1,1,WFAHRTPMPKIQNVS
773,1,1,FAHRTPMPKIQNVSS
774,1,1,AHRTPMPKIQNVSSS
775,1,1,HRTPMPKIQNVSSSD
776,1,1,RTPMPKIQNVSSSDL
777,1,1,TPMPKIQNVSSSDLL
778,1,1,PMPKIQNVSSSDLLM
779,1,1,MPKIQNVSSSDLLML
780,1,1,PKIQNVSSSDLLMLL
781,1,1,KIQNVSSSDLLMLLR
782,1,1,IQNVSSSDLLMLLRQ
783,1,1,QNVSSSDLLMLLRQS
784,1,1,NVSSSDLLMLLRQSP
785,1,1,VSSSDLLMLLRQSPT
786,1,1,SSSDLLMLLRQSPTP
787,1,1,SSDLLMLLRQSPTPH
788,1,1,SDLLMLLRQSPTPHG
789,1,1,DLLMLLRQSPTPHGL
790,1,1,LLMLLRQSPTPHGLS
791,1,1,LMLLRQSPTPHGLSL
792,1,1,MLLRQSPTPHGLSLS
793,1,1,LLRQSPTPHGLSLSD
794,1,1,LRQSPTPHGLSLSDL
795,1,1,RQSPTPHGLSLSDLQ
796,1,1,QSPTPHGLSLSDLQE
797,1,1,SPTPHGLSLSDLQEA
798,1,1,PTPHGLSLSDLQEAK
799,1,1,TPHGLSLSDLQEAKY
800,1,1,PHGLSLSDLQEAKYE
801,1,1,HGLSLSDLQEAKYET
802,1,1,GLSLSDLQEAKYETF
803,1,1,LSLSDLQEAKYETFS
804,1,1,SLSDLQEAKYETFSD
805,1,1,LSDLQEAKYETFSDD
806,1,1,SDLQEAKYETFSDDP
807,1,1,DLQEAKYETFSDDPS
808,1,1,LQEAKYETFSDDPSP
809,1,1,QEAKYETFSDDPSPG
810,1,1,EAKYETFSDDPSPGA
811,1,1,AKYETFSDDPSPGAI
812,1,1,KYETFSDDPSPGAID
813,1,1,YETFSDDPSPGAIDS
814,1,1,ETFSDDPSPGAIDSN
815,1,1,TFSDDPSPGAIDSNN
816,1,1,FSDDPSPGAIDSNNS
817,1,1,SDDPSPGAIDSNNSL
818,1,1,DDPSPGAIDSNNSLS
819,1,1,DPSPGAIDSNNSLSE
820,1,1,PSPGAIDSNNSLSEM
821,1,1,SPGAIDSNNSLSEMT
822,1,1,PGAIDSNNSLSEMTH
823,1,1,GAIDSNNSLSEMTHF
824,1,1,AIDSNNSLSEMTHFR
825,1,1,IDSNNSLSEMTHFRP
826,1,1,DSNNSLSEMTHFRPQ
827,1,1,SNNSLSEMTHFRPQL
828,1,1,NNSLSEMTHFRPQLH
829,1,1,NSLSEMTHFRPQLHH
830,1,1,SLSEMTHFRPQLHHS
831,1,1,LSEMTHFRPQLHHSG
832,1,1,SEMTHFRPQLHHSGD
833,1,1,EMTHFRPQLHHSGDM
834,1,1,MTHFRPQLHHSGDMV
835,1,1,THFRPQLHHSGDMVF
836,1,1,HFRPQLHHSGDMVFT
837,1,1,FRPQLHHSGDMVFTP
838,1,1,RPQLHHSGDMVFTPE
839,1,1,PQLHHSGDMVFTPES
840,1,1,QLHHSGDMVFTPESG
841,1,1,LHHSGDMVFTPESGL
842,1,1,HHSGDMVFTPESGLQ
843,1,1,HSGDMVFTPESGLQL
844,1,1,SGDMVFTPESGLQLR
845,1,1,GDMVFTPESGLQLRL
846,1,1,DMVFTPESGLQLRLN
847,1,1,MVFTPESGLQLRLNE
848,1,1,VFTPESGLQLRLNEK
849,1,1,FTPESGLQLRLNEKL
850,1,1,TPESGLQLRLNEKLG
851,1,1,PESGLQLRLNEKLGT
852,1,1,ESGLQLRLNEKLGTT
853,1,1,SGLQLRLNEKLGTTA
854,1,1,GLQLRLNEKLGTTAA
855,1,1,LQLRLNEKLGTTAAT
856,1,1,QLRLNEKLGTTAATE
857,1,1,LRLNEKLGTTAATEL
858,1,1,RLNEKLGTTAATELK
859,1,1,LNEKLGTTAATELKK
860,1,1,NEKLGTTAATELKKL
861,1,1,EKLGTTAATELKKLD
862,1,1,KLGTTAATELKKLDF
863,1,1,LGTTAATELKKLDFK
864,1,1,GTTAATELKKLDFKV
865,1,1,TTAATELKKLDFKVS
866,1,1,TAATELKKLDFKVSS
867,1,1,AATELKKLDFKVSST
868,1,1,ATELKKLDFKVSSTS
869,1,1,TELKKLDFKVSSTSN
870,1,1,ELKKLDFKVSSTSNN
871,1,1,LKKLDFKVSSTSNNL
872,1,1,KKLDFKVSSTSNNLI
873,1,1,KLDFKVSSTSNNLIS
874,1,1,LDFKVSSTSNNLIST
875,1,1,DFKVSSTSNNLISTI
876,1,1,FKVSSTSNNLISTIP
877,1,1,KVSSTSNNLISTIPS
878,1,1,VSSTSNNLISTIPSD
879,1,1,SSTSNNLISTIPSDN
880,1,1,STSNNLISTIPSDNL
881,1,1,TSNNLISTIPSDNLA
882,1,1,SNNLISTIPSDNLAA
883,1,1,NNLISTIPSDNLAAG
884,1,1,NLISTIPSDNLAAGT
885,1,1,LISTIPSDNLAAGTD
886,1,1,ISTIPSDNLAAGTDN
887,1,1,STIPSDNLAAGTDNT
888,1,1,TIPSDNLAAGTDNTS
889,1,1,IPSDNLAAGTDNTSS
890,1,1,PSDNLAAGTDNTSSL
891,1,1,SDNLAAGTDNTSSLG
892,1,1,DNLAAGTDNTSSLGP
893,1,1,NLAAGTDNTSSLGPP
894,1,1,LAAGTDNTSSLGPPS
895,1,1,AAGTDNTSSLGPPSM
896,1,1,AGTDNTSSLGPPSMP
897,1,1,GTDNTSSLGPPSMPV
898,1,1,TDNTSSLGPPSMPVH
899,1,1,DNTSSLGPPSMPVHY
900,1,1,NTSSLGPPSMPVHYD
901,1,1,TSSLGPPSMPVHYDS
902,1,1,SSLGPPSMPVHYDSQ
903,1,1,SLGPPSMPVHYDSQL
904,1,1,LGPPSMPVHYDSQLD
905,1,1,GPPSMPVHYDSQLDT
906,1,1,PPSMPVHYDSQLDTT
907,1,1,PSMPVHYDSQLDTTL
908,1,1,SMPVHYDSQLDTTLF
909,1,1,MPVHYDSQLDTTLFG
910,1,1,PVHYDSQLDTTLFGK
911,1,1,VHYDSQLDTTLFGKK
912,1,1,HYDSQLDTTLFGKKS
913,1,1,YDSQLDTTLFGKKSS
914,1,1,DSQLDTTLFGKKSSP
915,1,1,SQLDTTLFGKKSSPL
916,1,1,QLDTTLFGKKSSPLT
917,1,1,LDTTLFGKKSSPLTE
918,1,1,DTTLFGKKSSPLTES
919,1,1,TTLFGKKSSPLTESG
920,1,1,TLFGKKSSPLTESGG
921,1,1,LFGKKSSPLTESGGP
922,1,1,FGKKSSPLTESGGPL
923,1,1,GKKSSPLTESGGPLS
924,1,1,KKSSPLTESGGPLSL
925,1,1,KSSPLTESGGPLSLS
926,1,1,SSPLTESGGPLSLSE
927,1,1,SPLTESGGPLSLSEE
928,1,1,PLTESGGPLSLSEEN
929,1,1,LTESGGPLSLSEENN
930,1,1,TESGGPLSLSEENND
931,1,1,ESGGPLSLSEENNDS
932,1,1,SGGPLSLSEENNDSK
933,1,1,GGPLSLSEENNDSKL
934,1,1,GPLSLSEENNDSKLL
935,1,1,PLSLSEENNDSKLLE
936,1,1,LSLSEENNDSKLLES
937,1,1,SLSEENNDSKLLESG
938,1,1,LSEENNDSKLLESGL
939,1,1,SEENNDSKLLESGLM
940,1,1,EENNDSKLLESGLMN
941,1,1,ENNDSKLLESGLMNS
942,1,1,NNDSKLLESGLMNSQ
943,1,1,NDSKLLESGLMNSQE
944,1,1,DSKLLESGLMNSQES
945,1,1,SKLLESGLMNSQESS
946,1,1,KLLESGLMNSQESSW
947,1,1,LLESGLMNSQESSWG
948,1,1,LESGLMNSQESSWGK
949,1,1,ESGLMNSQESSWGKN
950,1,1,SGLMNSQESSWGKNV
951,1,1,GLMNSQESSWGKNVS
952,1,1,LMNSQESSWGKNVSS
953,1,1,MNSQESSWGKNVSST
954,1,1,NSQESSWGKNVSSTE
955,1,1,SQESSWGKNVSSTES
956,1,1,QESSWGKNVSSTESG
957,1,1,ESSWGKNVSSTESGR
958,1,1,SSWGKNVSSTESGRL
959,1,1,SWGKNVSSTESGRLF
960,1,1,WGKNVSSTESGRLFK
961,1,1,GKNVSSTESGRLFKG
962,1,1,KNVSSTESGRLFKGK
963,1,1,NVSSTESGRLFKGKR
964,1,1,VSSTESGRLFKGKRA
965,1,1,SSTESGRLFKGKRAH
966,1,1,STESGRLFKGKRAHG
967,1,1,TESGRLFKGKRAHGP
968,1,1,ESGRLFKGKRAHGPA
969,1,1,SGRLFKGKRAHGPAL
970,1,1,GRLFKGKRAHGPALL
971,1,1,RLFKGKRAHGPALLT
972,1,1,LFKGKRAHGPALLTK
973,1,1,FKGKRAHGPALLTKD
974,1,1,KGKRAHGPALLTKDN
975,1,1,GKRAHGPALLTKDNA
976,1,1,KRAHGPALLTKDNAL
977,1,1,RAHGPALLTKDNALF
978,1,1,AHGPALLTKDNALFK
979,1,1,HGPALLTKDNALFKV
980,1,1,GPALLTKDNALFKVS
981,1,1,PALLTKDNALFKVSI
982,1,1,ALLTKDNALFKVSIS
983,1,1,LLTKDNALFKVSISL
984,1,1,LTKDNALFKVSISLL
985,1,1,TKDNALFKVSISLLK
986,1,1,KDNALFKVSISLLKT
987,1,1,DNALFKVSISLLKTN
988,1,1,NALFKVSISLLKTNK
989,1,1,ALFKVSISLLKTNKT
990,1,1,LFKVSISLLKTNKTS
991,1,1,FKVSISLLKTNKTSN
992,1,1,KVSISLLKTNKTSNN
993,1,1,VSISLLKTNKTSNNS
994,1,1,SISLLKTNKTSNNSA
995,1,1,ISLLKTNKTSNNSAT
996,1,1,SLLKTNKTSNNSATN
997,1,1,LLKTNKTSNNSATNR
998,1,1,LKTNKTSNNSATNRK
999,1,1,KTNKTSNNSATNRKT
1000,1,1,TNKTSNNSATNRKTH
1001,1,1,NKTSNNSATNRKTHI
1002,1,1,KTSNNSATNRKTHID
1003,1,1,TSNNSATNRKTHIDG
1004,1,1,SNNSATNRKTHIDGP
1005,1,1,NNSATNRKTHIDGPS
1006,1,1,NSATNRKTHIDGPSL
1007,1,1,SATNRKTHIDGPSLL
1008,1,1,ATNRKTHIDGPSLLI
1009,1,1,TNRKTHIDGPSLLIE
1010,1,1,NRKTHIDGPSLLIEN
1011,1,1,RKTHIDGPSLLIENS
1012,1,1,KTHIDGPSLLIENSP
1013,1,1,THIDGPSLLIENSPS
1014,1,1,HIDGPSLLIENSPSV
1015,1,1,IDGPSLLIENSPSVW
1016,1,1,DGPSLLIENSPSVWQ
1017,1,1,GPSLLIENSPSVWQN
1018,1,1,PSLLIENSPSVWQNI
1019,1,1,SLLIENSPSVWQNIL
1020,1,1,LLIENSPSVWQNILE
1021,1,1,LIENSPSVWQNILES
1022,1,1,IENSPSVWQNILESD
1023,1,1,ENSPSVWQNILESDT
1024,1,1,NSPSVWQNILESDTE
1025,1,1,SPSVWQNILESDTEF
1026,1,1,PSVWQNILESDTEFK
1027,1,1,SVWQNILESDTEFKK
1028,1,1,VWQNILESDTEFKKV
1029,1,1,WQNILESDTEFKKVT
1030,1,1,QNILESDTEFKKVTP
1031,1,1,NILESDTEFKKVTPL
1032,1,1,ILESDTEFKKVTPLI
1033,1,1,LESDTEFKKVTPLIH
1034,1,1,ESDTEFKKVTPLIHD
1035,1,1,SDTEFKKVTPLIHDR
1036,1,1,DTEFKKVTPLIHDRM
1037,1,1,TEFKKVTPLIHDRML
1038,1,1,EFKKVTPLIHDRMLM
1039,1,1,FKKVTPLIHDRMLMD
1040,1,1,KKVTPLIHDRMLMDK
1041,1,1,KVTPLIHDRMLMDKN
1042,1,1,VTPLIHDRMLMDKNA
1043,1,1,TPLIHDRMLMDKNAT
1044,1,1,PLIHDRMLMDKNATA
1045,1,1,LIHDRMLMDKNATAL
1046,1,1,IHDRMLMDKNATALR
1047,1,1,HDRMLMDKNATALRL
1048,1,1,DRMLMDKNATALRLN
1049,1,1,RMLMDKNATALRLNH
1050,1,1,MLMDKNATALRLNHM
1051,1,1,LMDKNATALRLNHMS
1052,1,1,MDKNATALRLNHMSN
1053,1,1,DKNATALRLNHMSNK
1054,1,1,KNATALRLNHMSNKT
1055,1,1,NATALRLNHMSNKTT
1056,1,1,ATALRLNHMSNKTTS
1057,1,1,TALRLNHMSNKTTSS
1058,1,1,ALRLNHMSNKTTSSK
1059,1,1,LRLNHMSNKTTSSKN
1060,1,1,RLNHMSNKTTSSKNM
1061,1,1,LNHMSNKTTSSKNME
1062,1,1,NHMSNKTTSSKNMEM
1063,1,1,HMSNKTTSSKNMEMV
1064,1,1,MSNKTTSSKNMEMVQ
1065,1,1,SNKTTSSKNMEMVQQ
1066,1,1,NKTTSSKNMEMVQQK
1067,1,1,KTTSSKNMEMVQQKK
1068,1,1,TTSSKNMEMVQQKKE
1069,1,1,TSSKNMEMVQQKKEG
1070,1,1,SSKNMEMVQQKKEGP
1071,1,1,SKNMEMVQQKKEGPI
1072,1,1,KNMEMVQQKKEGPIP
1073,1,1,NMEMVQQKKEGPIPP
1074,1,1,MEMVQQKKEGPIPPD
1075,1,1,EMVQQKKEGPIPPDA
1076,1,1,MVQQKKEGPIPPDAQ
1077,1,1,VQQKKEGPIPPDAQN
1078,1,1,QQKKEGPIPPDAQNP
1079,1,1,QKKEGPIPPDAQNPD
1080,1,1,KKEGPIPPDAQNPDM
1081,1,1,KEGPIPPDAQNPDMS
1082,1,1,EGPIPPDAQNPDMSF
1083,1,1,GPIPPDAQNPDMSFF
1084,1,1,PIPPDAQNPDMSFFK
1085,1,1,IPPDAQNPDMSFFKM
1086,1,1,PPDAQNPDMSFFKML
1087,1,1,PDAQNPDMSFFKMLF
1088,1,1,DAQNPDMSFFKMLFL
1089,1,1,AQNPDMSFFKMLFLP
1090,1,1,QNPDMSFFKMLFLPE
1091,1,1,NPDMSFFKMLFLPES
1092,1,1,PDMSFFKMLFLPESA
1093,1,1,DMSFFKMLFLPESAR
1094,1,1,MSFFKMLFLPESARW
1095,1,1,SFFKMLFLPESARWI
1096,1,1,FFKMLFLPESARWIQ
1097,1,1,FKMLFLPESARWIQR
1098,1,1,KMLFLPESARWIQRT
1099,1,1,MLFLPESARWIQRTH
1100,1,1,LFLPESARWIQRTHG
1101,1,1,FLPESARWIQRTHGK
1102,1,1,LPESARWIQRTHGKN
1103,1,1,PESARWIQRTHGKNS
1104,1,1,ESARWIQRTHGKNSL
1105,1,1,SARWIQRTHGKNSLN
1106,1,1,ARWIQRTHGKNSLNS
1107,1,1,RWIQRTHGKNSLNSG
1108,1,1,WIQRTHGKNSLNSGQ
1109,1,1,IQRTHGKNSLNSGQG
1110,1,1,QRTHGKNSLNSGQGP
1111,1,1,RTHGKNSLNSGQGPS
1112,1,1,THGKNSLNSGQGPSP
1113,1,1,HGKNSLNSGQGPSPK
1114,1,1,GKNSLNSGQGPSPKQ
1115,1,1,KNSLNSGQGPSPKQL
1116,1,1,NSLNSGQGPSPKQLV
1117,1,1,SLNSGQGPSPKQLVS
1118,1,1,LNSGQGPSPKQLVSL
1119,1,1,NSGQGPSPKQLVSLG
1120,1,1,SGQGPSPKQLVSLGP
1121,1,1,GQGPSPKQLVSLGPE
1122,1,1,QGPSPKQLVSLGPEK
1123,1,1,GPSPKQLVSLGPEKS
1124,1,1,PSPKQLVSLGPEKSV
1125,1,1,SPKQLVSLGPEKSVE
1126,1,1,PKQLVSLGPEKSVEG
1127,1,1,KQLVSLGPEKSVEGQ
1128,1,1,QLVSLGPEKSVEGQN
1129,1,1,LVSLGPEKSVEGQNF
1130,1,1,VSLGPEKSVEGQNFL
1131,1,1,SLGPEKSVEGQNFLS
1132,1,1,LGPEKSVEGQNFLSE
1133,1,1,GPEKSVEGQNFLSEK
1134,1,1,PEKSVEGQNFLSEKN
1135,1,1,EKSVEGQNFLSEKNK
1136,1,1,KSVEGQNFLSEKNKV
1137,1,1,SVEGQNFLSEKNKVV
1138,1,1,VEGQNFLSEKNKVVV
1139,1,1,EGQNFLSEKNKVVVG
1140,1,1,GQNFLSEKNKVVVGK
1141,1,1,QNFLSEKNKVVVGKG
1142,1,1,NFLSEKNKVVVGKGE
1143,1,1,FLSEKNKVVVGKGEF
1144,1,1,LSEKNKVVVGKGEFT
1145,1,1,SEKNKVVVGKGEFTK
1146,1,1,EKNKVVVGKGEFTKD
1147,1,1,KNKVVVGKGEFTKDV
1148,1,1,NKVVVGKGEFTKDVG
1149,1,1,KVVVGKGEFTKDVGL
1150,1,1,VVVGKGEFTKDVGLK
1151,1,1,VVGKGEFTKDVGLKE
1152,1,1,VGKGEFTKDVGLKEM
1153,1,1,GKGEFTKDVGLKEMV
1154,1,1,KGEFTKDVGLKEMVF
1155,1,1,GEFTKDVGLKEMVFP
1156,1,1,EFTKDVGLKEMVFPS
1157,1,1,FTKDVGLKEMVFPSS
1158,1,1,TKDVGLKEMVFPSSR
1159,1,1,KDVGLKEMVFPSSRN
1160,1,1,DVGLKEMVFPSSRNL
1161,1,1,VGLKEMVFPSSRNLF
1162,1,1,GLKEMVFPSSRNLFL
1163,1,1,LKEMVFPSSRNLFLT
1164,1,1,KEMVFPSSRNLFLTN
1165,1,1,EMVFPSSRNLFLTNL
1166,1,1,MVFPSSRNLFLTNLD
1167,1,1,VFPSSRNLFLTNLDN
1168,1,1,FPSSRNLFLTNLDNL
1169,1,1,PSSRNLFLTNLDNLH
1170,1,1,SSRNLFLTNLDNLHE
1171,1,1,SRNLFLTNLDNLHEN
1172,1,1,RNLFLTNLDNLHENN
1173,1,1,NLFLTNLDNLHENNT
1174,1,1,LFLTNLDNLHENNTH
1175,1,1,FLTNLDNLHENNTHN
1176,1,1,LTNLDNLHENNTHNQ
1177,1,1,TNLDNLHENNTHNQE
1178,1,1,NLDNLHENNTHNQEK
1179,1,1,LDNLHENNTHNQEKK
1180,1,1,DNLHENNTHNQEKKI
1181,1,1,NLHENNTHNQEKKIQ
1182,1,1,LHENNTHNQEKKIQE
1183,1,1,HENNTHNQEKKIQEE
1184,1,1,ENNTHNQEKKIQEEI
1185,1,1,NNTHNQEKKIQEEIE
1186,1,1,NTHNQEKKIQEEIEK
1187,1,1,THNQEKKIQEEIEKK
1188,1,1,HNQEKKIQEEIEKKE
1189,1,1,NQEKKIQEEIEKKET
1190,1,1,QEKKIQEEIEKKETL
1191,1,1,EKKIQEEIEKKETLI
1192,1,1,KKIQEEIEKKETLIQ
1193,1,1,KIQEEIEKKETLIQE
1194,1,1,IQEEIEKKETLIQEN
1195,1,1,QEEIEKKETLIQENV
1196,1,1,EEIEKKETLIQENVV
1197,1,1,EIEKKETLIQENVVL
1198,1,1,IEKKETLIQENVVLP
1199,1,1,EKKETLIQENVVLPQ
1200,1,1,KKETLIQENVVLPQI
1201,1,1,KETLIQENVVLPQIH
1202,1,1,ETLIQENVVLPQIHT
1203,1,1,TLIQENVVLPQIHTV
1204,1,1,LIQENVVLPQIHTVT
1205,1,1,IQENVVLPQIHTVTG
1206,1,1,QENVVLPQIHTVTGT
1207,1,1,ENVVLPQIHTVTGTK
1208,1,1,NVVLPQIHTVTGTKN
1209,1,1,VVLPQIHTVTGTKNF
1210,1,1,VLPQIHTVTGTKNFM
1211,1,1,LPQIHTVTGTKNFMK
1212,1,1,PQIHTVTGTKNFMKN
1213,1,1,QIHTVTGTKNFMKNL
1214,1,1,IHTVTGTKNFMKNLF
1215,1,1,HTVTGTKNFMKNLFL
1216,1,1,TVTGTKNFMKNLFLL
1217,1,1,VTGTKNFMKNLFLLS
1218,1,1,TGTKNFMKNLFLLST
1219,1,1,GTKNFMKNLFLLSTR
1220,1,1,TKNFMKNLFLLSTRQ
1221,1,1,KNFMKNLFLLSTRQN
1222,1,1,NFMKNLFLLSTRQNV
1223,1,1,FMKNLFLLSTRQNVE
1224,1,1,MKNLFLLSTRQNVEG
1225,1,1,KNLFLLSTRQNVEGS
1226,1,1,NLFLLSTRQNVEGSY
1227,1,1,LFLLSTRQNVEGSYD
1228,1,1,FLLSTRQNVEGSYDG
1229,1,1,LLSTRQNVEGSYDGA
1230,1,1,LSTRQNVEGSYDGAY
1231,1,1,STRQNVEGSYDGAYA
1232,1,1,TRQNVEGSYDGAYAP
1233,1,1,RQNVEGSYDGAYAPV
1234,1,1,QNVEGSYDGAYAPVL
1235,1,1,NVEGSYDGAYAPVLQ
1236,1,1,VEGSYDGAYAPVLQD
1237,1,1,EGSYDGAYAPVLQDF
1238,1,1,GSYDGAYAPVLQDFR
1239,1,1,SYDGAYAPVLQDFRS
1240,1,1,YDGAYAPVLQDFRSL
1241,1,1,DGAYAPVLQDFRSLN
1242,1,1,GAYAPVLQDFRSLND
1243,1,1,AYAPVLQDFRSLNDS
1244,1,1,YAPVLQDFRSLNDST
1245,1,1,APVLQDFRSLNDSTN
1246,1,1,PVLQDFRSLNDSTNR
1247,1,1,VLQDFRSLNDSTNRT
1248,1,1,LQDFRSLNDSTNRTK
1249,1,1,QDFRSLNDSTNRTKK
1250,1,1,DFRSLNDSTNRTKKH
1251,1,1,FRSLNDSTNRTKKHT
1252,1,1,RSLNDSTNRTKKHTA
1253,1,1,SLNDSTNRTKKHTAH
1254,1,1,LNDSTNRTKKHTAHF
1255,1,1,NDSTNRTKKHTAHFS
1256,1,1,DSTNRTKKHTAHFSK
1257,1,1,STNRTKKHTAHFSKK
1258,1,1,TNRTKKHTAHFSKKG
1259,1,1,NRTKKHTAHFSKKGE
1260,1,1,RTKKHTAHFSKKGEE
1261,1,1,TKKHTAHFSKKGEEE
1262,1,1,KKHTAHFSKKGEEEN
1263,1,1,KHTAHFSKKGEEENL
1264,1,1,HTAHFSKKGEEENLE
1265,1,1,TAHFSKKGEEENLEG
1266,1,1,AHFSKKGEEENLEGL
1267,1,1,HFSKKGEEENLEGLG
1268,1,1,FSKKGEEENLEGLGN
1269,1,1,SKKGEEENLEGLGNQ
1270,1,1,KKGEEENLEGLGNQT
1271,1,1,KGEEENLEGLGNQTK
1272,1,1,GEEENLEGLGNQTKQ
1273,1,1,EEENLEGLGNQTKQI
1274,1,1,EENLEGLGNQTKQIV
1275,1,1,ENLEGLGNQTKQIVE
1276,1,1,NLEGLGNQTKQIVEK
1277,1,1,LEGLGNQTKQIVEKY
1278,1,1,EGLGNQTKQIVEKYA
1279,1,1,GLGNQTKQIVEKYAC
1280,1,1,LGNQTKQIVEKYACT
1281,1,1,GNQTKQIVEKYACTT
1282,1,1,NQTKQIVEKYACTTR
1283,1,1,QTKQIVEKYACTTRI
1284,1,1,TKQIVEKYACTTRIS
1285,1,1,KQIVEKYACTTRISP
1286,1,1,QIVEKYACTTRISPN
1287,1,1,IVEKYACTTRISPNT
1288,1,1,VEKYACTTRISPNTS
1289,1,1,EKYACTTRISPNTSQ
1290,1,1,KYACTTRISPNTSQQ
1291,1,1,YACTTRISPNTSQQN
1292,1,1,ACTTRISPNTSQQNF
1293,1,1,CTTRISPNTSQQNFV
1294,1,1,TTRISPNTSQQNFVT
1295,1,1,TRISPNTSQQNFVTQ
1296,1,1,RISPNTSQQNFVTQR
1297,1,1,ISPNTSQQNFVTQRS
1298,1,1,SPNTSQQNFVTQRSK
1299,1,1,PNTSQQNFVTQRSKR
1300,1,1,NTSQQNFVTQRSKRA
1301,1,1,TSQQNFVTQRSKRAL
1302,1,1,SQQNFVTQRSKRALK
1303,1,1,QQNFVTQRSKRALKQ
1304,1,1,QNFVTQRSKRALKQF
1305,1,1,NFVTQRSKRALKQFR
1306,1,1,FVTQRSKRALKQFRL
1307,1,1,VTQRSKRALKQFRLP
1308,1,1,TQRSKRALKQFRLPL
1309,1,1,QRSKRALKQFRLPLE
1310,1,1,RSKRALKQFRLPLEE
1311,1,1,SKRALKQFRLPLEET
1312,1,1,KRALKQFRLPLEETE
1313,1,1,RALKQFRLPLEETEL
1314,1,1,ALKQFRLPLEETELE
1315,1,1,LKQFRLPLEETELEK
1316,1,1,KQFRLPLEETELEKR
1317,1,1,QFRLPLEETELEKRI
1318,1,1,FRLPLEETELEKRII
1319,1,1,RLPLEETELEKRIIV
1320,1,1,LPLEETELEKRIIVD
1321,1,1,PLEETELEKRIIVDD
1322,1,1,LEETELEKRIIVDDT
1323,1,1,EETELEKRIIVDDTS
1324,1,1,ETELEKRIIVDDTST
1325,1,1,TELEKRIIVDDTSTQ
1326,1,1,ELEKRIIVDDTSTQW
1327,1,1,LEKRIIVDDTSTQWS
1328,1,1,EKRIIVDDTSTQWSK
1329,1,1,KRIIVDDTSTQWSKN
1330,1,1,RIIVDDTSTQWSKNM
1331,1,1,IIVDDTSTQWSKNMK
1332,1,1,IVDDTSTQWSKNMKH
1333,1,1,VDDTSTQWSKNMKHL
1334,1,1,DDTSTQWSKNMKHLT
1335,1,1,DTSTQWSKNMKHLTP
1336,1,1,TSTQWSKNMKHLTPS
1337,1,1,STQWSKNMKHLTPST
1338,1,1,TQWSKNMKHLTPSTL
1339,1,1,QWSKNMKHLTPSTLT
1340,1,1,WSKNMKHLTPSTLTQ
1341,1,1,SKNMKHLTPSTLTQI
1342,1,1,KNMKHLTPSTLTQID
1343,1,1,NMKHLTPSTLTQIDY
1344,1,1,MKHLTPSTLTQIDYN
1345,1,1,KHLTPSTLTQIDYNE
1346,1,1,HLTPSTLTQIDYNEK
1347,1,1,LTPSTLTQIDYNEKE
1348,1,1,TPSTLTQIDYNEKEK
1349,1,1,PSTLTQIDYNEKEKG
1350,1,1,STLTQIDYNEKEKGA
1351,1,1,TLTQIDYNEKEKGAI
1352,1,1,LTQIDYNEKEKGAIT
1353,1,1,TQIDYNEKEKGAITQ
1354,1,1,QIDYNEKEKGAITQS
1355,1,1,IDYNEKEKGAITQSP
1356,1,1,DYNEKEKGAITQSPL
1357,1,1,YNEKEKGAITQSPLS
1358,1,1,NEKEKGAITQSPLSD
1359,1,1,EKEKGAITQSPLSDC
1360,1,1,KEKGAITQSPLSDCL
1361,1,1,EKGAITQSPLSDCLT
1362,1,1,KGAITQSPLSDCLTR
1363,1,1,GAITQSPLSDCLTRS
1364,1,1,AITQSPLSDCLTRSH
1365,1,1,ITQSPLSDCLTRSHS
1366,1,1,TQSPLSDCLTRSHSI
1367,1,1,QSPLSDCLTRSHSIP
1368,1,1,SPLSDCLTRSHSIPQ
1369,1,1,PLSDCLTRSHSIPQA
1370,1,1,LSDCLTRSHSIPQAN
1371,1,1,SDCLTRSHSIPQANR
1372,1,1,DCLTRSHSIPQANRS
1373,1,1,CLTRSHSIPQANRSP
1374,1,1,LTRSHSIPQANRSPL
1375,1,1,TRSHSIPQANRSPLP
1376,1,1,RSHSIPQANRSPLPI
1377,1,1,SHSIPQANRSPLPIA
1378,1,1,HSIPQANRSPLPIAK
1379,1,1,SIPQANRSPLPIAKV
1380,1,1,IPQANRSPLPIAKVS
1381,1,1,PQANRSPLPIAKVSS
1382,1,1,QANRSPLPIAKVSSF
1383,1,1,ANRSPLPIAKVSSFP
1384,1,1,NRSPLPIAKVSSFPS
1385,1,1,RSPLPIAKVSSFPSI
1386,1,1,SPLPIAKVSSFPSIR
1387,1,1,PLPIAKVSSFPSIRP
1388,1,1,LPIAKVSSFPSIRPI
1389,1,1,PIAKVSSFPSIRPIY
1390,1,1,IAKVSSFPSIRPIYL
1391,1,1,AKVSSFPSIRPIYLT
1392,1,1,KVSSFPSIRPIYLTR
1393,1,1,VSSFPSIRPIYLTRV
1394,1,1,SSFPSIRPIYLTRVL
1395,1,1,SFPSIRPIYLTRVLF
1396,1,1,FPSIRPIYLTRVLFQ
1397,1,1,PSIRPIYLTRVLFQD
1398,1,1,SIRPIYLTRVLFQDN
1399,1,1,IRPIYLTRVLFQDNS
1400,1,1,RPIYLTRVLFQDNSS
1401,1,1,PIYLTRVLFQDNSSH
1402,1,1,IYLTRVLFQDNSSHL
1403,1,1,YLTRVLFQDNSSHLP
1404,1,1,LTRVLFQDNSSHLPA
1405,1,1,TRVLFQDNSSHLPAA
1406,1,1,RVLFQDNSSHLPAAS
1407,1,1,VLFQDNSSHLPAASY
1408,1,1,LFQDNSSHLPAASYR
1409,1,1,FQDNSSHLPAASYRK
1410,1,1,QDNSSHLPAASYRKK
1411,1,1,DNSSHLPAASYRKKD
1412,1,1,NSSHLPAASYRKKDS
1413,1,1,SSHLPAASYRKKDSG
1414,1,1,SHLPAASYRKKDSGV
1415,1,1,HLPAASYRKKDSGVQ
1416,1,1,LPAASYRKKDSGVQE
1417,1,1,PAASYRKKDSGVQES
1418,1,1,AASYRKKDSGVQESS
1419,1,1,ASYRKKDSGVQESSH
1420,1,1,SYRKKDSGVQESSHF
1421,1,1,YRKKDSGVQESSHFL
1422,1,1,RKKDSGVQESSHFLQ
1423,1,1,KKDSGVQESSHFLQG
1424,1,1,KDSGVQESSHFLQGA
1425,1,1,DSGVQESSHFLQGAK
1426,1,1,SGVQESSHFLQGAKK
1427,1,1,GVQESSHFLQGAKKN
1428,1,1,VQESSHFLQGAKKNN
1429,1,1,QESSHFLQGAKKNNL
1430,1,1,ESSHFLQGAKKNNLS
1431,1,1,SSHFLQGAKKNNLSL
1432,1,1,SHFLQGAKKNNLSLA
1433,1,1,HFLQGAKKNNLSLAI
1434,1,1,FLQGAKKNNLSLAIL
1435,1,1,LQGAKKNNLSLAILT
1436,1,1,QGAKKNNLSLAILTL
1437,1,1,GAKKNNLSLAILTLE
1438,1,1,AKKNNLSLAILTLEM
1439,1,1,KKNNLSLAILTLEMT
1440,1,1,KNNLSLAILTLEMTG
1441,1,1,NNLSLAILTLEMTGD
1442,1,1,NLSLAILTLEMTGDQ
1443,1,1,LSLAILTLEMTGDQR
1444,1,1,SLAILTLEMTGDQRE
1445,1,1,LAILTLEMTGDQREV
1446,1,1,AILTLEMTGDQREVG
1447,1,1,ILTLEMTGDQREVGS
1448,1,1,LTLEMTGDQREVGSL
1449,1,1,TLEMTGDQREVGSLG
1450,1,1,LEMTGDQREVGSLGT
1451,1,1,EMTGDQREVGSLGTS
1452,1,1,MTGDQREVGSLGTSA
1453,1,1,TGDQREVGSLGTSAT
1454,1,1,GDQREVGSLGTSATN
1455,1,1,DQREVGSLGTSATNS
1456,1,1,QREVGSLGTSATNSV
1457,1,1,REVGSLGTSATNSVT
1458,1,1,EVGSLGTSATNSVTY
1459,1,1,VGSLGTSATNSVTYK
1460,1,1,GSLGTSATNSVTYKK
1461,1,1,SLGTSATNSVTYKKV
1462,1,1,LGTSATNSVTYKKVE
1463,1,1,GTSATNSVTYKKVEN
1464,1,1,TSATNSVTYKKVENT
1465,1,1,SATNSVTYKKVENTV
1466,1,1,ATNSVTYKKVENTVL
1467,1,1,TNSVTYKKVENTVLP
1468,1,1,NSVTYKKVENTVLPK
1469,1,1,SVTYKKVENTVLPKP
1470,1,1,VTYKKVENTVLPKPD
1471,1,1,TYKKVENTVLPKPDL
1472,1,1,YKKVENTVLPKPDLP
1473,1,1,KKVENTVLPKPDLPK
1474,1,1,KVENTVLPKPDLPKT
1475,1,1,VENTVLPKPDLPKTS
1476,1,1,ENTVLPKPDLPKTSG
1477,1,1,NTVLPKPDLPKTSGK
1478,1,1,TVLPKPDLPKTSGKV
1479,1,1,VLPKPDLPKTSGKVE
1480,1,1,LPKPDLPKTSGKVEL
1481,1,1,PKPDLPKTSGKVELL
1482,1,1,KPDLPKTSGKVELLP
1483,1,1,PDLPKTSGKVELLPK
1484,1,1,DLPKTSGKVELLPKV
1485,1,1,LPKTSGKVELLPKVH
1486,1,1,PKTSGKVELLPKVHI
1487,1,1,KTSGKVELLPKVHIY
1488,1,1,TSGKVELLPKVHIYQ
1489,1,1,SGKVELLPKVHIYQK
1490,1,1,GKVELLPKVHIYQKD
1491,1,1,KVELLPKVHIYQKDL
1492,1,1,VELLPKVHIYQKDLF
1493,1,1,ELLPKVHIYQKDLFP
1494,1,1,LLPKVHIYQKDLFPT
1495,1,1,LPKVHIYQKDLFPTE
1496,1,1,PKVHIYQKDLFPTET
1497,1,1,KVHIYQKDLFPTETS
1498,1,1,VHIYQKDLFPTETSN
1499,1,1,HIYQKDLFPTETSNG
1500,1,1,IYQKDLFPTETSNGS
1501,1,1,YQKDLFPTETSNGSP
1502,1,1,QKDLFPTETSNGSPG
1503,1,1,KDLFPTETSNGSPGH
1504,1,1,DLFPTETSNGSPGHL
1505,1,1,LFPTETSNGSPGHLD
1506,1,1,FPTETSNGSPGHLDL
1507,1,1,PTETSNGSPGHLDLV
1508,1,1,TETSNGSPGHLDLVE
1509,1,1,ETSNGSPGHLDLVEG
1510,1,1,TSNGSPGHLDLVEGS
1511,1,1,SNGSPGHLDLVEGSL
1512,1,1,NGSPGHLDLVEGSLL
1513,1,1,GSPGHLDLVEGSLLQ
1514,1,1,SPGHLDLVEGSLLQG
1515,1,1,PGHLDLVEGSLLQGT
1516,1,1,GHLDLVEGSLLQGTE
1517,1,1,HLDLVEGSLLQGTEG
1518,1,1,LDLVEGSLLQGTEGA
1519,1,1,DLVEGSLLQGTEGAI
1520,1,1,LVEGSLLQGTEGAIK
1521,1,1,VEGSLLQGTEGAIKW
1522,1,1,EGSLLQGTEGAIKWN
1523,1,1,GSLLQGTEGAIKWNE
1524,1,1,SLLQGTEGAIKWNEA
1525,1,1,LLQGTEGAIKWNEAN
1526,1,1,LQGTEGAIKWNEANR
1527,1,1,QGTEGAIKWNEANRP
1528,1,1,GTEGAIKWNEANRPG
1529,1,1,TEGAIKWNEANRPGK
1530,1,1,EGAIKWNEANRPGKV
1531,1,1,GAIKWNEANRPGKVP
1532,1,1,AIKWNEANRPGKVPF
1533,1,1,IKWNEANRPGKVPFL
1534,1,1,KWNEANRPGKVPFLR
1535,1,1,WNEANRPGKVPFLRV
1536,1,1,NEANRPGKVPFLRVA
1537,1,1,EANRPGKVPFLRVAT
1538,1,1,ANRPGKVPFLRVATE
1539,1,1,NRPGKVPFLRVATES
1540,1,1,RPGKVPFLRVATESS
1541,1,1,PGKVPFLRVATESSA
1542,1,1,GKVPFLRVATESSAK
1543,1,1,KVPFLRVATESSAKT
1544,1,1,VPFLRVATESSAKTP
1545,1,1,PFLRVATESSAKTPS
1546,1,1,FLRVATESSAKTPSK
1547,1,1,LRVATESSAKTPSKL
1548,1,1,RVATESSAKTPSKLL
1549,1,1,VATESSAKTPSKLLD
1550,1,1,ATESSAKTPSKLLDP
1551,1,1,TESSAKTPSKLLDPL
1552,1,1,ESSAKTPSKLLDPLA
1553,1,1,SSAKTPSKLLDPLAW
1554,1,1,SAKTPSKLLDPLAWD
1555,1,1,AKTPSKLLDPLAWDN
1556,1,1,KTPSKLLDPLAWDNH
1557,1,1,TPSKLLDPLAWDNHY
1558,1,1,PSKLLDPLAWDNHYG
1559,1,1,SKLLDPLAWDNHYGT
1560,1,1,KLLDPLAWDNHYGTQ
1561,1,1,LLDPLAWDNHYGTQI
1562,1,1,LDPLAWDNHYGTQIP
1563,1,1,DPLAWDNHYGTQIPK
1564,1,1,PLAWDNHYGTQIPKE
1565,1,1,LAWDNHYGTQIPKEE
1566,1,1,AWDNHYGTQIPKEEW
1567,1,1,WDNHYGTQIPKEEWK
1568,1,1,DNHYGTQIPKEEWKS
1569,1,1,NHYGTQIPKEEWKSQ
1570,1,1,HYGTQIPKEEWKSQE
1571,1,1,YGTQIPKEEWKSQEK
1572,1,1,GTQIPKEEWKSQEKS
1573,1,1,TQIPKEEWKSQEKSP
1574,1,1,QIPKEEWKSQEKSPE
1575,1,1,IPKEEWKSQEKSPEK
1576,1,1,PKEEWKSQEKSPEKT
1577,1,1,KEEWKSQEKSPEKTA
1578,1,1,EEWKSQEKSPEKTAF
1579,1,1,EWKSQEKSPEKTAFK
1580,1,1,WKSQEKSPEKTAFKK
1581,1,1,KSQEKSPEKTAFKKK
1582,1,1,SQEKSPEKTAFKKKD
1583,1,1,QEKSPEKTAFKKKDT
1584,1,1,EKSPEKTAFKKKDTI
1585,1,1,KSPEKTAFKKKDTIL
1586,1,1,SPEKTAFKKKDTILS
1587,1,1,PEKTAFKKKDTILSL
1588,1,1,EKTAFKKKDTILSLN
1589,1,1,KTAFKKKDTILSLNA
1590,1,1,TAFKKKDTILSLNAC
1591,1,1,AFKKKDTILSLNACE
1592,1,1,FKKKDTILSLNACES
1593,1,1,KKKDTILSLNACESN
1594,1,1,KKDTILSLNACESNH
1595,1,1,KDTILSLNACESNHA
1596,1,1,DTILSLNACESNHAI
1597,1,1,TILSLNACESNHAIA
1598,1,1,ILSLNACESNHAIAA
1599,1,1,LSLNACESNHAIAAI
1600,1,1,SLNACESNHAIAAIN
1601,1,1,LNACESNHAIAAINE
1602,1,1,NACESNHAIAAINEG
1603,1,1,ACESNHAIAAINEGQ
1604,1,1,CESNHAIAAINEGQN
1605,1,1,ESNHAIAAINEGQNK
1606,1,1,SNHAIAAINEGQNKP
1607,1,1,NHAIAAINEGQNKPE
1608,1,1,HAIAAINEGQNKPEI
1609,1,1,AIAAINEGQNKPEIE
1610,1,1,IAAINEGQNKPEIEV
1611,1,1,AAINEGQNKPEIEVT
1612,1,1,AINEGQNKPEIEVTW
1613,1,1,INEGQNKPEIEVTWA
1614,1,1,NEGQNKPEIEVTWAK
1615,1,1,EGQNKPEIEVTWAKQ
1616,1,1,GQNKPEIEVTWAKQG
1617,1,1,QNKPEIEVTWAKQGR
1618,1,1,NKPEIEVTWAKQGRT
1619,1,1,KPEIEVTWAKQGRTE
1620,1,1,PEIEVTWAKQGRTER
1621,1,1,EIEVTWAKQGRTERL
1622,1,1,IEVTWAKQGRTERLC
1623,1,1,EVTWAKQGRTERLCS
1624,1,1,VTWAKQGRTERLCSQ
1625,1,1,TWAKQGRTERLCSQN
1626,1,1,WAKQGRTERLCSQNP
1627,1,1,AKQGRTERLCSQNPP
1628,1,1,KQGRTERLCSQNPPV
1629,1,1,QGRTERLCSQNPPVL
1630,1,1,GRTERLCSQNPPVLK
1631,1,1,RTERLCSQNPPVLKR
1632,1,1,TERLCSQNPPVLKRH
1633,1,1,ERLCSQNPPVLKRHQ
1634,1,1,RLCSQNPPVLKRHQR
1635,1,1,LCSQNPPVLKRHQRE
1636,1,1,CSQNPPVLKRHQREI
1637,1,1,SQNPPVLKRHQREIT
1638,1,1,QNPPVLKRHQREITR
1639,1,1,NPPVLKRHQREITRT
1640,1,1,PPVLKRHQREITRTT
1641,1,1,PVLKRHQREITRTTL
1642,1,1,VLKRHQREITRTTLQ
1643,1,1,LKRHQREITRTTLQS
1644,1,1,KRHQREITRTTLQSD
1645,1,1,RHQREITRTTLQSDQ
1646,1,1,HQREITRTTLQSDQE
1647,1,1,QREITRTTLQSDQEE
1648,1,1,REITRTTLQSDQEEI
1649,1,1,EITRTTLQSDQEEID
1650,1,1,ITRTTLQSDQEEIDY
1651,1,1,TRTTLQSDQEEIDYD
1652,1,1,RTTLQSDQEEIDYDD
1653,1,1,TTLQSDQEEIDYDDT
1654,1,1,TLQSDQEEIDYDDTI
1655,1,1,LQSDQEEIDYDDTIS
1656,1,1,QSDQEEIDYDDTISV
1657,1,1,SDQEEIDYDDTISVE
1658,1,1,DQEEIDYDDTISVEM
1659,1,1,QEEIDYDDTISVEMK
1660,1,1,EEIDYDDTISVEMKK
1661,1,1,EIDYDDTISVEMKKE
1662,1,1,IDYDDTISVEMKKED
1663,1,1,DYDDTISVEMKKEDF
1664,1,1,YDDTISVEMKKEDFD
1665,1,1,DDTISVEMKKEDFDI
1666,1,1,DTISVEMKKEDFDIY
1667,1,1,TISVEMKKEDFDIYD
1668,1,1,ISVEMKKEDFDIYDE
1669,1,1,SVEMKKEDFDIYDED
1670,1,1,VEMKKEDFDIYDEDE
1671,1,1,EMKKEDFDIYDEDEN
1672,1,1,MKKEDFDIYDEDENQ
1673,1,1,KKEDFDIYDEDENQS
1674,1,1,KEDFDIYDEDENQSP
1675,1,1,EDFDIYDEDENQSPR
1676,1,1,DFDIYDEDENQSPRS
1677,1,1,FDIYDEDENQSPRSF
1678,1,1,DIYDEDENQSPRSFQ
1679,1,1,IYDEDENQSPRSFQK
1680,1,1,YDEDENQSPRSFQKK
1681,1,1,DEDENQSPRSFQKKT
1682,1,1,EDENQSPRSFQKKTR
1683,1,1,DENQSPRSFQKKTRH
1684,1,1,ENQSPRSFQKKTRHY
1685,1,1,NQSPRSFQKKTRHYF
1686,1,1,QSPRSFQKKTRHYFI
1687,1,1,SPRSFQKKTRHYFIA
1688,1,1,PRSFQKKTRHYFIAA
1689,1,1,RSFQKKTRHYFIAAV
1690,1,1,SFQKKTRHYFIAAVE
1691,1,1,FQKKTRHYFIAAVER
1692,1,1,QKKTRHYFIAAVERL
1693,1,1,KKTRHYFIAAVERLW
1694,1,1,KTRHYFIAAVERLWD
1695,1,1,TRHYFIAAVERLWDY
1696,1,1,RHYFIAAVERLWDYG
1697,1,1,HYFIAAVERLWDYGM
1698,1,1,YFIAAVERLWDYGMS
1699,1,1,FIAAVERLWDYGMSS
1700,1,1,IAAVERLWDYGMSSS
1701,1,1,AAVERLWDYGMSSSP
1702,1,1,AVERLWDYGMSSSPH
1703,1,1,VERLWDYGMSSSPHV
1704,1,1,ERLWDYGMSSSPHVL
1705,1,1,RLWDYGMSSSPHVLR
1706,1,1,LWDYGMSSSPHVLRN
1707,1,1,WDYGMSSSPHVLRNR
1708,1,1,DYGMSSSPHVLRNRA
1709,1,1,YGMSSSPHVLRNRAQ
1710,1,1,GMSSSPHVLRNRAQS
1711,1,1,MSSSPHVLRNRAQSG
1712,1,1,SSSPHVLRNRAQSGS
1713,1,1,SSPHVLRNRAQSGSV
1714,1,1,SPHVLRNRAQSGSVP
1715,1,1,PHVLRNRAQSGSVPQ
1716,1,1,HVLRNRAQSGSVPQF
1717,1,1,VLRNRAQSGSVPQFK
1718,1,1,LRNRAQSGSVPQFKK
1719,1,1,RNRAQSGSVPQFKKV
1720,1,1,NRAQSGSVPQFKKVV
1721,1,1,RAQSGSVPQFKKVVF
1722,1,1,AQSGSVPQFKKVVFQ
1723,1,1,QSGSVPQFKKVVFQE
1724,1,1,SGSVPQFKKVVFQEF
1725,1,1,GSVPQFKKVVFQEFT
1726,1,1,SVPQFKKVVFQEFTD
1727,1,1,VPQFKKVVFQEFTDG
1728,1,1,PQFKKVVFQEFTDGS
1729,1,1,QFKKVVFQEFTDGSF
1730,1,1,FKKVVFQEFTDGSFT
1731,1,1,KKVVFQEFTDGSFTQ
1732,1,1,KVVFQEFTDGSFTQP
1733,1,1,VVFQEFTDGSFTQPL
1734,1,1,VFQEFTDGSFTQPLY
1735,1,1,FQEFTDGSFTQPLYR
1736,1,1,QEFTDGSFTQPLYRG
1737,1,1,EFTDGSFTQPLYRGE
1738,1,1,FTDGSFTQPLYRGEL
1739,1,1,TDGSFTQPLYRGELN
1740,1,1,DGSFTQPLYRGELNE
1741,1,1,GSFTQPLYRGELNEH
1742,1,1,SFTQPLYRGELNEHL
1743,1,1,FTQPLYRGELNEHLG
1744,1,1,TQPLYRGELNEHLGL
1745,1,1,QPLYRGELNEHLGLL
1746,1,1,PLYRGELNEHLGLLG
1747,1,1,LYRGELNEHLGLLGP
1748,1,1,YRGELNEHLGLLGPY
1749,1,1,RGELNEHLGLLGPYI
1750,1,1,GELNEHLGLLGPYIR
1751,1,1,ELNEHLGLLGPYIRA
1752,1,1,LNEHLGLLGPYIRAE
1753,1,1,NEHLGLLGPYIRAEV
1754,1,1,EHLGLLGPYIRAEVE
1755,1,1,HLGLLGPYIRAEVED
1756,1,1,LGLLGPYIRAEVEDN
1757,1,1,GLLGPYIRAEVEDNI
1758,1,1,LLGPYIRAEVEDNIM
1759,1,1,LGPYIRAEVEDNIMV
1760,1,1,GPYIRAEVEDNIMVT
1761,1,1,PYIRAEVEDNIMVTF
1762,1,1,YIRAEVEDNIMVTFR
1763,1,1,IRAEVEDNIMVTFRN
1764,1,1,RAEVEDNIMVTFRNQ
1765,1,1,AEVEDNIMVTFRNQA
1766,1,1,EVEDNIMVTFRNQAS
1767,1,1,VEDNIMVTFRNQASR
1768,1,1,EDNIMVTFRNQASRP
1769,1,1,DNIMVTFRNQASRPY
1770,1,1,NIMVTFRNQASRPYS
1771,1,1,IMVTFRNQASRPYSF
1772,1,1,MVTFRNQASRPYSFY
1773,1,1,VTFRNQASRPYSFYS
1774,1,1,TFRNQASRPYSFYSS
1775,1,1,FRNQASRPYSFYSSL
1776,1,1,RNQASRPYSFYSSLI
1777,1,1,NQASRPYSFYSSLIS
1778,1,1,QASRPYSFYSSLISY
1779,1,1,ASRPYSFYSSLISYE
1780,1,1,SRPYSFYSSLISYEE
1781,1,1,RPYSFYSSLISYEED
1782,1,1,PYSFYSSLISYEEDQ
1783,1,1,YSFYSSLISYEEDQR
1784,1,1,SFYSSLISYEEDQRQ
1785,1,1,FYSSLISYEEDQRQG
1786,1,1,YSSLISYEEDQRQGA
1787,1,1,SSLISYEEDQRQGAE
1788,1,1,SLISYEEDQRQGAEP
1789,1,1,LISYEEDQRQGAEPR
1790,1,1,ISYEEDQRQGAEPRK
1791,1,1,SYEEDQRQGAEPRKN
1792,1,1,YEEDQRQGAEPRKNF
1793,1,1,EEDQRQGAEPRKNFV
1794,1,1,EDQRQGAEPRKNFVK
1795,1,1,DQRQGAEPRKNFVKP
1796,1,1,QRQGAEPRKNFVKPN
1797,1,1,RQGAEPRKNFVKPNE
1798,1,1,QGAEPRKNFVKPNET
1799,1,1,GAEPRKNFVKPNETK
1800,1,1,AEPRKNFVKPNETKT
1801,1,1,EPRKNFVKPNETKTY
1802,1,1,PRKNFVKPNETKTYF
1803,1,1,RKNFVKPNETKTYFW
1804,1,1,KNFVKPNETKTYFWK
1805,1,1,NFVKPNETKTYFWKV
1806,1,1,FVKPNETKTYFWKVQ
1807,1,1,VKPNETKTYFWKVQH
1808,1,1,KPNETKTYFWKVQHH
1809,1,1,PNETKTYFWKVQHHM
1810,1,1,NETKTYFWKVQHHMA
1811,1,1,ETKTYFWKVQHHMAP
1812,1,1,TKTYFWKVQHHMAPT
1813,1,1,KTYFWKVQHHMAPTK
1814,1,1,TYFWKVQHHMAPTKD
1815,1,1,YFWKVQHHMAPTKDE
1816,1,1,FWKVQHHMAPTKDEF
1817,1,1,WKVQHHMAPTKDEFD
1818,1,1,KVQHHMAPTKDEFDC
1819,1,1,VQHHMAPTKDEFDCK
1820,1,1,QHHMAPTKDEFDCKA
1821,1,1,HHMAPTKDEFDCKAW
1822,1,1,HMAPTKDEFDCKAWA
1823,1,1,MAPTKDEFDCKAWAY
1824,1,1,APTKDEFDCKAWAYF
1825,1,1,PTKDEFDCKAWAYFS
1826,1,1,TKDEFDCKAWAYFSD
1827,1,1,KDEFDCKAWAYFSDV
1828,1,1,DEFDCKAWAYFSDVD
1829,1,1,EFDCKAWAYFSDVDL
1830,1,1,FDCKAWAYFSDVDLE
1831,1,1,DCKAWAYFSDVDLEK
1832,1,1,CKAWAYFSDVDLEKD
1833,1,1,KAWAYFSDVDLEKDV
1834,1,1,AWAYFSDVDLEKDVH
1835,1,1,WAYFSDVDLEKDVHS
1836,1,1,AYFSDVDLEKDVHSG
1837,1,1,YFSDVDLEKDVHSGL
1838,1,1,FSDVDLEKDVHSGLI
1839,1,1,SDVDLEKDVHSGLIG
1840,1,1,DVDLEKDVHSGLIGP
1841,1,1,VDLEKDVHSGLIGPL
1842,1,1,DLEKDVHSGLIGPLL
1843,1,1,LEKDVHSGLIGPLLV
1844,1,1,EKDVHSGLIGPLLVC
1845,1,1,KDVHSGLIGPLLVCH
1846,1,1,DVHSGLIGPLLVCHT
1847,1,1,VHSGLIGPLLVCHTN
1848,1,1,HSGLIGPLLVCHTNT
1849,1,1,SGLIGPLLVCHTNTL
1850,1,1,GLIGPLLVCHTNTLN
1851,1,1,LIGPLLVCHTNTLNP
1852,1,1,IGPLLVCHTNTLNPA
1853,1,1,GPLLVCHTNTLNPAH
1854,1,1,PLLVCHTNTLNPAHG
1855,1,1,LLVCHTNTLNPAHGR
1856,1,1,LVCHTNTLNPAHGRQ
1857,1,1,VCHTNTLNPAHGRQV
1858,1,1,CHTNTLNPAHGRQVT
1859,1,1,HTNTLNPAHGRQVTV
1860,1,1,TNTLNPAHGRQVTVQ
1861,1,1,NTLNPAHGRQVTVQE
1862,1,1,TLNPAHGRQVTVQEF
1863,1,1,LNPAHGRQVTVQEFA
1864,1,1,NPAHGRQVTVQEFAL
1865,1,1,PAHGRQVTVQEFALF
1866,1,1,AHGRQVTVQEFALFF
1867,1,1,HGRQVTVQEFALFFT
1868,1,1,GRQVTVQEFALFFTI
1869,1,1,RQVTVQEFALFFTIF
1870,1,1,QVTVQEFALFFTIFD
1871,1,1,VTVQEFALFFTIFDE
1872,1,1,TVQEFALFFTIFDET
1873,1,1,VQEFALFFTIFDETK
1874,1,1,QEFALFFTIFDETKS
1875,1,1,EFALFFTIFDETKSW
1876,1,1,FALFFTIFDETKSWY
1877,1,1,ALFFTIFDETKSWYF
1878,1,1,LFFTIFDETKSWYFT
1879,1,1,FFTIFDETKSWYFTE
1880,1,1,FTIFDETKSWYFTEN
1881,1,1,TIFDETKSWYFTENM
1882,1,1,IFDETKSWYFTENME
1883,1,1,FDETKSWYFTENMER
1884,1,1,DETKSWYFTENMERN
1885,1,1,ETKSWYFTENMERNC
1886,1,1,TKSWYFTENMERNCR
1887,1,1,KSWYFTENMERNCRA
1888,1,1,SWYFTENMERNCRAP
1889,1,1,WYFTENMERNCRAPC
1890,1,1,YFTENMERNCRAPCN
1891,1,1,FTENMERNCRAPCNI
1892,1,1,TENMERNCRAPCNIQ
1893,1,1,ENMERNCRAPCNIQM
1894,1,1,NMERNCRAPCNIQME
1895,1,1,MERNCRAPCNIQMED
1896,1,1,ERNCRAPCNIQMEDP
1897,1,1,RNCRAPCNIQMEDPT
1898,1,1,NCRAPCNIQMEDPTF
1899,1,1,CRAPCNIQMEDPTFK
1900,1,1,RAPCNIQMEDPTFKE
1901,1,1,APCNIQMEDPTFKEN
1902,1,1,PCNIQMEDPTFKENY
1903,1,1,CNIQMEDPTFKENYR
1904,1,1,NIQMEDPTFKENYRF
1905,1,1,IQMEDPTFKENYRFH
1906,1,1,QMEDPTFKENYRFHA
1907,1,1,MEDPTFKENYRFHAI
1908,1,1,EDPTFKENYRFHAIN
1909,1,1,DPTFKENYRFHAING
1910,1,1,PTFKENYRFHAINGY
1911,1,1,TFKENYRFHAINGYI
1912,1,1,FKENYRFHAINGYIM
1913,1,1,KENYRFHAINGYIMD
1914,1,1,ENYRFHAINGYIMDT
1915,1,1,NYRFHAINGYIMDTL
1916,1,1,YRFHAINGYIMDTLP
1917,1,1,RFHAINGYIMDTLPG
1918,1,1,FHAINGYIMDTLPGL
1919,1,1,HAINGYIMDTLPGLV
1920,1,1,AINGYIMDTLPGLVM
1921,1,1,INGYIMDTLPGLVMA
1922,1,1,NGYIMDTLPGLVMAQ
1923,1,1,GYIMDTLPGLVMAQD
1924,1,1,YIMDTLPGLVMAQDQ
1925,1,1,IMDTLPGLVMAQDQR
1926,1,1,MDTLPGLVMAQDQRI
1927,1,1,DTLPGLVMAQDQRIR
1928,1,1,TLPGLVMAQDQRIRW
1929,1,1,LPGLVMAQDQRIRWY
1930,1,1,PGLVMAQDQRIRWYL
1931,1,1,GLVMAQDQRIRWYLL
1932,1,1,LVMAQDQRIRWYLLS
1933,1,1,VMAQDQRIRWYLLSM
1934,1,1,MAQDQRIRWYLLSMG
1935,1,1,AQDQRIRWYLLSMGS
1936,1,1,QDQRIRWYLLSMGSN
1937,1,1,DQRIRWYLLSMGSNE
1938,1,1,QRIRWYLLSMGSNEN
1939,1,1,RIRWYLLSMGSNENI
1940,1,1,IRWYLLSMGSNENIH
1941,1,1,RWYLLSMGSNENIHS
1942,1,1,WYLLSMGSNENIHSI
1943,1,1,YLLSMGSNENIHSIH
1944,1,1,LLSMGSNENIHSIHF
1945,1,1,LSMGSNENIHSIHFS
1946,1,1,SMGSNENIHSIHFSG
1947,1,1,MGSNENIHSIHFSGH
1948,1,1,GSNENIHSIHFSGHV
1949,1,1,SNENIHSIHFSGHVF
1950,1,1,NENIHSIHFSGHVFT
1951,1,1,ENIHSIHFSGHVFTV
1952,1,1,NIHSIHFSGHVFTVR
1953,1,1,IHSIHFSGHVFTVRK
1954,1,1,HSIHFSGHVFTVRKK
1955,1,1,SIHFSGHVFTVRKKE
1956,1,1,IHFSGHVFTVRKKEE
1957,1,1,HFSGHVFTVRKKEEY
1958,1,1,FSGHVFTVRKKEEYK
1959,1,1,SGHVFTVRKKEEYKM
1960,1,1,GHVFTVRKKEEYKMA
1961,1,1,HVFTVRKKEEYKMAL
1962,1,1,VFTVRKKEEYKMALY
1963,1,1,FTVRKKEEYKMALYN
1964,1,1,TVRKKEEYKMALYNL
1965,1,1,VRKKEEYKMALYNLY
1966,1,1,RKKEEYKMALYNLYP
1967,1,1,KKEEYKMALYNLYPG
1968,1,1,KEEYKMALYNLYPGV
1969,1,1,EEYKMALYNLYPGVF
1970,1,1,EYKMALYNLYPGVFE
1971,1,1,YKMALYNLYPGVFET
1972,1,1,KMALYNLYPGVFETV
1973,1,1,MALYNLYPGVFETVE
1974,1,1,ALYNLYPGVFETVEM
1975,1,1,LYNLYPGVFETVEML
1976,1,1,YNLYPGVFETVEMLP
1977,1,1,NLYPGVFETVEMLPS
1978,1,1,LYPGVFETVEMLPSK
1979,1,1,YPGVFETVEMLPSKA
1980,1,1,PGVFETVEMLPSKAG
1981,1,1,GVFETVEMLPSKAGI
1982,1,1,VFETVEMLPSKAGIW
1983,1,1,FETVEMLPSKAGIWR
1984,1,1,ETVEMLPSKAGIWRV
1985,1,1,TVEMLPSKAGIWRVE
1986,1,1,VEMLPSKAGIWRVEC
1987,1,1,EMLPSKAGIWRVECL
1988,1,1,MLPSKAGIWRVECLI
1989,1,1,LPSKAGIWRVECLIG
1990,1,1,PSKAGIWRVECLIGE
1991,1,1,SKAGIWRVECLIGEH
1992,1,1,KAGIWRVECLIGEHL
1993,1,1,AGIWRVECLIGEHLH
1994,1,1,GIWRVECLIGEHLHA
1995,1,1,IWRVECLIGEHLHAG
1996,1,1,WRVECLIGEHLHAGM
1997,1,1,RVECLIGEHLHAGMS
1998,1,1,VECLIGEHLHAGMST
1999,1,1,ECLIGEHLHAGMSTL
2000,1,1,CLIGEHLHAGMSTLF
2001,1,1,LIGEHLHAGMSTLFL
2002,1,1,IGEHLHAGMSTLFLV
2003,1,1,GEHLHAGMSTLFLVY
2004,1,1,EHLHAGMSTLFLVYS
2005,1,1,HLHAGMSTLFLVYSN
2006,1,1,LHAGMSTLFLVYSNK
2007,1,1,HAGMSTLFLVYSNKC
2008,1,1,AGMSTLFLVYSNKCQ
2009,1,1,GMSTLFLVYSNKCQT
2010,1,1,MSTLFLVYSNKCQTP
2011,1,1,STLFLVYSNKCQTPL
2012,1,1,TLFLVYSNKCQTPLG
2013,1,1,LFLVYSNKCQTPLGM
2014,1,1,FLVYSNKCQTPLGMA
2015,1,1,LVYSNKCQTPLGMAS
2016,1,1,VYSNKCQTPLGMASG
2017,1,1,YSNKCQTPLGMASGH
2018,1,1,SNKCQTPLGMASGHI
2019,1,1,NKCQTPLGMASGHIR
2020,1,1,KCQTPLGMASGHIRD
2021,1,1,CQTPLGMASGHIRDF
2022,1,1,QTPLGMASGHIRDFQ
2023,1,1,TPLGMASGHIRDFQI
2024,1,1,PLGMASGHIRDFQIT
2025,1,1,LGMASGHIRDFQITA
2026,1,1,GMASGHIRDFQITAS
2027,1,1,MASGHIRDFQITASG
2028,1,1,ASGHIRDFQITASGQ
2029,1,1,SGHIRDFQITASGQY
2030,1,1,GHIRDFQITASGQYG
2031,1,1,HIRDFQITASGQYGQ
2032,1,1,IRDFQITASGQYGQW
2033,1,1,RDFQITASGQYGQWA
2034,1,1,DFQITASGQYGQWAP
2035,1,1,FQITASGQYGQWAPK
2036,1,1,QITASGQYGQWAPKL
2037,1,1,ITASGQYGQWAPKLA
2038,1,1,TASGQYGQWAPKLAR
2039,1,1,ASGQYGQWAPKLARL
2040,1,1,SGQYGQWAPKLARLH
2041,1,1,GQYGQWAPKLARLHY
2042,1,1,QYGQWAPKLARLHYS
2043,1,1,YGQWAPKLARLHYSG
2044,1,1,GQWAPKLARLHYSGS
2045,1,1,QWAPKLARLHYSGSI
2046,1,1,WAPKLARLHYSGSIN
2047,1,1,APKLARLHYSGSINA
2048,1,1,PKLARLHYSGSINAW
2049,1,1,KLARLHYSGSINAWS
2050,1,1,LARLHYSGSINAWST
2051,1,1,ARLHYSGSINAWSTK
2052,1,1,RLHYSGSINAWSTKE
2053,1,1,LHYSGSINAWSTKEP
2054,1,1,HYSGSINAWSTKEPF
2055,1,1,YSGSINAWSTKEPFS
2056,1,1,SGSINAWSTKEPFSW
2057,1,1,GSINAWSTKEPFSWI
2058,1,1,SINAWSTKEPFSWIK
2059,1,1,INAWSTKEPFSWIKV
2060,1,1,NAWSTKEPFSWIKVD
2061,1,1,AWSTKEPFSWIKVDL
2062,1,1,WSTKEPFSWIKVDLL
2063,1,1,STKEPFSWIKVDLLA
2064,1,1,TKEPFSWIKVDLLAP
2065,1,1,KEPFSWIKVDLLAPM
2066,1,1,EPFSWIKVDLLAPMI
2067,1,1,PFSWIKVDLLAPMII
2068,1,1,FSWIKVDLLAPMIIH
2069,1,1,SWIKVDLLAPMIIHG
2070,1,1,WIKVDLLAPMIIHGI
2071,1,1,IKVDLLAPMIIHGIK
2072,1,1,KVDLLAPMIIHGIKT
2073,1,1,VDLLAPMIIHGIKTQ
2074,1,1,DLLAPMIIHGIKTQG
2075,1,1,LLAPMIIHGIKTQGA
2076,1,1,LAPMIIHGIKTQGAR
2077,1,1,APMIIHGIKTQGARQ
2078,1,1,PMIIHGIKTQGARQK
2079,1,1,MIIHGIKTQGARQKF
2080,1,1,IIHGIKTQGARQKFS
2081,1,1,IHGIKTQGARQKFSS
2082,1,1,HGIKTQGARQKFSSL
2083,1,1,GIKTQGARQKFSSLY
2084,1,1,IKTQGARQKFSSLYI
2085,1,1,KTQGARQKFSSLYIS
2086,1,1,TQGARQKFSSLYISQ
2087,1,1,QGARQKFSSLYISQF
2088,1,1,GARQKFSSLYISQFI
2089,1,1,ARQKFSSLYISQFII
2090,1,1,RQKFSSLYISQFIIM
2091,1,1,QKFSSLYISQFIIMY
2092,1,1,KFSSLYISQFIIMYS
2093,1,1,FSSLYISQFIIMYSL
2094,1,1,SSLYISQFIIMYSLD
2095,1,1,SLYISQFIIMYSLDG
2096,1,1,LYISQFIIMYSLDGK
2097,1,1,YISQFIIMYSLDGKK
2098,1,1,ISQFIIMYSLDGKKW
2099,1,1,SQFIIMYSLDGKKWQ
2100,1,1,QFIIMYSLDGKKWQT
2101,1,1,FIIMYSLDGKKWQTY
2102,1,1,IIMYSLDGKKWQTYR
2103,1,1,IMYSLDGKKWQTYRG
2104,1,1,MYSLDGKKWQTYRGN
2105,1,1,YSLDGKKWQTYRGNS
2106,1,1,SLDGKKWQTYRGNST
2107,1,1,LDGKKWQTYRGNSTG
2108,1,1,DGKKWQTYRGNSTGT
2109,1,1,GKKWQTYRGNSTGTL
2110,1,1,KKWQTYRGNSTGTLM
2111,1,1,KWQTYRGNSTGTLMV
2112,1,1,WQTYRGNSTGTLMVF
2113,1,1,QTYRGNSTGTLMVFF
2114,1,1,TYRGNSTGTLMVFFG
2115,1,1,YRGNSTGTLMVFFGN
2116,1,1,RGNSTGTLMVFFGNV
2117,1,1,GNSTGTLMVFFGNVD
2118,1,1,NSTGTLMVFFGNVDS
2119,1,1,STGTLMVFFGNVDSS
2120,1,1,TGTLMVFFGNVDSSG
2121,1,1,GTLMVFFGNVDSSGI
2122,1,1,TLMVFFGNVDSSGIK
2123,1,1,LMVFFGNVDSSGIKH
2124,1,1,MVFFGNVDSSGIKHN
2125,1,1,VFFGNVDSSGIKHNI
2126,1,1,FFGNVDSSGIKHNIF
2127,1,1,FGNVDSSGIKHNIFN
2128,1,1,GNVDSSGIKHNIFNP
2129,1,1,NVDSSGIKHNIFNPP
2130,1,1,VDSSGIKHNIFNPPI
2131,1,1,DSSGIKHNIFNPPII
2132,1,1,SSGIKHNIFNPPIIA
2133,1,1,SGIKHNIFNPPIIAR
2134,1,1,GIKHNIFNPPIIARY
2135,1,1,IKHNIFNPPIIARYI
2136,1,1,KHNIFNPPIIARYIR
2137,1,1,HNIFNPPIIARYIRL
2138,1,1,NIFNPPIIARYIRLH
2139,1,1,IFNPPIIARYIRLHP
2140,1,1,FNPPIIARYIRLHPT
2141,1,1,NPPIIARYIRLHPTH
2142,1,1,PPIIARYIRLHPTHY
2143,1,1,PIIARYIRLHPTHYS
2144,1,1,IIARYIRLHPTHYSI
2145,1,1,IARYIRLHPTHYSIR
2146,1,1,ARYIRLHPTHYSIRS
2147,1,1,RYIRLHPTHYSIRST
2148,1,1,YIRLHPTHYSIRSTL
2149,1,1,IRLHPTHYSIRSTLR
2150,1,1,RLHPTHYSIRSTLRM
2151,1,1,LHPTHYSIRSTLRME
2152,1,1,HPTHYSIRSTLRMEL
2153,1,1,PTHYSIRSTLRMELM
2154,1,1,THYSIRSTLRMELMG
2155,1,1,HYSIRSTLRMELMGC
2156,1,1,YSIRSTLRMELMGCD
2157,1,1,SIRSTLRMELMGCDL
2158,1,1,IRSTLRMELMGCDLN
2159,1,1,RSTLRMELMGCDLNS
2160,1,1,STLRMELMGCDLNSC
2161,1,1,TLRMELMGCDLNSCS
2162,1,1,LRMELMGCDLNSCSM
2163,1,1,RMELMGCDLNSCSMP
2164,1,1,MELMGCDLNSCSMPL
2165,1,1,ELMGCDLNSCSMPLG
2166,1,1,LMGCDLNSCSMPLGM
2167,1,1,MGCDLNSCSMPLGME
2168,1,1,GCDLNSCSMPLGMES
2169,1,1,CDLNSCSMPLGMESK
2170,1,1,DLNSCSMPLGMESKA
2171,1,1,LNSCSMPLGMESKAI
2172,1,1,NSCSMPLGMESKAIS
2173,1,1,SCSMPLGMESKAISD
2174,1,1,CSMPLGMESKAISDA
2175,1,1,SMPLGMESKAISDAQ
2176,1,1,MPLGMESKAISDAQI
2177,1,1,PLGMESKAISDAQIT
2178,1,1,LGMESKAISDAQITA
2179,1,1,GMESKAISDAQITAS
2180,1,1,MESKAISDAQITASS
2181,1,1,ESKAISDAQITASSY
2182,1,1,SKAISDAQITASSYF
2183,1,1,KAISDAQITASSYFT
2184,1,1,AISDAQITASSYFTN
2185,1,1,ISDAQITASSYFTNM
2186,1,1,SDAQITASSYFTNMF
2187,1,1,DAQITASSYFTNMFA
2188,1,1,AQITASSYFTNMFAT
2189,1,1,QITASSYFTNMFATW
2190,1,1,ITASSYFTNMFATWS
2191,1,1,TASSYFTNMFATWSP
2192,1,1,ASSYFTNMFATWSPS
2193,1,1,SSYFTNMFATWSPSK
2194,1,1,SYFTNMFATWSPSKA
2195,1,1,YFTNMFATWSPSKAR
2196,1,1,FTNMFATWSPSKARL
2197,1,1,TNMFATWSPSKARLH
2198,1,1,NMFATWSPSKARLHL
2199,1,1,MFATWSPSKARLHLQ
2200,1,1,FATWSPSKARLHLQG
2201,1,1,ATWSPSKARLHLQGR
2202,1,1,TWSPSKARLHLQGRS
2203,1,1,WSPSKARLHLQGRSN
2204,1,1,SPSKARLHLQGRSNA
2205,1,1,PSKARLHLQGRSNAW
2206,1,1,SKARLHLQGRSNAWR
2207,1,1,KARLHLQGRSNAWRP
2208,1,1,ARLHLQGRSNAWRPQ
2209,1,1,RLHLQGRSNAWRPQV
2210,1,1,LHLQGRSNAWRPQVN
2211,1,1,HLQGRSNAWRPQVNN
2212,1,1,LQGRSNAWRPQVNNP
2213,1,1,QGRSNAWRPQVNNPK
2214,1,1,GRSNAWRPQVNNPKE
2215,1,1,RSNAWRPQVNNPKEW
2216,1,1,SNAWRPQVNNPKEWL
2217,1,1,NAWRPQVNNPKEWLQ
2218,1,1,AWRPQVNNPKEWLQV
2219,1,1,WRPQVNNPKEWLQVD
2220,1,1,RPQVNNPKEWLQVDF
2221,1,1,PQVNNPKEWLQVDFQ
2222,1,1,QVNNPKEWLQVDFQK
2223,1,1,VNNPKEWLQVDFQKT
2224,1,1,NNPKEWLQVDFQKTM
2225,1,1,NPKEWLQVDFQKTMK
2226,1,1,PKEWLQVDFQKTMKV
2227,1,1,KEWLQVDFQKTMKVT
2228,1,1,EWLQVDFQKTMKVTG
2229,1,1,WLQVDFQKTMKVTGV
2230,1,1,LQVDFQKTMKVTGVT
2231,1,1,QVDFQKTMKVTGVTT
2232,1,1,VDFQKTMKVTGVTTQ
2233,1,1,DFQKTMKVTGVTTQG
2234,1,1,FQKTMKVTGVTTQGV
2235,1,1,QKTMKVTGVTTQGVK
2236,1,1,KTMKVTGVTTQGVKS
2237,1,1,TMKVTGVTTQGVKSL
2238,1,1,MKVTGVTTQGVKSLL
2239,1,1,KVTGVTTQGVKSLLT
2240,1,1,VTGVTTQGVKSLLTS
2241,1,1,TGVTTQGVKSLLTSM
2242,1,1,GVTTQGVKSLLTSMY
2243,1,1,VTTQGVKSLLTSMYV
2244,1,1,TTQGVKSLLTSMYVK
2245,1,1,TQGVKSLLTSMYVKE
2246,1,1,QGVKSLLTSMYVKEF
2247,1,1,GVKSLLTSMYVKEFL
2248,1,1,VKSLLTSMYVKEFLI
2249,1,1,KSLLTSMYVKEFLIS
2250,1,1,SLLTSMYVKEFLISS
2251,1,1,LLTSMYVKEFLISSS
2252,1,1,LTSMYVKEFLISSSQ
2253,1,1,TSMYVKEFLISSSQD
2254,1,1,SMYVKEFLISSSQDG
2255,1,1,MYVKEFLISSSQDGH
2256,1,1,YVKEFLISSSQDGHQ
2257,1,1,VKEFLISSSQDGHQW
2258,1,1,KEFLISSSQDGHQWT
2259,1,1,EFLISSSQDGHQWTL
2260,1,1,FLISSSQDGHQWTLF
2261,1,1,LISSSQDGHQWTLFF
2262,1,1,ISSSQDGHQWTLFFQ
2263,1,1,SSSQDGHQWTLFFQN
2264,1,1,SSQDGHQWTLFFQNG
2265,1,1,SQDGHQWTLFFQNGK
2266,1,1,QDGHQWTLFFQNGKV
2267,1,1,DGHQWTLFFQNGKVK
2268,1,1,GHQWTLFFQNGKVKV
2269,1,1,HQWTLFFQNGKVKVF
2270,1,1,QWTLFFQNGKVKVFQ
2271,1,1,WTLFFQNGKVKVFQG
2272,1,1,TLFFQNGKVKVFQGN
2273,1,1,LFFQNGKVKVFQGNQ
2274,1,1,FFQNGKVKVFQGNQD
2275,1,1,FQNGKVKVFQGNQDS
2276,1,1,QNGKVKVFQGNQDSF
2277,1,1,NGKVKVFQGNQDSFT
2278,1,1,GKVKVFQGNQDSFTP
2279,1,1,KVKVFQGNQDSFTPV
2280,1,1,VKVFQGNQDSFTPVV
2281,1,1,KVFQGNQDSFTPVVN
2282,1,1,VFQGNQDSFTPVVNS
2283,1,1,FQGNQDSFTPVVNSL
2284,1,1,QGNQDSFTPVVNSLD
2285,1,1,GNQDSFTPVVNSLDP
2286,1,1,NQDSFTPVVNSLDPP
2287,1,1,QDSFTPVVNSLDPPL
2288,1,1,DSFTPVVNSLDPPLL
2289,1,1,SFTPVVNSLDPPLLT
2290,1,1,FTPVVNSLDPPLLTR
2291,1,1,TPVVNSLDPPLLTRY
2292,1,1,PVVNSLDPPLLTRYL
2293,1,1,VVNSLDPPLLTRYLR
2294,1,1,VNSLDPPLLTRYLRI
2295,1,1,NSLDPPLLTRYLRIH
2296,1,1,SLDPPLLTRYLRIHP
2297,1,1,LDPPLLTRYLRIHPQ
2298,1,1,DPPLLTRYLRIHPQS
2299,1,1,PPLLTRYLRIHPQSW
2300,1,1,PLLTRYLRIHPQSWV
2301,1,1,LLTRYLRIHPQSWVH
2302,1,1,LTRYLRIHPQSWVHQ
2303,1,1,TRYLRIHPQSWVHQI
2304,1,1,RYLRIHPQSWVHQIA
2305,1,1,YLRIHPQSWVHQIAL
2306,1,1,LRIHPQSWVHQIALR
2307,1,1,RIHPQSWVHQIALRM
2308,1,1,IHPQSWVHQIALRME
2309,1,1,HPQSWVHQIALRMEV
2310,1,1,PQSWVHQIALRMEVL
2311,1,1,QSWVHQIALRMEVLG
2312,1,1,SWVHQIALRMEVLGC
2313,1,1,WVHQIALRMEVLGCE
2314,1,1,VHQIALRMEVLGCEA
2315,1,1,HQIALRMEVLGCEAQ
2316,1,1,QIALRMEVLGCEAQD
2317,1,1,IALRMEVLGCEAQDL
2318,1,1,ALRMEVLGCEAQDLY
