Index,ChainNum,ChainID,xmers
1,1,1,ANAFLEELRPGSLER
2,1,1,NAFLEELRPGSLERE
3,1,1,AFLEELRPGSLEREC
4,1,1,FLEELRPGSLERECK
5,1,1,LEELRPGSLERECKE
6,1,1,EELRPGSLERECKEE
7,1,1,ELRPGSLERECKEEQ
8,1,1,LRPGSLERECKEEQC
9,1,1,RPGSLERECKEEQCS
10,1,1,PGSLERECKEEQCSF
11,1,1,GSLERECKEEQCSFE
12,1,1,SLERECKEEQCSFEE
13,1,1,LERECKEEQCSFEEA
14,1,1,ERECKEEQCSFEEAR
15,1,1,RECKEEQCSFEEARE
16,1,1,ECKEEQCSFEEAREI
17,1,1,CKEEQCSFEEAREIF
18,1,1,KEEQCSFEEAREIFK
19,1,1,EEQCSFEEAREIFKD
20,1,1,EQCSFEEAREIFKDA
21,1,1,QCSFEEAREIFKDAE
22,1,1,CSFEEAREIFKDAER
23,1,1,SFEEAREIFKDAERT
24,1,1,FEEAREIFKDAERTK
25,1,1,EEAREIFKDAERTKL
26,1,1,EAREIFKDAERTKLF
27,1,1,AREIFKDAERTKLFW
28,1,1,REIFKDAERTKLFWI
29,1,1,EIFKDAERTKLFWIS
30,1,1,IFKDAERTKLFWISY
31,1,1,FKDAERTKLFWISYS
32,1,1,KDAERTKLFWISYSD
33,1,1,DAERTKLFWISYSDG
34,1,1,AERTKLFWISYSDGD
35,1,1,ERTKLFWISYSDGDQ
36,1,1,RTKLFWISYSDGDQC
37,1,1,TKLFWISYSDGDQCA
38,1,1,KLFWISYSDGDQCAS
39,1,1,LFWISYSDGDQCASS
40,1,1,FWISYSDGDQCASSP
41,1,1,WISYSDGDQCASSPC
42,1,1,ISYSDGDQCASSPCQ
43,1,1,SYSDGDQCASSPCQN
44,1,1,YSDGDQCASSPCQNG
45,1,1,SDGDQCASSPCQNGG
46,1,1,DGDQCASSPCQNGGS
47,1,1,GDQCASSPCQNGGSC
48,1,1,DQCASSPCQNGGSCK
49,1,1,QCASSPCQNGGSCKD
50,1,1,CASSPCQNGGSCKDQ
51,1,1,ASSPCQNGGSCKDQL
52,1,1,SSPCQNGGSCKDQLQ
53,1,1,SPCQNGGSCKDQLQS
54,1,1,PCQNGGSCKDQLQSY
55,1,1,CQNGGSCKDQLQSYI
56,1,1,QNGGSCKDQLQSYIC
57,1,1,NGGSCKDQLQSYICF
58,1,1,GGSCKDQLQSYICFC
59,1,1,GSCKDQLQSYICFCL
60,1,1,SCKDQLQSYICFCLP
61,1,1,CKDQLQSYICFCLPA
62,1,1,KDQLQSYICFCLPAF
63,1,1,DQLQSYICFCLPAFE
64,1,1,QLQSYICFCLPAFEG
65,1,1,LQSYICFCLPAFEGR
66,1,1,QSYICFCLPAFEGRN
67,1,1,SYICFCLPAFEGRNC
68,1,1,YICFCLPAFEGRNCE
69,1,1,ICFCLPAFEGRNCET
70,1,1,CFCLPAFEGRNCETH
71,1,1,FCLPAFEGRNCETHK
72,1,1,CLPAFEGRNCETHKD
73,1,1,LPAFEGRNCETHKDD
74,1,1,PAFEGRNCETHKDDQ
75,1,1,AFEGRNCETHKDDQL
76,1,1,FEGRNCETHKDDQLI
77,1,1,EGRNCETHKDDQLIC
78,1,1,GRNCETHKDDQLICV
79,1,1,RNCETHKDDQLICVN
80,1,1,NCETHKDDQLICVNE
81,1,1,CETHKDDQLICVNEN
82,1,1,ETHKDDQLICVNENG
83,1,1,THKDDQLICVNENGG
84,1,1,HKDDQLICVNENGGC
85,1,1,KDDQLICVNENGGCE
86,1,1,DDQLICVNENGGCEQ
87,1,1,DQLICVNENGGCEQY
88,1,1,QLICVNENGGCEQYC
89,1,1,LICVNENGGCEQYCS
90,1,1,ICVNENGGCEQYCSD
91,1,1,CVNENGGCEQYCSDH
92,1,1,VNENGGCEQYCSDHT
93,1,1,NENGGCEQYCSDHTG
94,1,1,ENGGCEQYCSDHTGT
95,1,1,NGGCEQYCSDHTGTK
96,1,1,GGCEQYCSDHTGTKR
97,1,1,GCEQYCSDHTGTKRS
98,1,1,CEQYCSDHTGTKRSC
99,1,1,EQYCSDHTGTKRSCR
100,1,1,QYCSDHTGTKRSCRC
101,1,1,YCSDHTGTKRSCRCH
102,1,1,CSDHTGTKRSCRCHE
103,1,1,SDHTGTKRSCRCHEG
104,1,1,DHTGTKRSCRCHEGY
105,1,1,HTGTKRSCRCHEGYS
106,1,1,TGTKRSCRCHEGYSL
107,1,1,GTKRSCRCHEGYSLL
108,1,1,TKRSCRCHEGYSLLA
109,1,1,KRSCRCHEGYSLLAD
110,1,1,RSCRCHEGYSLLADG
111,1,1,SCRCHEGYSLLADGV
112,1,1,CRCHEGYSLLADGVS
113,1,1,RCHEGYSLLADGVSC
114,1,1,CHEGYSLLADGVSCT
115,1,1,HEGYSLLADGVSCTP
116,1,1,EGYSLLADGVSCTPT
117,1,1,GYSLLADGVSCTPTV
118,1,1,YSLLADGVSCTPTVE
119,1,1,SLLADGVSCTPTVEY
120,1,1,LLADGVSCTPTVEYP
121,1,1,LADGVSCTPTVEYPC
122,1,1,ADGVSCTPTVEYPCG
123,1,1,DGVSCTPTVEYPCGK
124,1,1,GVSCTPTVEYPCGKI
125,1,1,VSCTPTVEYPCGKIP
126,1,1,SCTPTVEYPCGKIPI
127,1,1,CTPTVEYPCGKIPIL
128,1,1,TPTVEYPCGKIPILE
129,1,1,PTVEYPCGKIPILEK
130,1,1,TVEYPCGKIPILEKR
131,1,1,VEYPCGKIPILEKRN
132,1,1,EYPCGKIPILEKRNA
133,1,1,YPCGKIPILEKRNAS
134,1,1,PCGKIPILEKRNASK
135,1,1,CGKIPILEKRNASKP
136,1,1,GKIPILEKRNASKPQ
137,1,1,KIPILEKRNASKPQG
138,1,1,IPILEKRNASKPQGR
139,1,1,PILEKRNASKPQGRI
140,1,1,ILEKRNASKPQGRIV
141,1,1,LEKRNASKPQGRIVG
142,1,1,EKRNASKPQGRIVGG
143,1,1,KRNASKPQGRIVGGK
144,1,1,RNASKPQGRIVGGKD
145,1,1,NASKPQGRIVGGKDC
146,1,1,ASKPQGRIVGGKDCP
147,1,1,SKPQGRIVGGKDCPK
148,1,1,KPQGRIVGGKDCPKG
149,1,1,PQGRIVGGKDCPKGE
150,1,1,QGRIVGGKDCPKGEC
151,1,1,GRIVGGKDCPKGECP
152,1,1,RIVGGKDCPKGECPW
153,1,1,IVGGKDCPKGECPWQ
154,1,1,VGGKDCPKGECPWQV
155,1,1,GGKDCPKGECPWQVL
156,1,1,GKDCPKGECPWQVLL
157,1,1,KDCPKGECPWQVLLL
158,1,1,DCPKGECPWQVLLLV
159,1,1,CPKGECPWQVLLLVN
160,1,1,PKGECPWQVLLLVNG
161,1,1,KGECPWQVLLLVNGA
162,1,1,GECPWQVLLLVNGAQ
163,1,1,ECPWQVLLLVNGAQL
164,1,1,CPWQVLLLVNGAQLC
165,1,1,PWQVLLLVNGAQLCG
166,1,1,WQVLLLVNGAQLCGG
167,1,1,QVLLLVNGAQLCGGT
168,1,1,VLLLVNGAQLCGGTL
169,1,1,LLLVNGAQLCGGTLI
170,1,1,LLVNGAQLCGGTLIN
171,1,1,LVNGAQLCGGTLINT
172,1,1,VNGAQLCGGTLINTI
173,1,1,NGAQLCGGTLINTIW
174,1,1,GAQLCGGTLINTIWV
175,1,1,AQLCGGTLINTIWVV
176,1,1,QLCGGTLINTIWVVS
177,1,1,LCGGTLINTIWVVSA
178,1,1,CGGTLINTIWVVSAA
179,1,1,GGTLINTIWVVSAAH
180,1,1,GTLINTIWVVSAAHC
181,1,1,TLINTIWVVSAAHCF
182,1,1,LINTIWVVSAAHCFD
183,1,1,INTIWVVSAAHCFDK
184,1,1,NTIWVVSAAHCFDKI
185,1,1,TIWVVSAAHCFDKIK
186,1,1,IWVVSAAHCFDKIKN
187,1,1,WVVSAAHCFDKIKNW
188,1,1,VVSAAHCFDKIKNWR
189,1,1,VSAAHCFDKIKNWRN
190,1,1,SAAHCFDKIKNWRNL
191,1,1,AAHCFDKIKNWRNLI
192,1,1,AHCFDKIKNWRNLIA
193,1,1,HCFDKIKNWRNLIAV
194,1,1,CFDKIKNWRNLIAVL
195,1,1,FDKIKNWRNLIAVLG
196,1,1,DKIKNWRNLIAVLGE
197,1,1,KIKNWRNLIAVLGEH
198,1,1,IKNWRNLIAVLGEHD
199,1,1,KNWRNLIAVLGEHDL
200,1,1,NWRNLIAVLGEHDLS
201,1,1,WRNLIAVLGEHDLSE
202,1,1,RNLIAVLGEHDLSEH
203,1,1,NLIAVLGEHDLSEHD
204,1,1,LIAVLGEHDLSEHDG
205,1,1,IAVLGEHDLSEHDGD
206,1,1,AVLGEHDLSEHDGDE
207,1,1,VLGEHDLSEHDGDEQ
208,1,1,LGEHDLSEHDGDEQS
209,1,1,GEHDLSEHDGDEQSR
210,1,1,EHDLSEHDGDEQSRR
211,1,1,HDLSEHDGDEQSRRV
212,1,1,DLSEHDGDEQSRRVA
213,1,1,LSEHDGDEQSRRVAQ
214,1,1,SEHDGDEQSRRVAQV
215,1,1,EHDGDEQSRRVAQVI
216,1,1,HDGDEQSRRVAQVII
217,1,1,DGDEQSRRVAQVIIP
218,1,1,GDEQSRRVAQVIIPS
219,1,1,DEQSRRVAQVIIPST
220,1,1,EQSRRVAQVIIPSTY
221,1,1,QSRRVAQVIIPSTYV
222,1,1,SRRVAQVIIPSTYVP
223,1,1,RRVAQVIIPSTYVPG
224,1,1,RVAQVIIPSTYVPGT
225,1,1,VAQVIIPSTYVPGTT
226,1,1,AQVIIPSTYVPGTTN
227,1,1,QVIIPSTYVPGTTNH
228,1,1,VIIPSTYVPGTTNHD
229,1,1,IIPSTYVPGTTNHDI
230,1,1,IPSTYVPGTTNHDIA
231,1,1,PSTYVPGTTNHDIAL
232,1,1,STYVPGTTNHDIALL
233,1,1,TYVPGTTNHDIALLR
234,1,1,YVPGTTNHDIALLRL
235,1,1,VPGTTNHDIALLRLH
236,1,1,PGTTNHDIALLRLHQ
237,1,1,GTTNHDIALLRLHQP
238,1,1,TTNHDIALLRLHQPV
239,1,1,TNHDIALLRLHQPVV
240,1,1,NHDIALLRLHQPVVL
241,1,1,HDIALLRLHQPVVLT
242,1,1,DIALLRLHQPVVLTD
243,1,1,IALLRLHQPVVLTDH
244,1,1,ALLRLHQPVVLTDHV
245,1,1,LLRLHQPVVLTDHVV
246,1,1,LRLHQPVVLTDHVVP
247,1,1,RLHQPVVLTDHVVPL
248,1,1,LHQPVVLTDHVVPLC
249,1,1,HQPVVLTDHVVPLCL
250,1,1,QPVVLTDHVVPLCLP
251,1,1,PVVLTDHVVPLCLPE
252,1,1,VVLTDHVVPLCLPER
253,1,1,VLTDHVVPLCLPERT
254,1,1,LTDHVVPLCLPERTF
255,1,1,TDHVVPLCLPERTFS
256,1,1,DHVVPLCLPERTFSE
257,1,1,HVVPLCLPERTFSER
258,1,1,VVPLCLPERTFSERT
259,1,1,VPLCLPERTFSERTL
260,1,1,PLCLPERTFSERTLA
261,1,1,LCLPERTFSERTLAF
262,1,1,CLPERTFSERTLAFV
263,1,1,LPERTFSERTLAFVR
264,1,1,PERTFSERTLAFVRF
265,1,1,ERTFSERTLAFVRFS
266,1,1,RTFSERTLAFVRFSL
267,1,1,TFSERTLAFVRFSLV
268,1,1,FSERTLAFVRFSLVS
269,1,1,SERTLAFVRFSLVSG
270,1,1,ERTLAFVRFSLVSGW
271,1,1,RTLAFVRFSLVSGWG
272,1,1,TLAFVRFSLVSGWGQ
273,1,1,LAFVRFSLVSGWGQL
274,1,1,AFVRFSLVSGWGQLL
275,1,1,FVRFSLVSGWGQLLD
276,1,1,VRFSLVSGWGQLLDR
277,1,1,RFSLVSGWGQLLDRG
278,1,1,FSLVSGWGQLLDRGA
279,1,1,SLVSGWGQLLDRGAT
280,1,1,LVSGWGQLLDRGATA
281,1,1,VSGWGQLLDRGATAL
282,1,1,SGWGQLLDRGATALV
283,1,1,GWGQLLDRGATALVL
284,1,1,WGQLLDRGATALVLQ
285,1,1,GQLLDRGATALVLQV
286,1,1,QLLDRGATALVLQVL
287,1,1,LLDRGATALVLQVLN
288,1,1,LDRGATALVLQVLNV
289,1,1,DRGATALVLQVLNVP
290,1,1,RGATALVLQVLNVPR
291,1,1,GATALVLQVLNVPRL
292,1,1,ATALVLQVLNVPRLM
293,1,1,TALVLQVLNVPRLMT
294,1,1,ALVLQVLNVPRLMTQ
295,1,1,LVLQVLNVPRLMTQD
296,1,1,VLQVLNVPRLMTQDC
297,1,1,LQVLNVPRLMTQDCL
298,1,1,QVLNVPRLMTQDCLQ
299,1,1,VLNVPRLMTQDCLQQ
300,1,1,LNVPRLMTQDCLQQS
301,1,1,NVPRLMTQDCLQQSR
302,1,1,VPRLMTQDCLQQSRK
303,1,1,PRLMTQDCLQQSRKV
304,1,1,RLMTQDCLQQSRKVG
305,1,1,LMTQDCLQQSRKVGD
306,1,1,MTQDCLQQSRKVGDS
307,1,1,TQDCLQQSRKVGDSP
308,1,1,QDCLQQSRKVGDSPN
309,1,1,DCLQQSRKVGDSPNI
310,1,1,CLQQSRKVGDSPNIT
311,1,1,LQQSRKVGDSPNITE
312,1,1,QQSRKVGDSPNITEY
313,1,1,QSRKVGDSPNITEYM
314,1,1,SRKVGDSPNITEYMF
315,1,1,RKVGDSPNITEYMFC
316,1,1,KVGDSPNITEYMFCA
317,1,1,VGDSPNITEYMFCAG
318,1,1,GDSPNITEYMFCAGY
319,1,1,DSPNITEYMFCAGYS
320,1,1,SPNITEYMFCAGYSD
321,1,1,PNITEYMFCAGYSDG
322,1,1,NITEYMFCAGYSDGS
323,1,1,ITEYMFCAGYSDGSK
324,1,1,TEYMFCAGYSDGSKD
325,1,1,EYMFCAGYSDGSKDS
326,1,1,YMFCAGYSDGSKDSC
327,1,1,MFCAGYSDGSKDSCK
328,1,1,FCAGYSDGSKDSCKG
329,1,1,CAGYSDGSKDSCKGD
330,1,1,AGYSDGSKDSCKGDS
331,1,1,GYSDGSKDSCKGDSG
332,1,1,YSDGSKDSCKGDSGG
333,1,1,SDGSKDSCKGDSGGP
334,1,1,DGSKDSCKGDSGGPH
335,1,1,GSKDSCKGDSGGPHA
336,1,1,SKDSCKGDSGGPHAT
337,1,1,KDSCKGDSGGPHATH
338,1,1,DSCKGDSGGPHATHY
339,1,1,SCKGDSGGPHATHYR
340,1,1,CKGDSGGPHATHYRG
341,1,1,KGDSGGPHATHYRGT
342,1,1,GDSGGPHATHYRGTW
343,1,1,DSGGPHATHYRGTWY
344,1,1,SGGPHATHYRGTWYL
345,1,1,GGPHATHYRGTWYLT
346,1,1,GPHATHYRGTWYLTG
347,1,1,PHATHYRGTWYLTGI
348,1,1,HATHYRGTWYLTGIV
349,1,1,ATHYRGTWYLTGIVS
350,1,1,THYRGTWYLTGIVSW
351,1,1,HYRGTWYLTGIVSWG
352,1,1,YRGTWYLTGIVSWGQ
353,1,1,RGTWYLTGIVSWGQG
354,1,1,GTWYLTGIVSWGQGC
355,1,1,TWYLTGIVSWGQGCA
356,1,1,WYLTGIVSWGQGCAT
357,1,1,YLTGIVSWGQGCATV
358,1,1,LTGIVSWGQGCATVG
359,1,1,TGIVSWGQGCATVGH
360,1,1,GIVSWGQGCATVGHF
361,1,1,IVSWGQGCATVGHFG
362,1,1,VSWGQGCATVGHFGV
363,1,1,SWGQGCATVGHFGVY
364,1,1,WGQGCATVGHFGVYT
365,1,1,GQGCATVGHFGVYTR
366,1,1,QGCATVGHFGVYTRV
367,1,1,GCATVGHFGVYTRVS
368,1,1,CATVGHFGVYTRVSQ
369,1,1,ATVGHFGVYTRVSQY
370,1,1,TVGHFGVYTRVSQYI
371,1,1,VGHFGVYTRVSQYIE
372,1,1,GHFGVYTRVSQYIEW
373,1,1,HFGVYTRVSQYIEWL
374,1,1,FGVYTRVSQYIEWLQ
375,1,1,GVYTRVSQYIEWLQK
376,1,1,VYTRVSQYIEWLQKL
377,1,1,YTRVSQYIEWLQKLM
378,1,1,TRVSQYIEWLQKLMR
379,1,1,RVSQYIEWLQKLMRS
380,1,1,VSQYIEWLQKLMRSE
381,1,1,SQYIEWLQKLMRSEP
382,1,1,QYIEWLQKLMRSEPR
383,1,1,YIEWLQKLMRSEPRP
384,1,1,IEWLQKLMRSEPRPG
385,1,1,EWLQKLMRSEPRPGV
386,1,1,WLQKLMRSEPRPGVL
387,1,1,LQKLMRSEPRPGVLL
388,1,1,QKLMRSEPRPGVLLR
389,1,1,KLMRSEPRPGVLLRA
390,1,1,LMRSEPRPGVLLRAP
391,1,1,MRSEPRPGVLLRAPF
392,1,1,RSEPRPGVLLRAPFP
