Index,ChainNum,ChainID,xmers
1,1,1,QVQLVQSGAEVKKPG
2,1,1,VQLVQSGAEVKKPGS
3,1,1,QLVQSGAEVKKPGSS
4,1,1,LVQSGAEVKKPGSSV
5,1,1,VQSGAEVKKPGSSVK
6,1,1,QSGAEVKKPGSSVKV
7,1,1,SGAEVKKPGSSVKVS
8,1,1,GAEVKKPGSSVKVSC
9,1,1,AEVKKPGSSVKVSCK
10,1,1,EVKKPGSSVKVSCKA
11,1,1,VKKPGSSVKVSCKAS
12,1,1,KKPGSSVKVSCKASG
13,1,1,KPGSSVKVSCKASGY
14,1,1,PGSSVKVSCKASGYS
15,1,1,GSSVKVSCKASGYSF
16,1,1,SSVKVSCKASGYSFT
17,1,1,SVKVSCKASGYSFTD
18,1,1,VKVSCKASGYSFTDY
19,1,1,KVSCKASGYSFTDYH
20,1,1,VSCKASGYSFTDYHI
21,1,1,SCKASGYSFTDYHIH
22,1,1,CKASGYSFTDYHIHW
23,1,1,KASGYSFTDYHIHWV
24,1,1,ASGYSFTDYHIHWVR
25,1,1,SGYSFTDYHIHWVRQ
26,1,1,GYSFTDYHIHWVRQA
27,1,1,YSFTDYHIHWVRQAP
28,1,1,SFTDYHIHWVRQAPG
29,1,1,FTDYHIHWVRQAPGQ
30,1,1,TDYHIHWVRQAPGQG
31,1,1,DYHIHWVRQAPGQGL
32,1,1,YHIHWVRQAPGQGLE
33,1,1,HIHWVRQAPGQGLEW
34,1,1,IHWVRQAPGQGLEWM
35,1,1,HWVRQAPGQGLEWMG
36,1,1,WVRQAPGQGLEWMGV
37,1,1,VRQAPGQGLEWMGVI
38,1,1,RQAPGQGLEWMGVIN
39,1,1,QAPGQGLEWMGVINP
40,1,1,APGQGLEWMGVINPM
41,1,1,PGQGLEWMGVINPMY
42,1,1,GQGLEWMGVINPMYG
43,1,1,QGLEWMGVINPMYGT
44,1,1,GLEWMGVINPMYGTT
45,1,1,LEWMGVINPMYGTTD
46,1,1,EWMGVINPMYGTTDY
47,1,1,WMGVINPMYGTTDYN
48,1,1,MGVINPMYGTTDYNQ
49,1,1,GVINPMYGTTDYNQR
50,1,1,VINPMYGTTDYNQRF
51,1,1,INPMYGTTDYNQRFK
52,1,1,NPMYGTTDYNQRFKG
53,1,1,PMYGTTDYNQRFKGR
54,1,1,MYGTTDYNQRFKGRV
55,1,1,YGTTDYNQRFKGRVT
56,1,1,GTTDYNQRFKGRVTI
57,1,1,TTDYNQRFKGRVTIT
58,1,1,TDYNQRFKGRVTITA
59,1,1,DYNQRFKGRVTITAD
60,1,1,YNQRFKGRVTITADE
61,1,1,NQRFKGRVTITADES
62,1,1,QRFKGRVTITADEST
63,1,1,RFKGRVTITADESTS
64,1,1,FKGRVTITADESTST
65,1,1,KGRVTITADESTSTA
66,1,1,GRVTITADESTSTAY
67,1,1,RVTITADESTSTAYM
68,1,1,VTITADESTSTAYME
69,1,1,TITADESTSTAYMEL
70,1,1,ITADESTSTAYMELS
71,1,1,TADESTSTAYMELSS
72,1,1,ADESTSTAYMELSSL
73,1,1,DESTSTAYMELSSLR
74,1,1,ESTSTAYMELSSLRS
75,1,1,STSTAYMELSSLRSE
76,1,1,TSTAYMELSSLRSED
77,1,1,STAYMELSSLRSEDT
78,1,1,TAYMELSSLRSEDTA
79,1,1,AYMELSSLRSEDTAV
80,1,1,YMELSSLRSEDTAVY
81,1,1,MELSSLRSEDTAVYY
82,1,1,ELSSLRSEDTAVYYC
83,1,1,LSSLRSEDTAVYYCA
84,1,1,SSLRSEDTAVYYCAR
85,1,1,SLRSEDTAVYYCARY
86,1,1,LRSEDTAVYYCARYD
87,1,1,RSEDTAVYYCARYDY
88,1,1,SEDTAVYYCARYDYF
89,1,1,EDTAVYYCARYDYFT
90,1,1,DTAVYYCARYDYFTG
91,1,1,TAVYYCARYDYFTGT
92,1,1,AVYYCARYDYFTGTG
93,1,1,VYYCARYDYFTGTGV
94,1,1,YYCARYDYFTGTGVY
95,1,1,YCARYDYFTGTGVYW
96,1,1,CARYDYFTGTGVYWG
97,1,1,ARYDYFTGTGVYWGQ
98,1,1,RYDYFTGTGVYWGQG
99,1,1,YDYFTGTGVYWGQGT
100,1,1,DYFTGTGVYWGQGTL
101,1,1,YFTGTGVYWGQGTLV
102,1,1,FTGTGVYWGQGTLVT
103,1,1,TGTGVYWGQGTLVTV
104,1,1,GTGVYWGQGTLVTVS
105,1,1,TGVYWGQGTLVTVSS
106,1,1,GVYWGQGTLVTVSSA
107,1,1,VYWGQGTLVTVSSAS
108,1,1,YWGQGTLVTVSSAST
109,1,1,WGQGTLVTVSSASTK
110,1,1,GQGTLVTVSSASTKG
111,1,1,QGTLVTVSSASTKGP
112,1,1,GTLVTVSSASTKGPS
113,1,1,TLVTVSSASTKGPSV
114,1,1,LVTVSSASTKGPSVF
115,1,1,VTVSSASTKGPSVFP
116,1,1,TVSSASTKGPSVFPL
117,1,1,VSSASTKGPSVFPLA
118,1,1,SSASTKGPSVFPLAP
119,1,1,SASTKGPSVFPLAPC
120,1,1,ASTKGPSVFPLAPCS
121,1,1,STKGPSVFPLAPCSR
122,1,1,TKGPSVFPLAPCSRS
123,1,1,KGPSVFPLAPCSRST
124,1,1,GPSVFPLAPCSRSTS
125,1,1,PSVFPLAPCSRSTSE
126,1,1,SVFPLAPCSRSTSES
127,1,1,VFPLAPCSRSTSEST
128,1,1,FPLAPCSRSTSESTA
129,1,1,PLAPCSRSTSESTAA
130,1,1,LAPCSRSTSESTAAL
131,1,1,APCSRSTSESTAALG
132,1,1,PCSRSTSESTAALGC
133,1,1,CSRSTSESTAALGCL
134,1,1,SRSTSESTAALGCLV
135,1,1,RSTSESTAALGCLVK
136,1,1,STSESTAALGCLVKD
137,1,1,TSESTAALGCLVKDY
138,1,1,SESTAALGCLVKDYF
139,1,1,ESTAALGCLVKDYFP
140,1,1,STAALGCLVKDYFPE
141,1,1,TAALGCLVKDYFPEP
142,1,1,AALGCLVKDYFPEPV
143,1,1,ALGCLVKDYFPEPVT
144,1,1,LGCLVKDYFPEPVTV
145,1,1,GCLVKDYFPEPVTVS
146,1,1,CLVKDYFPEPVTVSW
147,1,1,LVKDYFPEPVTVSWN
148,1,1,VKDYFPEPVTVSWNS
149,1,1,KDYFPEPVTVSWNSG
150,1,1,DYFPEPVTVSWNSGA
151,1,1,YFPEPVTVSWNSGAL
152,1,1,FPEPVTVSWNSGALT
153,1,1,PEPVTVSWNSGALTS
154,1,1,EPVTVSWNSGALTSG
155,1,1,PVTVSWNSGALTSGV
156,1,1,VTVSWNSGALTSGVH
157,1,1,TVSWNSGALTSGVHT
158,1,1,VSWNSGALTSGVHTF
159,1,1,SWNSGALTSGVHTFP
160,1,1,WNSGALTSGVHTFPA
161,1,1,NSGALTSGVHTFPAV
162,1,1,SGALTSGVHTFPAVL
163,1,1,GALTSGVHTFPAVLQ
164,1,1,ALTSGVHTFPAVLQS
165,1,1,LTSGVHTFPAVLQSS
166,1,1,TSGVHTFPAVLQSSG
167,1,1,SGVHTFPAVLQSSGL
168,1,1,GVHTFPAVLQSSGLY
169,1,1,VHTFPAVLQSSGLYS
170,1,1,HTFPAVLQSSGLYSL
171,1,1,TFPAVLQSSGLYSLS
172,1,1,FPAVLQSSGLYSLSS
173,1,1,PAVLQSSGLYSLSSV
174,1,1,AVLQSSGLYSLSSVV
175,1,1,VLQSSGLYSLSSVVT
176,1,1,LQSSGLYSLSSVVTV
177,1,1,QSSGLYSLSSVVTVP
178,1,1,SSGLYSLSSVVTVPS
179,1,1,SGLYSLSSVVTVPSS
180,1,1,GLYSLSSVVTVPSSS
181,1,1,LYSLSSVVTVPSSSL
182,1,1,YSLSSVVTVPSSSLG
183,1,1,SLSSVVTVPSSSLGT
184,1,1,LSSVVTVPSSSLGTK
185,1,1,SSVVTVPSSSLGTKT
186,1,1,SVVTVPSSSLGTKTY
187,1,1,VVTVPSSSLGTKTYT
188,1,1,VTVPSSSLGTKTYTC
189,1,1,TVPSSSLGTKTYTCN
190,1,1,VPSSSLGTKTYTCNV
191,1,1,PSSSLGTKTYTCNVD
192,1,1,SSSLGTKTYTCNVDH
193,1,1,SSLGTKTYTCNVDHK
194,1,1,SLGTKTYTCNVDHKP
195,1,1,LGTKTYTCNVDHKPS
196,1,1,GTKTYTCNVDHKPSN
197,1,1,TKTYTCNVDHKPSNT
198,1,1,KTYTCNVDHKPSNTK
199,1,1,TYTCNVDHKPSNTKV
200,1,1,YTCNVDHKPSNTKVD
201,1,1,TCNVDHKPSNTKVDK
202,1,1,CNVDHKPSNTKVDKR
203,1,1,NVDHKPSNTKVDKRV
204,1,1,VDHKPSNTKVDKRVE
205,1,1,DHKPSNTKVDKRVES
206,1,1,HKPSNTKVDKRVESK
207,1,1,KPSNTKVDKRVESKY
208,1,1,PSNTKVDKRVESKYG
209,1,1,SNTKVDKRVESKYGP
210,1,1,NTKVDKRVESKYGPP
211,1,1,TKVDKRVESKYGPPC
212,1,1,KVDKRVESKYGPPCP
213,1,1,VDKRVESKYGPPCPP
214,1,1,DKRVESKYGPPCPPC
215,1,1,KRVESKYGPPCPPCP
216,1,1,RVESKYGPPCPPCPA
217,1,1,VESKYGPPCPPCPAP
218,1,1,ESKYGPPCPPCPAPE
219,1,1,SKYGPPCPPCPAPEF
220,1,1,KYGPPCPPCPAPEFL
221,1,1,YGPPCPPCPAPEFLG
222,1,1,GPPCPPCPAPEFLGG
223,1,1,PPCPPCPAPEFLGGP
224,1,1,PCPPCPAPEFLGGPS
225,1,1,CPPCPAPEFLGGPSV
226,1,1,PPCPAPEFLGGPSVF
227,1,1,PCPAPEFLGGPSVFL
228,1,1,CPAPEFLGGPSVFLF
229,1,1,PAPEFLGGPSVFLFP
230,1,1,APEFLGGPSVFLFPP
231,1,1,PEFLGGPSVFLFPPK
232,1,1,EFLGGPSVFLFPPKP
233,1,1,FLGGPSVFLFPPKPK
234,1,1,LGGPSVFLFPPKPKD
235,1,1,GGPSVFLFPPKPKDT
236,1,1,GPSVFLFPPKPKDTL
237,1,1,PSVFLFPPKPKDTLM
238,1,1,SVFLFPPKPKDTLMI
239,1,1,VFLFPPKPKDTLMIS
240,1,1,FLFPPKPKDTLMISR
241,1,1,LFPPKPKDTLMISRT
242,1,1,FPPKPKDTLMISRTP
243,1,1,PPKPKDTLMISRTPE
244,1,1,PKPKDTLMISRTPEV
245,1,1,KPKDTLMISRTPEVT
246,1,1,PKDTLMISRTPEVTC
247,1,1,KDTLMISRTPEVTCV
248,1,1,DTLMISRTPEVTCVV
249,1,1,TLMISRTPEVTCVVV
250,1,1,LMISRTPEVTCVVVD
251,1,1,MISRTPEVTCVVVDV
252,1,1,ISRTPEVTCVVVDVS
253,1,1,SRTPEVTCVVVDVSQ
254,1,1,RTPEVTCVVVDVSQE
255,1,1,TPEVTCVVVDVSQED
256,1,1,PEVTCVVVDVSQEDP
257,1,1,EVTCVVVDVSQEDPE
258,1,1,VTCVVVDVSQEDPEV
259,1,1,TCVVVDVSQEDPEVQ
260,1,1,CVVVDVSQEDPEVQF
261,1,1,VVVDVSQEDPEVQFN
262,1,1,VVDVSQEDPEVQFNW
263,1,1,VDVSQEDPEVQFNWY
264,1,1,DVSQEDPEVQFNWYV
265,1,1,VSQEDPEVQFNWYVD
266,1,1,SQEDPEVQFNWYVDG
267,1,1,QEDPEVQFNWYVDGV
268,1,1,EDPEVQFNWYVDGVE
269,1,1,DPEVQFNWYVDGVEV
270,1,1,PEVQFNWYVDGVEVH
271,1,1,EVQFNWYVDGVEVHN
272,1,1,VQFNWYVDGVEVHNA
273,1,1,QFNWYVDGVEVHNAK
274,1,1,FNWYVDGVEVHNAKT
275,1,1,NWYVDGVEVHNAKTK
276,1,1,WYVDGVEVHNAKTKP
277,1,1,YVDGVEVHNAKTKPR
278,1,1,VDGVEVHNAKTKPRE
279,1,1,DGVEVHNAKTKPREE
280,1,1,GVEVHNAKTKPREEQ
281,1,1,VEVHNAKTKPREEQF
282,1,1,EVHNAKTKPREEQFN
283,1,1,VHNAKTKPREEQFNS
284,1,1,HNAKTKPREEQFNST
285,1,1,NAKTKPREEQFNSTY
286,1,1,AKTKPREEQFNSTYR
287,1,1,KTKPREEQFNSTYRV
288,1,1,TKPREEQFNSTYRVV
289,1,1,KPREEQFNSTYRVVS
290,1,1,PREEQFNSTYRVVSV
291,1,1,REEQFNSTYRVVSVL
292,1,1,EEQFNSTYRVVSVLT
293,1,1,EQFNSTYRVVSVLTV
294,1,1,QFNSTYRVVSVLTVL
295,1,1,FNSTYRVVSVLTVLH
296,1,1,NSTYRVVSVLTVLHQ
297,1,1,STYRVVSVLTVLHQD
298,1,1,TYRVVSVLTVLHQDW
299,1,1,YRVVSVLTVLHQDWL
300,1,1,RVVSVLTVLHQDWLN
301,1,1,VVSVLTVLHQDWLNG
302,1,1,VSVLTVLHQDWLNGK
303,1,1,SVLTVLHQDWLNGKE
304,1,1,VLTVLHQDWLNGKEY
305,1,1,LTVLHQDWLNGKEYK
306,1,1,TVLHQDWLNGKEYKC
307,1,1,VLHQDWLNGKEYKCK
308,1,1,LHQDWLNGKEYKCKV
309,1,1,HQDWLNGKEYKCKVS
310,1,1,QDWLNGKEYKCKVSN
311,1,1,DWLNGKEYKCKVSNK
312,1,1,WLNGKEYKCKVSNKG
313,1,1,LNGKEYKCKVSNKGL
314,1,1,NGKEYKCKVSNKGLP
315,1,1,GKEYKCKVSNKGLPS
316,1,1,KEYKCKVSNKGLPSS
317,1,1,EYKCKVSNKGLPSSI
318,1,1,YKCKVSNKGLPSSIE
319,1,1,KCKVSNKGLPSSIEK
320,1,1,CKVSNKGLPSSIEKT
321,1,1,KVSNKGLPSSIEKTI
322,1,1,VSNKGLPSSIEKTIS
323,1,1,SNKGLPSSIEKTISK
324,1,1,NKGLPSSIEKTISKA
325,1,1,KGLPSSIEKTISKAK
326,1,1,GLPSSIEKTISKAKG
327,1,1,LPSSIEKTISKAKGQ
328,1,1,PSSIEKTISKAKGQP
329,1,1,SSIEKTISKAKGQPR
330,1,1,SIEKTISKAKGQPRE
331,1,1,IEKTISKAKGQPREP
332,1,1,EKTISKAKGQPREPQ
333,1,1,KTISKAKGQPREPQV
334,1,1,TISKAKGQPREPQVY
335,1,1,ISKAKGQPREPQVYT
336,1,1,SKAKGQPREPQVYTL
337,1,1,KAKGQPREPQVYTLP
338,1,1,AKGQPREPQVYTLPP
339,1,1,KGQPREPQVYTLPPS
340,1,1,GQPREPQVYTLPPSQ
341,1,1,QPREPQVYTLPPSQE
342,1,1,PREPQVYTLPPSQEE
343,1,1,REPQVYTLPPSQEEM
344,1,1,EPQVYTLPPSQEEMT
345,1,1,PQVYTLPPSQEEMTK
346,1,1,QVYTLPPSQEEMTKN
347,1,1,VYTLPPSQEEMTKNQ
348,1,1,YTLPPSQEEMTKNQV
349,1,1,TLPPSQEEMTKNQVS
350,1,1,LPPSQEEMTKNQVSL
351,1,1,PPSQEEMTKNQVSLT
352,1,1,PSQEEMTKNQVSLTC
353,1,1,SQEEMTKNQVSLTCL
354,1,1,QEEMTKNQVSLTCLV
355,1,1,EEMTKNQVSLTCLVK
356,1,1,EMTKNQVSLTCLVKG
357,1,1,MTKNQVSLTCLVKGF
358,1,1,TKNQVSLTCLVKGFY
359,1,1,KNQVSLTCLVKGFYP
360,1,1,NQVSLTCLVKGFYPS
361,1,1,QVSLTCLVKGFYPSD
362,1,1,VSLTCLVKGFYPSDI
363,1,1,SLTCLVKGFYPSDIA
364,1,1,LTCLVKGFYPSDIAV
365,1,1,TCLVKGFYPSDIAVE
366,1,1,CLVKGFYPSDIAVEW
367,1,1,LVKGFYPSDIAVEWE
368,1,1,VKGFYPSDIAVEWES
369,1,1,KGFYPSDIAVEWESN
370,1,1,GFYPSDIAVEWESNG
371,1,1,FYPSDIAVEWESNGQ
372,1,1,YPSDIAVEWESNGQP
373,1,1,PSDIAVEWESNGQPE
374,1,1,SDIAVEWESNGQPEN
375,1,1,DIAVEWESNGQPENN
376,1,1,IAVEWESNGQPENNY
377,1,1,AVEWESNGQPENNYK
378,1,1,VEWESNGQPENNYKT
379,1,1,EWESNGQPENNYKTT
380,1,1,WESNGQPENNYKTTP
381,1,1,ESNGQPENNYKTTPP
382,1,1,SNGQPENNYKTTPPV
383,1,1,NGQPENNYKTTPPVL
384,1,1,GQPENNYKTTPPVLD
385,1,1,QPENNYKTTPPVLDS
386,1,1,PENNYKTTPPVLDSD
387,1,1,ENNYKTTPPVLDSDG
388,1,1,NNYKTTPPVLDSDGS
389,1,1,NYKTTPPVLDSDGSF
390,1,1,YKTTPPVLDSDGSFF
391,1,1,KTTPPVLDSDGSFFL
392,1,1,TTPPVLDSDGSFFLY
393,1,1,TPPVLDSDGSFFLYS
394,1,1,PPVLDSDGSFFLYSR
395,1,1,PVLDSDGSFFLYSRL
396,1,1,VLDSDGSFFLYSRLT
397,1,1,LDSDGSFFLYSRLTV
398,1,1,DSDGSFFLYSRLTVD
399,1,1,SDGSFFLYSRLTVDK
400,1,1,DGSFFLYSRLTVDKS
401,1,1,GSFFLYSRLTVDKSR
402,1,1,SFFLYSRLTVDKSRW
403,1,1,FFLYSRLTVDKSRWQ
404,1,1,FLYSRLTVDKSRWQE
405,1,1,LYSRLTVDKSRWQEG
406,1,1,YSRLTVDKSRWQEGN
407,1,1,SRLTVDKSRWQEGNV
408,1,1,RLTVDKSRWQEGNVF
409,1,1,LTVDKSRWQEGNVFS
410,1,1,TVDKSRWQEGNVFSC
411,1,1,VDKSRWQEGNVFSCS
412,1,1,DKSRWQEGNVFSCSV
413,1,1,KSRWQEGNVFSCSVM
414,1,1,SRWQEGNVFSCSVMH
415,1,1,RWQEGNVFSCSVMHE
416,1,1,WQEGNVFSCSVMHEA
417,1,1,QEGNVFSCSVMHEAL
418,1,1,EGNVFSCSVMHEALH
419,1,1,GNVFSCSVMHEALHN
420,1,1,NVFSCSVMHEALHNH
421,1,1,VFSCSVMHEALHNHY
422,1,1,FSCSVMHEALHNHYT
423,1,1,SCSVMHEALHNHYTQ
424,1,1,CSVMHEALHNHYTQK
425,1,1,SVMHEALHNHYTQKS
426,1,1,VMHEALHNHYTQKSL
427,1,1,MHEALHNHYTQKSLS
428,1,1,HEALHNHYTQKSLSL
429,1,1,EALHNHYTQKSLSLS
430,1,1,ALHNHYTQKSLSLSL
431,1,1,LHNHYTQKSLSLSLG
432,2,2,DIVMTQTPLSLSVTP
433,2,2,IVMTQTPLSLSVTPG
434,2,2,VMTQTPLSLSVTPGQ
435,2,2,MTQTPLSLSVTPGQP
436,2,2,TQTPLSLSVTPGQPA
437,2,2,QTPLSLSVTPGQPAS
438,2,2,TPLSLSVTPGQPASI
439,2,2,PLSLSVTPGQPASIS
440,2,2,LSLSVTPGQPASISC
441,2,2,SLSVTPGQPASISCR
442,2,2,LSVTPGQPASISCRS
443,2,2,SVTPGQPASISCRSS
444,2,2,VTPGQPASISCRSSR
445,2,2,TPGQPASISCRSSRS
446,2,2,PGQPASISCRSSRSL
447,2,2,GQPASISCRSSRSLV
448,2,2,QPASISCRSSRSLVH
449,2,2,PASISCRSSRSLVHS
450,2,2,ASISCRSSRSLVHSR
451,2,2,SISCRSSRSLVHSRG
452,2,2,ISCRSSRSLVHSRGN
453,2,2,SCRSSRSLVHSRGNT
454,2,2,CRSSRSLVHSRGNTY
455,2,2,RSSRSLVHSRGNTYL
456,2,2,SSRSLVHSRGNTYLH
457,2,2,SRSLVHSRGNTYLHW
458,2,2,RSLVHSRGNTYLHWY
459,2,2,SLVHSRGNTYLHWYL
460,2,2,LVHSRGNTYLHWYLQ
461,2,2,VHSRGNTYLHWYLQK
462,2,2,HSRGNTYLHWYLQKP
463,2,2,SRGNTYLHWYLQKPG
464,2,2,RGNTYLHWYLQKPGQ
465,2,2,GNTYLHWYLQKPGQS
466,2,2,NTYLHWYLQKPGQSP
467,2,2,TYLHWYLQKPGQSPQ
468,2,2,YLHWYLQKPGQSPQL
469,2,2,LHWYLQKPGQSPQLL
470,2,2,HWYLQKPGQSPQLLI
471,2,2,WYLQKPGQSPQLLIY
472,2,2,YLQKPGQSPQLLIYK
473,2,2,LQKPGQSPQLLIYKV
474,2,2,QKPGQSPQLLIYKVS
475,2,2,KPGQSPQLLIYKVSN
476,2,2,PGQSPQLLIYKVSNR
477,2,2,GQSPQLLIYKVSNRF
478,2,2,QSPQLLIYKVSNRFI
479,2,2,SPQLLIYKVSNRFIG
480,2,2,PQLLIYKVSNRFIGV
481,2,2,QLLIYKVSNRFIGVP
482,2,2,LLIYKVSNRFIGVPD
483,2,2,LIYKVSNRFIGVPDR
484,2,2,IYKVSNRFIGVPDRF
485,2,2,YKVSNRFIGVPDRFS
486,2,2,KVSNRFIGVPDRFSG
487,2,2,VSNRFIGVPDRFSGS
488,2,2,SNRFIGVPDRFSGSG
489,2,2,NRFIGVPDRFSGSGS
490,2,2,RFIGVPDRFSGSGSG
491,2,2,FIGVPDRFSGSGSGT
492,2,2,IGVPDRFSGSGSGTD
493,2,2,GVPDRFSGSGSGTDF
494,2,2,VPDRFSGSGSGTDFT
495,2,2,PDRFSGSGSGTDFTL
496,2,2,DRFSGSGSGTDFTLK
497,2,2,RFSGSGSGTDFTLKI
498,2,2,FSGSGSGTDFTLKIS
499,2,2,SGSGSGTDFTLKISR
500,2,2,GSGSGTDFTLKISRV
501,2,2,SGSGTDFTLKISRVE
502,2,2,GSGTDFTLKISRVEA
503,2,2,SGTDFTLKISRVEAE
504,2,2,GTDFTLKISRVEAED
505,2,2,TDFTLKISRVEAEDV
506,2,2,DFTLKISRVEAEDVG
507,2,2,FTLKISRVEAEDVGV
508,2,2,TLKISRVEAEDVGVY
509,2,2,LKISRVEAEDVGVYY
510,2,2,KISRVEAEDVGVYYC
511,2,2,ISRVEAEDVGVYYCS
512,2,2,SRVEAEDVGVYYCSQ
513,2,2,RVEAEDVGVYYCSQS
514,2,2,VEAEDVGVYYCSQST
515,2,2,EAEDVGVYYCSQSTH
516,2,2,AEDVGVYYCSQSTHL
517,2,2,EDVGVYYCSQSTHLP
518,2,2,DVGVYYCSQSTHLPF
519,2,2,VGVYYCSQSTHLPFT
520,2,2,GVYYCSQSTHLPFTF
521,2,2,VYYCSQSTHLPFTFG
522,2,2,YYCSQSTHLPFTFGQ
523,2,2,YCSQSTHLPFTFGQG
524,2,2,CSQSTHLPFTFGQGT
525,2,2,SQSTHLPFTFGQGTK
526,2,2,QSTHLPFTFGQGTKL
527,2,2,STHLPFTFGQGTKLE
528,2,2,THLPFTFGQGTKLEI
529,2,2,HLPFTFGQGTKLEIK
530,2,2,LPFTFGQGTKLEIKR
531,2,2,PFTFGQGTKLEIKRT
532,2,2,FTFGQGTKLEIKRTV
533,2,2,TFGQGTKLEIKRTVA
534,2,2,FGQGTKLEIKRTVAA
535,2,2,GQGTKLEIKRTVAAP
536,2,2,QGTKLEIKRTVAAPS
537,2,2,GTKLEIKRTVAAPSV
538,2,2,TKLEIKRTVAAPSVF
539,2,2,KLEIKRTVAAPSVFI
540,2,2,LEIKRTVAAPSVFIF
541,2,2,EIKRTVAAPSVFIFP
542,2,2,IKRTVAAPSVFIFPP
543,2,2,KRTVAAPSVFIFPPS
544,2,2,RTVAAPSVFIFPPSD
545,2,2,TVAAPSVFIFPPSDE
546,2,2,VAAPSVFIFPPSDEQ
547,2,2,AAPSVFIFPPSDEQL
548,2,2,APSVFIFPPSDEQLK
549,2,2,PSVFIFPPSDEQLKS
550,2,2,SVFIFPPSDEQLKSG
551,2,2,VFIFPPSDEQLKSGT
552,2,2,FIFPPSDEQLKSGTA
553,2,2,IFPPSDEQLKSGTAS
554,2,2,FPPSDEQLKSGTASV
555,2,2,PPSDEQLKSGTASVV
556,2,2,PSDEQLKSGTASVVC
557,2,2,SDEQLKSGTASVVCL
558,2,2,DEQLKSGTASVVCLL
559,2,2,EQLKSGTASVVCLLN
560,2,2,QLKSGTASVVCLLNN
561,2,2,LKSGTASVVCLLNNF
562,2,2,KSGTASVVCLLNNFY
563,2,2,SGTASVVCLLNNFYP
564,2,2,GTASVVCLLNNFYPR
565,2,2,TASVVCLLNNFYPRE
566,2,2,ASVVCLLNNFYPREA
567,2,2,SVVCLLNNFYPREAK
568,2,2,VVCLLNNFYPREAKV
569,2,2,VCLLNNFYPREAKVQ
570,2,2,CLLNNFYPREAKVQW
571,2,2,LLNNFYPREAKVQWK
572,2,2,LNNFYPREAKVQWKV
573,2,2,NNFYPREAKVQWKVD
574,2,2,NFYPREAKVQWKVDN
575,2,2,FYPREAKVQWKVDNA
576,2,2,YPREAKVQWKVDNAL
577,2,2,PREAKVQWKVDNALQ
578,2,2,REAKVQWKVDNALQS
579,2,2,EAKVQWKVDNALQSG
580,2,2,AKVQWKVDNALQSGN
581,2,2,KVQWKVDNALQSGNS
582,2,2,VQWKVDNALQSGNSQ
583,2,2,QWKVDNALQSGNSQE
584,2,2,WKVDNALQSGNSQES
585,2,2,KVDNALQSGNSQESV
586,2,2,VDNALQSGNSQESVT
587,2,2,DNALQSGNSQESVTE
588,2,2,NALQSGNSQESVTEQ
589,2,2,ALQSGNSQESVTEQD
590,2,2,LQSGNSQESVTEQDS
591,2,2,QSGNSQESVTEQDSK
592,2,2,SGNSQESVTEQDSKD
593,2,2,GNSQESVTEQDSKDS
594,2,2,NSQESVTEQDSKDST
595,2,2,SQESVTEQDSKDSTY
596,2,2,QESVTEQDSKDSTYS
597,2,2,ESVTEQDSKDSTYSL
598,2,2,SVTEQDSKDSTYSLS
599,2,2,VTEQDSKDSTYSLSS
600,2,2,TEQDSKDSTYSLSST
601,2,2,EQDSKDSTYSLSSTL
602,2,2,QDSKDSTYSLSSTLT
603,2,2,DSKDSTYSLSSTLTL
604,2,2,SKDSTYSLSSTLTLS
605,2,2,KDSTYSLSSTLTLSK
606,2,2,DSTYSLSSTLTLSKA
607,2,2,STYSLSSTLTLSKAD
608,2,2,TYSLSSTLTLSKADY
609,2,2,YSLSSTLTLSKADYE
610,2,2,SLSSTLTLSKADYEK
611,2,2,LSSTLTLSKADYEKH
612,2,2,SSTLTLSKADYEKHK
613,2,2,STLTLSKADYEKHKV
614,2,2,TLTLSKADYEKHKVY
615,2,2,LTLSKADYEKHKVYA
616,2,2,TLSKADYEKHKVYAC
617,2,2,LSKADYEKHKVYACE
618,2,2,SKADYEKHKVYACEV
619,2,2,KADYEKHKVYACEVT
620,2,2,ADYEKHKVYACEVTH
621,2,2,DYEKHKVYACEVTHQ
622,2,2,YEKHKVYACEVTHQG
623,2,2,EKHKVYACEVTHQGL
624,2,2,KHKVYACEVTHQGLS
625,2,2,HKVYACEVTHQGLSS
626,2,2,KVYACEVTHQGLSSP
627,2,2,VYACEVTHQGLSSPV
628,2,2,YACEVTHQGLSSPVT
629,2,2,ACEVTHQGLSSPVTK
630,2,2,CEVTHQGLSSPVTKS
631,2,2,EVTHQGLSSPVTKSF
632,2,2,VTHQGLSSPVTKSFN
633,2,2,THQGLSSPVTKSFNR
634,2,2,HQGLSSPVTKSFNRG
635,2,2,QGLSSPVTKSFNRGE
636,2,2,GLSSPVTKSFNRGEC
637,3,1,QVQLVQSGAEVKKPG
638,3,1,VQLVQSGAEVKKPGS
639,3,1,QLVQSGAEVKKPGSS
640,3,1,LVQSGAEVKKPGSSV
641,3,1,VQSGAEVKKPGSSVK
642,3,1,QSGAEVKKPGSSVKV
643,3,1,SGAEVKKPGSSVKVS
644,3,1,GAEVKKPGSSVKVSC
645,3,1,AEVKKPGSSVKVSCK
646,3,1,EVKKPGSSVKVSCKA
647,3,1,VKKPGSSVKVSCKAS
648,3,1,KKPGSSVKVSCKASG
649,3,1,KPGSSVKVSCKASGY
650,3,1,PGSSVKVSCKASGYS
651,3,1,GSSVKVSCKASGYSF
652,3,1,SSVKVSCKASGYSFT
653,3,1,SVKVSCKASGYSFTD
654,3,1,VKVSCKASGYSFTDY
655,3,1,KVSCKASGYSFTDYH
656,3,1,VSCKASGYSFTDYHI
657,3,1,SCKASGYSFTDYHIH
658,3,1,CKASGYSFTDYHIHW
659,3,1,KASGYSFTDYHIHWV
660,3,1,ASGYSFTDYHIHWVR
661,3,1,SGYSFTDYHIHWVRQ
662,3,1,GYSFTDYHIHWVRQA
663,3,1,YSFTDYHIHWVRQAP
664,3,1,SFTDYHIHWVRQAPG
665,3,1,FTDYHIHWVRQAPGQ
666,3,1,TDYHIHWVRQAPGQG
667,3,1,DYHIHWVRQAPGQGL
668,3,1,YHIHWVRQAPGQGLE
669,3,1,HIHWVRQAPGQGLEW
670,3,1,IHWVRQAPGQGLEWM
671,3,1,HWVRQAPGQGLEWMG
672,3,1,WVRQAPGQGLEWMGV
673,3,1,VRQAPGQGLEWMGVI
674,3,1,RQAPGQGLEWMGVIN
675,3,1,QAPGQGLEWMGVINP
676,3,1,APGQGLEWMGVINPM
677,3,1,PGQGLEWMGVINPMY
678,3,1,GQGLEWMGVINPMYG
679,3,1,QGLEWMGVINPMYGT
680,3,1,GLEWMGVINPMYGTT
681,3,1,LEWMGVINPMYGTTD
682,3,1,EWMGVINPMYGTTDY
683,3,1,WMGVINPMYGTTDYN
684,3,1,MGVINPMYGTTDYNQ
685,3,1,GVINPMYGTTDYNQR
686,3,1,VINPMYGTTDYNQRF
687,3,1,INPMYGTTDYNQRFK
688,3,1,NPMYGTTDYNQRFKG
689,3,1,PMYGTTDYNQRFKGR
690,3,1,MYGTTDYNQRFKGRV
691,3,1,YGTTDYNQRFKGRVT
692,3,1,GTTDYNQRFKGRVTI
693,3,1,TTDYNQRFKGRVTIT
694,3,1,TDYNQRFKGRVTITA
695,3,1,DYNQRFKGRVTITAD
696,3,1,YNQRFKGRVTITADE
697,3,1,NQRFKGRVTITADES
698,3,1,QRFKGRVTITADEST
699,3,1,RFKGRVTITADESTS
700,3,1,FKGRVTITADESTST
701,3,1,KGRVTITADESTSTA
702,3,1,GRVTITADESTSTAY
703,3,1,RVTITADESTSTAYM
704,3,1,VTITADESTSTAYME
705,3,1,TITADESTSTAYMEL
706,3,1,ITADESTSTAYMELS
707,3,1,TADESTSTAYMELSS
708,3,1,ADESTSTAYMELSSL
709,3,1,DESTSTAYMELSSLR
710,3,1,ESTSTAYMELSSLRS
711,3,1,STSTAYMELSSLRSE
712,3,1,TSTAYMELSSLRSED
713,3,1,STAYMELSSLRSEDT
714,3,1,TAYMELSSLRSEDTA
715,3,1,AYMELSSLRSEDTAV
716,3,1,YMELSSLRSEDTAVY
717,3,1,MELSSLRSEDTAVYY
718,3,1,ELSSLRSEDTAVYYC
719,3,1,LSSLRSEDTAVYYCA
720,3,1,SSLRSEDTAVYYCAR
721,3,1,SLRSEDTAVYYCARY
722,3,1,LRSEDTAVYYCARYD
723,3,1,RSEDTAVYYCARYDY
724,3,1,SEDTAVYYCARYDYF
725,3,1,EDTAVYYCARYDYFT
726,3,1,DTAVYYCARYDYFTG
727,3,1,TAVYYCARYDYFTGT
728,3,1,AVYYCARYDYFTGTG
729,3,1,VYYCARYDYFTGTGV
730,3,1,YYCARYDYFTGTGVY
731,3,1,YCARYDYFTGTGVYW
732,3,1,CARYDYFTGTGVYWG
733,3,1,ARYDYFTGTGVYWGQ
734,3,1,RYDYFTGTGVYWGQG
735,3,1,YDYFTGTGVYWGQGT
736,3,1,DYFTGTGVYWGQGTL
737,3,1,YFTGTGVYWGQGTLV
738,3,1,FTGTGVYWGQGTLVT
739,3,1,TGTGVYWGQGTLVTV
740,3,1,GTGVYWGQGTLVTVS
741,3,1,TGVYWGQGTLVTVSS
742,3,1,GVYWGQGTLVTVSSA
743,3,1,VYWGQGTLVTVSSAS
744,3,1,YWGQGTLVTVSSAST
745,3,1,WGQGTLVTVSSASTK
746,3,1,GQGTLVTVSSASTKG
747,3,1,QGTLVTVSSASTKGP
748,3,1,GTLVTVSSASTKGPS
749,3,1,TLVTVSSASTKGPSV
750,3,1,LVTVSSASTKGPSVF
751,3,1,VTVSSASTKGPSVFP
752,3,1,TVSSASTKGPSVFPL
753,3,1,VSSASTKGPSVFPLA
754,3,1,SSASTKGPSVFPLAP
755,3,1,SASTKGPSVFPLAPC
756,3,1,ASTKGPSVFPLAPCS
757,3,1,STKGPSVFPLAPCSR
758,3,1,TKGPSVFPLAPCSRS
759,3,1,KGPSVFPLAPCSRST
760,3,1,GPSVFPLAPCSRSTS
761,3,1,PSVFPLAPCSRSTSE
762,3,1,SVFPLAPCSRSTSES
763,3,1,VFPLAPCSRSTSEST
764,3,1,FPLAPCSRSTSESTA
765,3,1,PLAPCSRSTSESTAA
766,3,1,LAPCSRSTSESTAAL
767,3,1,APCSRSTSESTAALG
768,3,1,PCSRSTSESTAALGC
769,3,1,CSRSTSESTAALGCL
770,3,1,SRSTSESTAALGCLV
771,3,1,RSTSESTAALGCLVK
772,3,1,STSESTAALGCLVKD
773,3,1,TSESTAALGCLVKDY
774,3,1,SESTAALGCLVKDYF
775,3,1,ESTAALGCLVKDYFP
776,3,1,STAALGCLVKDYFPE
777,3,1,TAALGCLVKDYFPEP
778,3,1,AALGCLVKDYFPEPV
779,3,1,ALGCLVKDYFPEPVT
780,3,1,LGCLVKDYFPEPVTV
781,3,1,GCLVKDYFPEPVTVS
782,3,1,CLVKDYFPEPVTVSW
783,3,1,LVKDYFPEPVTVSWN
784,3,1,VKDYFPEPVTVSWNS
785,3,1,KDYFPEPVTVSWNSG
786,3,1,DYFPEPVTVSWNSGA
787,3,1,YFPEPVTVSWNSGAL
788,3,1,FPEPVTVSWNSGALT
789,3,1,PEPVTVSWNSGALTS
790,3,1,EPVTVSWNSGALTSG
791,3,1,PVTVSWNSGALTSGV
792,3,1,VTVSWNSGALTSGVH
793,3,1,TVSWNSGALTSGVHT
794,3,1,VSWNSGALTSGVHTF
795,3,1,SWNSGALTSGVHTFP
796,3,1,WNSGALTSGVHTFPA
797,3,1,NSGALTSGVHTFPAV
798,3,1,SGALTSGVHTFPAVL
799,3,1,GALTSGVHTFPAVLQ
800,3,1,ALTSGVHTFPAVLQS
801,3,1,LTSGVHTFPAVLQSS
802,3,1,TSGVHTFPAVLQSSG
803,3,1,SGVHTFPAVLQSSGL
804,3,1,GVHTFPAVLQSSGLY
805,3,1,VHTFPAVLQSSGLYS
806,3,1,HTFPAVLQSSGLYSL
807,3,1,TFPAVLQSSGLYSLS
808,3,1,FPAVLQSSGLYSLSS
809,3,1,PAVLQSSGLYSLSSV
810,3,1,AVLQSSGLYSLSSVV
811,3,1,VLQSSGLYSLSSVVT
812,3,1,LQSSGLYSLSSVVTV
813,3,1,QSSGLYSLSSVVTVP
814,3,1,SSGLYSLSSVVTVPS
815,3,1,SGLYSLSSVVTVPSS
816,3,1,GLYSLSSVVTVPSSS
817,3,1,LYSLSSVVTVPSSSL
818,3,1,YSLSSVVTVPSSSLG
819,3,1,SLSSVVTVPSSSLGT
820,3,1,LSSVVTVPSSSLGTK
821,3,1,SSVVTVPSSSLGTKT
822,3,1,SVVTVPSSSLGTKTY
823,3,1,VVTVPSSSLGTKTYT
824,3,1,VTVPSSSLGTKTYTC
825,3,1,TVPSSSLGTKTYTCN
826,3,1,VPSSSLGTKTYTCNV
827,3,1,PSSSLGTKTYTCNVD
828,3,1,SSSLGTKTYTCNVDH
829,3,1,SSLGTKTYTCNVDHK
830,3,1,SLGTKTYTCNVDHKP
831,3,1,LGTKTYTCNVDHKPS
832,3,1,GTKTYTCNVDHKPSN
833,3,1,TKTYTCNVDHKPSNT
834,3,1,KTYTCNVDHKPSNTK
835,3,1,TYTCNVDHKPSNTKV
836,3,1,YTCNVDHKPSNTKVD
837,3,1,TCNVDHKPSNTKVDK
838,3,1,CNVDHKPSNTKVDKR
839,3,1,NVDHKPSNTKVDKRV
840,3,1,VDHKPSNTKVDKRVE
841,3,1,DHKPSNTKVDKRVES
842,3,1,HKPSNTKVDKRVESK
843,3,1,KPSNTKVDKRVESKY
844,3,1,PSNTKVDKRVESKYG
845,3,1,SNTKVDKRVESKYGP
846,3,1,NTKVDKRVESKYGPP
847,3,1,TKVDKRVESKYGPPC
848,3,1,KVDKRVESKYGPPCP
849,3,1,VDKRVESKYGPPCPP
850,3,1,DKRVESKYGPPCPPC
851,3,1,KRVESKYGPPCPPCP
852,3,1,RVESKYGPPCPPCPA
853,3,1,VESKYGPPCPPCPAP
854,3,1,ESKYGPPCPPCPAPE
855,3,1,SKYGPPCPPCPAPEF
856,3,1,KYGPPCPPCPAPEFL
857,3,1,YGPPCPPCPAPEFLG
858,3,1,GPPCPPCPAPEFLGG
859,3,1,PPCPPCPAPEFLGGP
860,3,1,PCPPCPAPEFLGGPS
861,3,1,CPPCPAPEFLGGPSV
862,3,1,PPCPAPEFLGGPSVF
863,3,1,PCPAPEFLGGPSVFL
864,3,1,CPAPEFLGGPSVFLF
865,3,1,PAPEFLGGPSVFLFP
866,3,1,APEFLGGPSVFLFPP
867,3,1,PEFLGGPSVFLFPPK
868,3,1,EFLGGPSVFLFPPKP
869,3,1,FLGGPSVFLFPPKPK
870,3,1,LGGPSVFLFPPKPKD
871,3,1,GGPSVFLFPPKPKDT
872,3,1,GPSVFLFPPKPKDTL
873,3,1,PSVFLFPPKPKDTLM
874,3,1,SVFLFPPKPKDTLMI
875,3,1,VFLFPPKPKDTLMIS
876,3,1,FLFPPKPKDTLMISR
877,3,1,LFPPKPKDTLMISRT
878,3,1,FPPKPKDTLMISRTP
879,3,1,PPKPKDTLMISRTPE
880,3,1,PKPKDTLMISRTPEV
881,3,1,KPKDTLMISRTPEVT
882,3,1,PKDTLMISRTPEVTC
883,3,1,KDTLMISRTPEVTCV
884,3,1,DTLMISRTPEVTCVV
885,3,1,TLMISRTPEVTCVVV
886,3,1,LMISRTPEVTCVVVD
887,3,1,MISRTPEVTCVVVDV
888,3,1,ISRTPEVTCVVVDVS
889,3,1,SRTPEVTCVVVDVSQ
890,3,1,RTPEVTCVVVDVSQE
891,3,1,TPEVTCVVVDVSQED
892,3,1,PEVTCVVVDVSQEDP
893,3,1,EVTCVVVDVSQEDPE
894,3,1,VTCVVVDVSQEDPEV
895,3,1,TCVVVDVSQEDPEVQ
896,3,1,CVVVDVSQEDPEVQF
897,3,1,VVVDVSQEDPEVQFN
898,3,1,VVDVSQEDPEVQFNW
899,3,1,VDVSQEDPEVQFNWY
900,3,1,DVSQEDPEVQFNWYV
901,3,1,VSQEDPEVQFNWYVD
902,3,1,SQEDPEVQFNWYVDG
903,3,1,QEDPEVQFNWYVDGV
904,3,1,EDPEVQFNWYVDGVE
905,3,1,DPEVQFNWYVDGVEV
906,3,1,PEVQFNWYVDGVEVH
907,3,1,EVQFNWYVDGVEVHN
908,3,1,VQFNWYVDGVEVHNA
909,3,1,QFNWYVDGVEVHNAK
910,3,1,FNWYVDGVEVHNAKT
911,3,1,NWYVDGVEVHNAKTK
912,3,1,WYVDGVEVHNAKTKP
913,3,1,YVDGVEVHNAKTKPR
914,3,1,VDGVEVHNAKTKPRE
915,3,1,DGVEVHNAKTKPREE
916,3,1,GVEVHNAKTKPREEQ
917,3,1,VEVHNAKTKPREEQF
918,3,1,EVHNAKTKPREEQFN
919,3,1,VHNAKTKPREEQFNS
920,3,1,HNAKTKPREEQFNST
921,3,1,NAKTKPREEQFNSTY
922,3,1,AKTKPREEQFNSTYR
923,3,1,KTKPREEQFNSTYRV
924,3,1,TKPREEQFNSTYRVV
925,3,1,KPREEQFNSTYRVVS
926,3,1,PREEQFNSTYRVVSV
927,3,1,REEQFNSTYRVVSVL
928,3,1,EEQFNSTYRVVSVLT
929,3,1,EQFNSTYRVVSVLTV
930,3,1,QFNSTYRVVSVLTVL
931,3,1,FNSTYRVVSVLTVLH
932,3,1,NSTYRVVSVLTVLHQ
933,3,1,STYRVVSVLTVLHQD
934,3,1,TYRVVSVLTVLHQDW
935,3,1,YRVVSVLTVLHQDWL
936,3,1,RVVSVLTVLHQDWLN
937,3,1,VVSVLTVLHQDWLNG
938,3,1,VSVLTVLHQDWLNGK
939,3,1,SVLTVLHQDWLNGKE
940,3,1,VLTVLHQDWLNGKEY
941,3,1,LTVLHQDWLNGKEYK
942,3,1,TVLHQDWLNGKEYKC
943,3,1,VLHQDWLNGKEYKCK
944,3,1,LHQDWLNGKEYKCKV
945,3,1,HQDWLNGKEYKCKVS
946,3,1,QDWLNGKEYKCKVSN
947,3,1,DWLNGKEYKCKVSNK
948,3,1,WLNGKEYKCKVSNKG
949,3,1,LNGKEYKCKVSNKGL
950,3,1,NGKEYKCKVSNKGLP
951,3,1,GKEYKCKVSNKGLPS
952,3,1,KEYKCKVSNKGLPSS
953,3,1,EYKCKVSNKGLPSSI
954,3,1,YKCKVSNKGLPSSIE
955,3,1,KCKVSNKGLPSSIEK
956,3,1,CKVSNKGLPSSIEKT
957,3,1,KVSNKGLPSSIEKTI
958,3,1,VSNKGLPSSIEKTIS
959,3,1,SNKGLPSSIEKTISK
960,3,1,NKGLPSSIEKTISKA
961,3,1,KGLPSSIEKTISKAK
962,3,1,GLPSSIEKTISKAKG
963,3,1,LPSSIEKTISKAKGQ
964,3,1,PSSIEKTISKAKGQP
965,3,1,SSIEKTISKAKGQPR
966,3,1,SIEKTISKAKGQPRE
967,3,1,IEKTISKAKGQPREP
968,3,1,EKTISKAKGQPREPQ
969,3,1,KTISKAKGQPREPQV
970,3,1,TISKAKGQPREPQVY
971,3,1,ISKAKGQPREPQVYT
972,3,1,SKAKGQPREPQVYTL
973,3,1,KAKGQPREPQVYTLP
974,3,1,AKGQPREPQVYTLPP
975,3,1,KGQPREPQVYTLPPS
976,3,1,GQPREPQVYTLPPSQ
977,3,1,QPREPQVYTLPPSQE
978,3,1,PREPQVYTLPPSQEE
979,3,1,REPQVYTLPPSQEEM
980,3,1,EPQVYTLPPSQEEMT
981,3,1,PQVYTLPPSQEEMTK
982,3,1,QVYTLPPSQEEMTKN
983,3,1,VYTLPPSQEEMTKNQ
984,3,1,YTLPPSQEEMTKNQV
985,3,1,TLPPSQEEMTKNQVS
986,3,1,LPPSQEEMTKNQVSL
987,3,1,PPSQEEMTKNQVSLT
988,3,1,PSQEEMTKNQVSLTC
989,3,1,SQEEMTKNQVSLTCL
990,3,1,QEEMTKNQVSLTCLV
991,3,1,EEMTKNQVSLTCLVK
992,3,1,EMTKNQVSLTCLVKG
993,3,1,MTKNQVSLTCLVKGF
994,3,1,TKNQVSLTCLVKGFY
995,3,1,KNQVSLTCLVKGFYP
996,3,1,NQVSLTCLVKGFYPS
997,3,1,QVSLTCLVKGFYPSD
998,3,1,VSLTCLVKGFYPSDI
999,3,1,SLTCLVKGFYPSDIA
1000,3,1,LTCLVKGFYPSDIAV
1001,3,1,TCLVKGFYPSDIAVE
1002,3,1,CLVKGFYPSDIAVEW
1003,3,1,LVKGFYPSDIAVEWE
1004,3,1,VKGFYPSDIAVEWES
1005,3,1,KGFYPSDIAVEWESN
1006,3,1,GFYPSDIAVEWESNG
1007,3,1,FYPSDIAVEWESNGQ
1008,3,1,YPSDIAVEWESNGQP
1009,3,1,PSDIAVEWESNGQPE
1010,3,1,SDIAVEWESNGQPEN
1011,3,1,DIAVEWESNGQPENN
1012,3,1,IAVEWESNGQPENNY
1013,3,1,AVEWESNGQPENNYK
1014,3,1,VEWESNGQPENNYKT
1015,3,1,EWESNGQPENNYKTT
1016,3,1,WESNGQPENNYKTTP
1017,3,1,ESNGQPENNYKTTPP
1018,3,1,SNGQPENNYKTTPPV
1019,3,1,NGQPENNYKTTPPVL
1020,3,1,GQPENNYKTTPPVLD
1021,3,1,QPENNYKTTPPVLDS
1022,3,1,PENNYKTTPPVLDSD
1023,3,1,ENNYKTTPPVLDSDG
1024,3,1,NNYKTTPPVLDSDGS
1025,3,1,NYKTTPPVLDSDGSF
1026,3,1,YKTTPPVLDSDGSFF
1027,3,1,KTTPPVLDSDGSFFL
1028,3,1,TTPPVLDSDGSFFLY
1029,3,1,TPPVLDSDGSFFLYS
1030,3,1,PPVLDSDGSFFLYSR
1031,3,1,PVLDSDGSFFLYSRL
1032,3,1,VLDSDGSFFLYSRLT
1033,3,1,LDSDGSFFLYSRLTV
1034,3,1,DSDGSFFLYSRLTVD
1035,3,1,SDGSFFLYSRLTVDK
1036,3,1,DGSFFLYSRLTVDKS
1037,3,1,GSFFLYSRLTVDKSR
1038,3,1,SFFLYSRLTVDKSRW
1039,3,1,FFLYSRLTVDKSRWQ
1040,3,1,FLYSRLTVDKSRWQE
1041,3,1,LYSRLTVDKSRWQEG
1042,3,1,YSRLTVDKSRWQEGN
1043,3,1,SRLTVDKSRWQEGNV
1044,3,1,RLTVDKSRWQEGNVF
1045,3,1,LTVDKSRWQEGNVFS
1046,3,1,TVDKSRWQEGNVFSC
1047,3,1,VDKSRWQEGNVFSCS
1048,3,1,DKSRWQEGNVFSCSV
1049,3,1,KSRWQEGNVFSCSVM
1050,3,1,SRWQEGNVFSCSVMH
1051,3,1,RWQEGNVFSCSVMHE
1052,3,1,WQEGNVFSCSVMHEA
1053,3,1,QEGNVFSCSVMHEAL
1054,3,1,EGNVFSCSVMHEALH
1055,3,1,GNVFSCSVMHEALHN
1056,3,1,NVFSCSVMHEALHNH
1057,3,1,VFSCSVMHEALHNHY
1058,3,1,FSCSVMHEALHNHYT
1059,3,1,SCSVMHEALHNHYTQ
1060,3,1,CSVMHEALHNHYTQK
1061,3,1,SVMHEALHNHYTQKS
1062,3,1,VMHEALHNHYTQKSL
1063,3,1,MHEALHNHYTQKSLS
1064,3,1,HEALHNHYTQKSLSL
1065,3,1,EALHNHYTQKSLSLS
1066,3,1,ALHNHYTQKSLSLSL
1067,3,1,LHNHYTQKSLSLSLG
1068,4,2,DIVMTQTPLSLSVTP
1069,4,2,IVMTQTPLSLSVTPG
1070,4,2,VMTQTPLSLSVTPGQ
1071,4,2,MTQTPLSLSVTPGQP
1072,4,2,TQTPLSLSVTPGQPA
1073,4,2,QTPLSLSVTPGQPAS
1074,4,2,TPLSLSVTPGQPASI
1075,4,2,PLSLSVTPGQPASIS
1076,4,2,LSLSVTPGQPASISC
1077,4,2,SLSVTPGQPASISCR
1078,4,2,LSVTPGQPASISCRS
1079,4,2,SVTPGQPASISCRSS
1080,4,2,VTPGQPASISCRSSR
1081,4,2,TPGQPASISCRSSRS
1082,4,2,PGQPASISCRSSRSL
1083,4,2,GQPASISCRSSRSLV
1084,4,2,QPASISCRSSRSLVH
1085,4,2,PASISCRSSRSLVHS
1086,4,2,ASISCRSSRSLVHSR
1087,4,2,SISCRSSRSLVHSRG
1088,4,2,ISCRSSRSLVHSRGN
1089,4,2,SCRSSRSLVHSRGNT
1090,4,2,CRSSRSLVHSRGNTY
1091,4,2,RSSRSLVHSRGNTYL
1092,4,2,SSRSLVHSRGNTYLH
1093,4,2,SRSLVHSRGNTYLHW
1094,4,2,RSLVHSRGNTYLHWY
1095,4,2,SLVHSRGNTYLHWYL
1096,4,2,LVHSRGNTYLHWYLQ
1097,4,2,VHSRGNTYLHWYLQK
1098,4,2,HSRGNTYLHWYLQKP
1099,4,2,SRGNTYLHWYLQKPG
1100,4,2,RGNTYLHWYLQKPGQ
1101,4,2,GNTYLHWYLQKPGQS
1102,4,2,NTYLHWYLQKPGQSP
1103,4,2,TYLHWYLQKPGQSPQ
1104,4,2,YLHWYLQKPGQSPQL
1105,4,2,LHWYLQKPGQSPQLL
1106,4,2,HWYLQKPGQSPQLLI
1107,4,2,WYLQKPGQSPQLLIY
1108,4,2,YLQKPGQSPQLLIYK
1109,4,2,LQKPGQSPQLLIYKV
1110,4,2,QKPGQSPQLLIYKVS
1111,4,2,KPGQSPQLLIYKVSN
1112,4,2,PGQSPQLLIYKVSNR
1113,4,2,GQSPQLLIYKVSNRF
1114,4,2,QSPQLLIYKVSNRFI
1115,4,2,SPQLLIYKVSNRFIG
1116,4,2,PQLLIYKVSNRFIGV
1117,4,2,QLLIYKVSNRFIGVP
1118,4,2,LLIYKVSNRFIGVPD
1119,4,2,LIYKVSNRFIGVPDR
1120,4,2,IYKVSNRFIGVPDRF
1121,4,2,YKVSNRFIGVPDRFS
1122,4,2,KVSNRFIGVPDRFSG
1123,4,2,VSNRFIGVPDRFSGS
1124,4,2,SNRFIGVPDRFSGSG
1125,4,2,NRFIGVPDRFSGSGS
1126,4,2,RFIGVPDRFSGSGSG
1127,4,2,FIGVPDRFSGSGSGT
1128,4,2,IGVPDRFSGSGSGTD
1129,4,2,GVPDRFSGSGSGTDF
1130,4,2,VPDRFSGSGSGTDFT
1131,4,2,PDRFSGSGSGTDFTL
1132,4,2,DRFSGSGSGTDFTLK
1133,4,2,RFSGSGSGTDFTLKI
1134,4,2,FSGSGSGTDFTLKIS
1135,4,2,SGSGSGTDFTLKISR
1136,4,2,GSGSGTDFTLKISRV
1137,4,2,SGSGTDFTLKISRVE
1138,4,2,GSGTDFTLKISRVEA
1139,4,2,SGTDFTLKISRVEAE
1140,4,2,GTDFTLKISRVEAED
1141,4,2,TDFTLKISRVEAEDV
1142,4,2,DFTLKISRVEAEDVG
1143,4,2,FTLKISRVEAEDVGV
1144,4,2,TLKISRVEAEDVGVY
1145,4,2,LKISRVEAEDVGVYY
1146,4,2,KISRVEAEDVGVYYC
1147,4,2,ISRVEAEDVGVYYCS
1148,4,2,SRVEAEDVGVYYCSQ
1149,4,2,RVEAEDVGVYYCSQS
1150,4,2,VEAEDVGVYYCSQST
1151,4,2,EAEDVGVYYCSQSTH
1152,4,2,AEDVGVYYCSQSTHL
1153,4,2,EDVGVYYCSQSTHLP
1154,4,2,DVGVYYCSQSTHLPF
1155,4,2,VGVYYCSQSTHLPFT
1156,4,2,GVYYCSQSTHLPFTF
1157,4,2,VYYCSQSTHLPFTFG
1158,4,2,YYCSQSTHLPFTFGQ
1159,4,2,YCSQSTHLPFTFGQG
1160,4,2,CSQSTHLPFTFGQGT
1161,4,2,SQSTHLPFTFGQGTK
1162,4,2,QSTHLPFTFGQGTKL
1163,4,2,STHLPFTFGQGTKLE
1164,4,2,THLPFTFGQGTKLEI
1165,4,2,HLPFTFGQGTKLEIK
1166,4,2,LPFTFGQGTKLEIKR
1167,4,2,PFTFGQGTKLEIKRT
1168,4,2,FTFGQGTKLEIKRTV
1169,4,2,TFGQGTKLEIKRTVA
1170,4,2,FGQGTKLEIKRTVAA
1171,4,2,GQGTKLEIKRTVAAP
1172,4,2,QGTKLEIKRTVAAPS
1173,4,2,GTKLEIKRTVAAPSV
1174,4,2,TKLEIKRTVAAPSVF
1175,4,2,KLEIKRTVAAPSVFI
1176,4,2,LEIKRTVAAPSVFIF
1177,4,2,EIKRTVAAPSVFIFP
1178,4,2,IKRTVAAPSVFIFPP
1179,4,2,KRTVAAPSVFIFPPS
1180,4,2,RTVAAPSVFIFPPSD
1181,4,2,TVAAPSVFIFPPSDE
1182,4,2,VAAPSVFIFPPSDEQ
1183,4,2,AAPSVFIFPPSDEQL
1184,4,2,APSVFIFPPSDEQLK
1185,4,2,PSVFIFPPSDEQLKS
1186,4,2,SVFIFPPSDEQLKSG
1187,4,2,VFIFPPSDEQLKSGT
1188,4,2,FIFPPSDEQLKSGTA
1189,4,2,IFPPSDEQLKSGTAS
1190,4,2,FPPSDEQLKSGTASV
1191,4,2,PPSDEQLKSGTASVV
1192,4,2,PSDEQLKSGTASVVC
1193,4,2,SDEQLKSGTASVVCL
1194,4,2,DEQLKSGTASVVCLL
1195,4,2,EQLKSGTASVVCLLN
1196,4,2,QLKSGTASVVCLLNN
1197,4,2,LKSGTASVVCLLNNF
1198,4,2,KSGTASVVCLLNNFY
1199,4,2,SGTASVVCLLNNFYP
1200,4,2,GTASVVCLLNNFYPR
1201,4,2,TASVVCLLNNFYPRE
1202,4,2,ASVVCLLNNFYPREA
1203,4,2,SVVCLLNNFYPREAK
1204,4,2,VVCLLNNFYPREAKV
1205,4,2,VCLLNNFYPREAKVQ
1206,4,2,CLLNNFYPREAKVQW
1207,4,2,LLNNFYPREAKVQWK
1208,4,2,LNNFYPREAKVQWKV
1209,4,2,NNFYPREAKVQWKVD
1210,4,2,NFYPREAKVQWKVDN
1211,4,2,FYPREAKVQWKVDNA
1212,4,2,YPREAKVQWKVDNAL
1213,4,2,PREAKVQWKVDNALQ
1214,4,2,REAKVQWKVDNALQS
1215,4,2,EAKVQWKVDNALQSG
1216,4,2,AKVQWKVDNALQSGN
1217,4,2,KVQWKVDNALQSGNS
1218,4,2,VQWKVDNALQSGNSQ
1219,4,2,QWKVDNALQSGNSQE
1220,4,2,WKVDNALQSGNSQES
1221,4,2,KVDNALQSGNSQESV
1222,4,2,VDNALQSGNSQESVT
1223,4,2,DNALQSGNSQESVTE
1224,4,2,NALQSGNSQESVTEQ
1225,4,2,ALQSGNSQESVTEQD
1226,4,2,LQSGNSQESVTEQDS
1227,4,2,QSGNSQESVTEQDSK
1228,4,2,SGNSQESVTEQDSKD
1229,4,2,GNSQESVTEQDSKDS
1230,4,2,NSQESVTEQDSKDST
1231,4,2,SQESVTEQDSKDSTY
1232,4,2,QESVTEQDSKDSTYS
1233,4,2,ESVTEQDSKDSTYSL
1234,4,2,SVTEQDSKDSTYSLS
1235,4,2,VTEQDSKDSTYSLSS
1236,4,2,TEQDSKDSTYSLSST
1237,4,2,EQDSKDSTYSLSSTL
1238,4,2,QDSKDSTYSLSSTLT
1239,4,2,DSKDSTYSLSSTLTL
1240,4,2,SKDSTYSLSSTLTLS
1241,4,2,KDSTYSLSSTLTLSK
1242,4,2,DSTYSLSSTLTLSKA
1243,4,2,STYSLSSTLTLSKAD
1244,4,2,TYSLSSTLTLSKADY
1245,4,2,YSLSSTLTLSKADYE
1246,4,2,SLSSTLTLSKADYEK
1247,4,2,LSSTLTLSKADYEKH
1248,4,2,SSTLTLSKADYEKHK
1249,4,2,STLTLSKADYEKHKV
1250,4,2,TLTLSKADYEKHKVY
1251,4,2,LTLSKADYEKHKVYA
1252,4,2,TLSKADYEKHKVYAC
1253,4,2,LSKADYEKHKVYACE
1254,4,2,SKADYEKHKVYACEV
1255,4,2,KADYEKHKVYACEVT
1256,4,2,ADYEKHKVYACEVTH
1257,4,2,DYEKHKVYACEVTHQ
1258,4,2,YEKHKVYACEVTHQG
1259,4,2,EKHKVYACEVTHQGL
1260,4,2,KHKVYACEVTHQGLS
1261,4,2,HKVYACEVTHQGLSS
1262,4,2,KVYACEVTHQGLSSP
1263,4,2,VYACEVTHQGLSSPV
1264,4,2,YACEVTHQGLSSPVT
1265,4,2,ACEVTHQGLSSPVTK
1266,4,2,CEVTHQGLSSPVTKS
1267,4,2,EVTHQGLSSPVTKSF
1268,4,2,VTHQGLSSPVTKSFN
1269,4,2,THQGLSSPVTKSFNR
1270,4,2,HQGLSSPVTKSFNRG
1271,4,2,QGLSSPVTKSFNRGE
1272,4,2,GLSSPVTKSFNRGEC
