Index,ChainNum,ChainID,xmers
1,1,1,EVKLEESGGGLVQPG
2,1,1,VKLEESGGGLVQPGG
3,1,1,KLEESGGGLVQPGGS
4,1,1,LEESGGGLVQPGGSM
5,1,1,EESGGGLVQPGGSMK
6,1,1,ESGGGLVQPGGSMKL
7,1,1,SGGGLVQPGGSMKLS
8,1,1,GGGLVQPGGSMKLSC
9,1,1,GGLVQPGGSMKLSCV
10,1,1,GLVQPGGSMKLSCVA
11,1,1,LVQPGGSMKLSCVAS
12,1,1,VQPGGSMKLSCVASG
13,1,1,QPGGSMKLSCVASGF
14,1,1,PGGSMKLSCVASGFI
15,1,1,GGSMKLSCVASGFIF
16,1,1,GSMKLSCVASGFIFS
17,1,1,SMKLSCVASGFIFSN
18,1,1,MKLSCVASGFIFSNH
19,1,1,KLSCVASGFIFSNHW
20,1,1,LSCVASGFIFSNHWM
21,1,1,SCVASGFIFSNHWMN
22,1,1,CVASGFIFSNHWMNW
23,1,1,VASGFIFSNHWMNWV
24,1,1,ASGFIFSNHWMNWVR
25,1,1,SGFIFSNHWMNWVRQ
26,1,1,GFIFSNHWMNWVRQS
27,1,1,FIFSNHWMNWVRQSP
28,1,1,IFSNHWMNWVRQSPE
29,1,1,FSNHWMNWVRQSPEK
30,1,1,SNHWMNWVRQSPEKG
31,1,1,NHWMNWVRQSPEKGL
32,1,1,HWMNWVRQSPEKGLE
33,1,1,WMNWVRQSPEKGLEW
34,1,1,MNWVRQSPEKGLEWV
35,1,1,NWVRQSPEKGLEWVA
36,1,1,WVRQSPEKGLEWVAE
37,1,1,VRQSPEKGLEWVAEI
38,1,1,RQSPEKGLEWVAEIR
39,1,1,QSPEKGLEWVAEIRS
40,1,1,SPEKGLEWVAEIRSK
41,1,1,PEKGLEWVAEIRSKS
42,1,1,EKGLEWVAEIRSKSI
43,1,1,KGLEWVAEIRSKSIN
44,1,1,GLEWVAEIRSKSINS
45,1,1,LEWVAEIRSKSINSA
46,1,1,EWVAEIRSKSINSAT
47,1,1,WVAEIRSKSINSATH
48,1,1,VAEIRSKSINSATHY
49,1,1,AEIRSKSINSATHYA
50,1,1,EIRSKSINSATHYAE
51,1,1,IRSKSINSATHYAES
52,1,1,RSKSINSATHYAESV
53,1,1,SKSINSATHYAESVK
54,1,1,KSINSATHYAESVKG
55,1,1,SINSATHYAESVKGR
56,1,1,INSATHYAESVKGRF
57,1,1,NSATHYAESVKGRFT
58,1,1,SATHYAESVKGRFTI
59,1,1,ATHYAESVKGRFTIS
60,1,1,THYAESVKGRFTISR
61,1,1,HYAESVKGRFTISRD
62,1,1,YAESVKGRFTISRDD
63,1,1,AESVKGRFTISRDDS
64,1,1,ESVKGRFTISRDDSK
65,1,1,SVKGRFTISRDDSKS
66,1,1,VKGRFTISRDDSKSA
67,1,1,KGRFTISRDDSKSAV
68,1,1,GRFTISRDDSKSAVY
69,1,1,RFTISRDDSKSAVYL
70,1,1,FTISRDDSKSAVYLQ
71,1,1,TISRDDSKSAVYLQM
72,1,1,ISRDDSKSAVYLQMT
73,1,1,SRDDSKSAVYLQMTD
74,1,1,RDDSKSAVYLQMTDL
75,1,1,DDSKSAVYLQMTDLR
76,1,1,DSKSAVYLQMTDLRT
77,1,1,SKSAVYLQMTDLRTE
78,1,1,KSAVYLQMTDLRTED
79,1,1,SAVYLQMTDLRTEDT
80,1,1,AVYLQMTDLRTEDTG
81,1,1,VYLQMTDLRTEDTGV
82,1,1,YLQMTDLRTEDTGVY
83,1,1,LQMTDLRTEDTGVYY
84,1,1,QMTDLRTEDTGVYYC
85,1,1,MTDLRTEDTGVYYCS
86,1,1,TDLRTEDTGVYYCSR
87,1,1,DLRTEDTGVYYCSRN
88,1,1,LRTEDTGVYYCSRNY
89,1,1,RTEDTGVYYCSRNYY
90,1,1,TEDTGVYYCSRNYYG
91,1,1,EDTGVYYCSRNYYGS
92,1,1,DTGVYYCSRNYYGST
93,1,1,TGVYYCSRNYYGSTY
94,1,1,GVYYCSRNYYGSTYD
95,1,1,VYYCSRNYYGSTYDY
96,1,1,YYCSRNYYGSTYDYW
97,1,1,YCSRNYYGSTYDYWG
98,1,1,CSRNYYGSTYDYWGQ
99,1,1,SRNYYGSTYDYWGQG
100,1,1,RNYYGSTYDYWGQGT
101,1,1,NYYGSTYDYWGQGTT
102,1,1,YYGSTYDYWGQGTTL
103,1,1,YGSTYDYWGQGTTLT
104,1,1,GSTYDYWGQGTTLTV
105,1,1,STYDYWGQGTTLTVS
106,1,1,TYDYWGQGTTLTVSS
107,1,1,YDYWGQGTTLTVSSA
108,1,1,DYWGQGTTLTVSSAS
109,1,1,YWGQGTTLTVSSAST
110,1,1,WGQGTTLTVSSASTK
111,1,1,GQGTTLTVSSASTKG
112,1,1,QGTTLTVSSASTKGP
113,1,1,GTTLTVSSASTKGPS
114,1,1,TTLTVSSASTKGPSV
115,1,1,TLTVSSASTKGPSVF
116,1,1,LTVSSASTKGPSVFP
117,1,1,TVSSASTKGPSVFPL
118,1,1,VSSASTKGPSVFPLA
119,1,1,SSASTKGPSVFPLAP
120,1,1,SASTKGPSVFPLAPS
121,1,1,ASTKGPSVFPLAPSS
122,1,1,STKGPSVFPLAPSSK
123,1,1,TKGPSVFPLAPSSKS
124,1,1,KGPSVFPLAPSSKST
125,1,1,GPSVFPLAPSSKSTS
126,1,1,PSVFPLAPSSKSTSG
127,1,1,SVFPLAPSSKSTSGG
128,1,1,VFPLAPSSKSTSGGT
129,1,1,FPLAPSSKSTSGGTA
130,1,1,PLAPSSKSTSGGTAA
131,1,1,LAPSSKSTSGGTAAL
132,1,1,APSSKSTSGGTAALG
133,1,1,PSSKSTSGGTAALGC
134,1,1,SSKSTSGGTAALGCL
135,1,1,SKSTSGGTAALGCLV
136,1,1,KSTSGGTAALGCLVK
137,1,1,STSGGTAALGCLVKD
138,1,1,TSGGTAALGCLVKDY
139,1,1,SGGTAALGCLVKDYF
140,1,1,GGTAALGCLVKDYFP
141,1,1,GTAALGCLVKDYFPE
142,1,1,TAALGCLVKDYFPEP
143,1,1,AALGCLVKDYFPEPV
144,1,1,ALGCLVKDYFPEPVT
145,1,1,LGCLVKDYFPEPVTV
146,1,1,GCLVKDYFPEPVTVS
147,1,1,CLVKDYFPEPVTVSW
148,1,1,LVKDYFPEPVTVSWN
149,1,1,VKDYFPEPVTVSWNS
150,1,1,KDYFPEPVTVSWNSG
151,1,1,DYFPEPVTVSWNSGA
152,1,1,YFPEPVTVSWNSGAL
153,1,1,FPEPVTVSWNSGALT
154,1,1,PEPVTVSWNSGALTS
155,1,1,EPVTVSWNSGALTSG
156,1,1,PVTVSWNSGALTSGV
157,1,1,VTVSWNSGALTSGVH
158,1,1,TVSWNSGALTSGVHT
159,1,1,VSWNSGALTSGVHTF
160,1,1,SWNSGALTSGVHTFP
161,1,1,WNSGALTSGVHTFPA
162,1,1,NSGALTSGVHTFPAV
163,1,1,SGALTSGVHTFPAVL
164,1,1,GALTSGVHTFPAVLQ
165,1,1,ALTSGVHTFPAVLQS
166,1,1,LTSGVHTFPAVLQSS
167,1,1,TSGVHTFPAVLQSSG
168,1,1,SGVHTFPAVLQSSGL
169,1,1,GVHTFPAVLQSSGLY
170,1,1,VHTFPAVLQSSGLYS
171,1,1,HTFPAVLQSSGLYSL
172,1,1,TFPAVLQSSGLYSLS
173,1,1,FPAVLQSSGLYSLSS
174,1,1,PAVLQSSGLYSLSSV
175,1,1,AVLQSSGLYSLSSVV
176,1,1,VLQSSGLYSLSSVVT
177,1,1,LQSSGLYSLSSVVTV
178,1,1,QSSGLYSLSSVVTVP
179,1,1,SSGLYSLSSVVTVPS
180,1,1,SGLYSLSSVVTVPSS
181,1,1,GLYSLSSVVTVPSSS
182,1,1,LYSLSSVVTVPSSSL
183,1,1,YSLSSVVTVPSSSLG
184,1,1,SLSSVVTVPSSSLGT
185,1,1,LSSVVTVPSSSLGTQ
186,1,1,SSVVTVPSSSLGTQT
187,1,1,SVVTVPSSSLGTQTY
188,1,1,VVTVPSSSLGTQTYI
189,1,1,VTVPSSSLGTQTYIC
190,1,1,TVPSSSLGTQTYICN
191,1,1,VPSSSLGTQTYICNV
192,1,1,PSSSLGTQTYICNVN
193,1,1,SSSLGTQTYICNVNH
194,1,1,SSLGTQTYICNVNHK
195,1,1,SLGTQTYICNVNHKP
196,1,1,LGTQTYICNVNHKPS
197,1,1,GTQTYICNVNHKPSN
198,1,1,TQTYICNVNHKPSNT
199,1,1,QTYICNVNHKPSNTK
200,1,1,TYICNVNHKPSNTKV
201,1,1,YICNVNHKPSNTKVD
202,1,1,ICNVNHKPSNTKVDK
203,1,1,CNVNHKPSNTKVDKK
204,1,1,NVNHKPSNTKVDKKV
205,1,1,VNHKPSNTKVDKKVE
206,1,1,NHKPSNTKVDKKVEP
207,1,1,HKPSNTKVDKKVEPK
208,1,1,KPSNTKVDKKVEPKS
209,1,1,PSNTKVDKKVEPKSC
210,1,1,SNTKVDKKVEPKSCD
211,1,1,NTKVDKKVEPKSCDK
212,1,1,TKVDKKVEPKSCDKT
213,1,1,KVDKKVEPKSCDKTH
214,1,1,VDKKVEPKSCDKTHT
215,1,1,DKKVEPKSCDKTHTC
216,1,1,KKVEPKSCDKTHTCP
217,1,1,KVEPKSCDKTHTCPP
218,1,1,VEPKSCDKTHTCPPC
219,1,1,EPKSCDKTHTCPPCP
220,1,1,PKSCDKTHTCPPCPA
221,1,1,KSCDKTHTCPPCPAP
222,1,1,SCDKTHTCPPCPAPE
223,1,1,CDKTHTCPPCPAPEL
224,1,1,DKTHTCPPCPAPELL
225,1,1,KTHTCPPCPAPELLG
226,1,1,THTCPPCPAPELLGG
227,1,1,HTCPPCPAPELLGGP
228,1,1,TCPPCPAPELLGGPS
229,1,1,CPPCPAPELLGGPSV
230,1,1,PPCPAPELLGGPSVF
231,1,1,PCPAPELLGGPSVFL
232,1,1,CPAPELLGGPSVFLF
233,1,1,PAPELLGGPSVFLFP
234,1,1,APELLGGPSVFLFPP
235,1,1,PELLGGPSVFLFPPK
236,1,1,ELLGGPSVFLFPPKP
237,1,1,LLGGPSVFLFPPKPK
238,1,1,LGGPSVFLFPPKPKD
239,1,1,GGPSVFLFPPKPKDT
240,1,1,GPSVFLFPPKPKDTL
241,1,1,PSVFLFPPKPKDTLM
242,1,1,SVFLFPPKPKDTLMI
243,1,1,VFLFPPKPKDTLMIS
244,1,1,FLFPPKPKDTLMISR
245,1,1,LFPPKPKDTLMISRT
246,1,1,FPPKPKDTLMISRTP
247,1,1,PPKPKDTLMISRTPE
248,1,1,PKPKDTLMISRTPEV
249,1,1,KPKDTLMISRTPEVT
250,1,1,PKDTLMISRTPEVTC
251,1,1,KDTLMISRTPEVTCV
252,1,1,DTLMISRTPEVTCVV
253,1,1,TLMISRTPEVTCVVV
254,1,1,LMISRTPEVTCVVVD
255,1,1,MISRTPEVTCVVVDV
256,1,1,ISRTPEVTCVVVDVS
257,1,1,SRTPEVTCVVVDVSH
258,1,1,RTPEVTCVVVDVSHE
259,1,1,TPEVTCVVVDVSHED
260,1,1,PEVTCVVVDVSHEDP
261,1,1,EVTCVVVDVSHEDPE
262,1,1,VTCVVVDVSHEDPEV
263,1,1,TCVVVDVSHEDPEVK
264,1,1,CVVVDVSHEDPEVKF
265,1,1,VVVDVSHEDPEVKFN
266,1,1,VVDVSHEDPEVKFNW
267,1,1,VDVSHEDPEVKFNWY
268,1,1,DVSHEDPEVKFNWYV
269,1,1,VSHEDPEVKFNWYVD
270,1,1,SHEDPEVKFNWYVDG
271,1,1,HEDPEVKFNWYVDGV
272,1,1,EDPEVKFNWYVDGVE
273,1,1,DPEVKFNWYVDGVEV
274,1,1,PEVKFNWYVDGVEVH
275,1,1,EVKFNWYVDGVEVHN
276,1,1,VKFNWYVDGVEVHNA
277,1,1,KFNWYVDGVEVHNAK
278,1,1,FNWYVDGVEVHNAKT
279,1,1,NWYVDGVEVHNAKTK
280,1,1,WYVDGVEVHNAKTKP
281,1,1,YVDGVEVHNAKTKPR
282,1,1,VDGVEVHNAKTKPRE
283,1,1,DGVEVHNAKTKPREE
284,1,1,GVEVHNAKTKPREEQ
285,1,1,VEVHNAKTKPREEQY
286,1,1,EVHNAKTKPREEQYN
287,1,1,VHNAKTKPREEQYNS
288,1,1,HNAKTKPREEQYNST
289,1,1,NAKTKPREEQYNSTY
290,1,1,AKTKPREEQYNSTYR
291,1,1,KTKPREEQYNSTYRV
292,1,1,TKPREEQYNSTYRVV
293,1,1,KPREEQYNSTYRVVS
294,1,1,PREEQYNSTYRVVSV
295,1,1,REEQYNSTYRVVSVL
296,1,1,EEQYNSTYRVVSVLT
297,1,1,EQYNSTYRVVSVLTV
298,1,1,QYNSTYRVVSVLTVL
299,1,1,YNSTYRVVSVLTVLH
300,1,1,NSTYRVVSVLTVLHQ
301,1,1,STYRVVSVLTVLHQD
302,1,1,TYRVVSVLTVLHQDW
303,1,1,YRVVSVLTVLHQDWL
304,1,1,RVVSVLTVLHQDWLN
305,1,1,VVSVLTVLHQDWLNG
306,1,1,VSVLTVLHQDWLNGK
307,1,1,SVLTVLHQDWLNGKE
308,1,1,VLTVLHQDWLNGKEY
309,1,1,LTVLHQDWLNGKEYK
310,1,1,TVLHQDWLNGKEYKC
311,1,1,VLHQDWLNGKEYKCK
312,1,1,LHQDWLNGKEYKCKV
313,1,1,HQDWLNGKEYKCKVS
314,1,1,QDWLNGKEYKCKVSN
315,1,1,DWLNGKEYKCKVSNK
316,1,1,WLNGKEYKCKVSNKA
317,1,1,LNGKEYKCKVSNKAL
318,1,1,NGKEYKCKVSNKALP
319,1,1,GKEYKCKVSNKALPA
320,1,1,KEYKCKVSNKALPAP
321,1,1,EYKCKVSNKALPAPI
322,1,1,YKCKVSNKALPAPIE
323,1,1,KCKVSNKALPAPIEK
324,1,1,CKVSNKALPAPIEKT
325,1,1,KVSNKALPAPIEKTI
326,1,1,VSNKALPAPIEKTIS
327,1,1,SNKALPAPIEKTISK
328,1,1,NKALPAPIEKTISKA
329,1,1,KALPAPIEKTISKAK
330,1,1,ALPAPIEKTISKAKG
331,1,1,LPAPIEKTISKAKGQ
332,1,1,PAPIEKTISKAKGQP
333,1,1,APIEKTISKAKGQPR
334,1,1,PIEKTISKAKGQPRE
335,1,1,IEKTISKAKGQPREP
336,1,1,EKTISKAKGQPREPQ
337,1,1,KTISKAKGQPREPQV
338,1,1,TISKAKGQPREPQVY
339,1,1,ISKAKGQPREPQVYT
340,1,1,SKAKGQPREPQVYTL
341,1,1,KAKGQPREPQVYTLP
342,1,1,AKGQPREPQVYTLPP
343,1,1,KGQPREPQVYTLPPS
344,1,1,GQPREPQVYTLPPSR
345,1,1,QPREPQVYTLPPSRD
346,1,1,PREPQVYTLPPSRDE
347,1,1,REPQVYTLPPSRDEL
348,1,1,EPQVYTLPPSRDELT
349,1,1,PQVYTLPPSRDELTK
350,1,1,QVYTLPPSRDELTKN
351,1,1,VYTLPPSRDELTKNQ
352,1,1,YTLPPSRDELTKNQV
353,1,1,TLPPSRDELTKNQVS
354,1,1,LPPSRDELTKNQVSL
355,1,1,PPSRDELTKNQVSLT
356,1,1,PSRDELTKNQVSLTC
357,1,1,SRDELTKNQVSLTCL
358,1,1,RDELTKNQVSLTCLV
359,1,1,DELTKNQVSLTCLVK
360,1,1,ELTKNQVSLTCLVKG
361,1,1,LTKNQVSLTCLVKGF
362,1,1,TKNQVSLTCLVKGFY
363,1,1,KNQVSLTCLVKGFYP
364,1,1,NQVSLTCLVKGFYPS
365,1,1,QVSLTCLVKGFYPSD
366,1,1,VSLTCLVKGFYPSDI
367,1,1,SLTCLVKGFYPSDIA
368,1,1,LTCLVKGFYPSDIAV
369,1,1,TCLVKGFYPSDIAVE
370,1,1,CLVKGFYPSDIAVEW
371,1,1,LVKGFYPSDIAVEWE
372,1,1,VKGFYPSDIAVEWES
373,1,1,KGFYPSDIAVEWESN
374,1,1,GFYPSDIAVEWESNG
375,1,1,FYPSDIAVEWESNGQ
376,1,1,YPSDIAVEWESNGQP
377,1,1,PSDIAVEWESNGQPE
378,1,1,SDIAVEWESNGQPEN
379,1,1,DIAVEWESNGQPENN
380,1,1,IAVEWESNGQPENNY
381,1,1,AVEWESNGQPENNYK
382,1,1,VEWESNGQPENNYKT
383,1,1,EWESNGQPENNYKTT
384,1,1,WESNGQPENNYKTTP
385,1,1,ESNGQPENNYKTTPP
386,1,1,SNGQPENNYKTTPPV
387,1,1,NGQPENNYKTTPPVL
388,1,1,GQPENNYKTTPPVLD
389,1,1,QPENNYKTTPPVLDS
390,1,1,PENNYKTTPPVLDSD
391,1,1,ENNYKTTPPVLDSDG
392,1,1,NNYKTTPPVLDSDGS
393,1,1,NYKTTPPVLDSDGSF
394,1,1,YKTTPPVLDSDGSFF
395,1,1,KTTPPVLDSDGSFFL
396,1,1,TTPPVLDSDGSFFLY
397,1,1,TPPVLDSDGSFFLYS
398,1,1,PPVLDSDGSFFLYSK
399,1,1,PVLDSDGSFFLYSKL
400,1,1,VLDSDGSFFLYSKLT
401,1,1,LDSDGSFFLYSKLTV
402,1,1,DSDGSFFLYSKLTVD
403,1,1,SDGSFFLYSKLTVDK
404,1,1,DGSFFLYSKLTVDKS
405,1,1,GSFFLYSKLTVDKSR
406,1,1,SFFLYSKLTVDKSRW
407,1,1,FFLYSKLTVDKSRWQ
408,1,1,FLYSKLTVDKSRWQQ
409,1,1,LYSKLTVDKSRWQQG
410,1,1,YSKLTVDKSRWQQGN
411,1,1,SKLTVDKSRWQQGNV
412,1,1,KLTVDKSRWQQGNVF
413,1,1,LTVDKSRWQQGNVFS
414,1,1,TVDKSRWQQGNVFSC
415,1,1,VDKSRWQQGNVFSCS
416,1,1,DKSRWQQGNVFSCSV
417,1,1,KSRWQQGNVFSCSVM
418,1,1,SRWQQGNVFSCSVMH
419,1,1,RWQQGNVFSCSVMHE
420,1,1,WQQGNVFSCSVMHEA
421,1,1,QQGNVFSCSVMHEAL
422,1,1,QGNVFSCSVMHEALH
423,1,1,GNVFSCSVMHEALHN
424,1,1,NVFSCSVMHEALHNH
425,1,1,VFSCSVMHEALHNHY
426,1,1,FSCSVMHEALHNHYT
427,1,1,SCSVMHEALHNHYTQ
428,1,1,CSVMHEALHNHYTQK
429,1,1,SVMHEALHNHYTQKS
430,1,1,VMHEALHNHYTQKSL
431,1,1,MHEALHNHYTQKSLS
432,1,1,HEALHNHYTQKSLSL
433,1,1,EALHNHYTQKSLSLS
434,1,1,ALHNHYTQKSLSLSP
435,1,1,LHNHYTQKSLSLSPG
436,1,1,HNHYTQKSLSLSPGK
437,2,2,DILLTQSPAILSVSP
438,2,2,ILLTQSPAILSVSPG
439,2,2,LLTQSPAILSVSPGE
440,2,2,LTQSPAILSVSPGER
441,2,2,TQSPAILSVSPGERV
442,2,2,QSPAILSVSPGERVS
443,2,2,SPAILSVSPGERVSF
444,2,2,PAILSVSPGERVSFS
445,2,2,AILSVSPGERVSFSC
446,2,2,ILSVSPGERVSFSCR
447,2,2,LSVSPGERVSFSCRA
448,2,2,SVSPGERVSFSCRAS
449,2,2,VSPGERVSFSCRASQ
450,2,2,SPGERVSFSCRASQF
451,2,2,PGERVSFSCRASQFV
452,2,2,GERVSFSCRASQFVG
453,2,2,ERVSFSCRASQFVGS
454,2,2,RVSFSCRASQFVGSS
455,2,2,VSFSCRASQFVGSSI
456,2,2,SFSCRASQFVGSSIH
457,2,2,FSCRASQFVGSSIHW
458,2,2,SCRASQFVGSSIHWY
459,2,2,CRASQFVGSSIHWYQ
460,2,2,RASQFVGSSIHWYQQ
461,2,2,ASQFVGSSIHWYQQR
462,2,2,SQFVGSSIHWYQQRT
463,2,2,QFVGSSIHWYQQRTN
464,2,2,FVGSSIHWYQQRTNG
465,2,2,VGSSIHWYQQRTNGS
466,2,2,GSSIHWYQQRTNGSP
467,2,2,SSIHWYQQRTNGSPR
468,2,2,SIHWYQQRTNGSPRL
469,2,2,IHWYQQRTNGSPRLL
470,2,2,HWYQQRTNGSPRLLI
471,2,2,WYQQRTNGSPRLLIK
472,2,2,YQQRTNGSPRLLIKY
473,2,2,QQRTNGSPRLLIKYA
474,2,2,QRTNGSPRLLIKYAS
475,2,2,RTNGSPRLLIKYASE
476,2,2,TNGSPRLLIKYASES
477,2,2,NGSPRLLIKYASESM
478,2,2,GSPRLLIKYASESMS
479,2,2,SPRLLIKYASESMSG
480,2,2,PRLLIKYASESMSGI
481,2,2,RLLIKYASESMSGIP
482,2,2,LLIKYASESMSGIPS
483,2,2,LIKYASESMSGIPSR
484,2,2,IKYASESMSGIPSRF
485,2,2,KYASESMSGIPSRFS
486,2,2,YASESMSGIPSRFSG
487,2,2,ASESMSGIPSRFSGS
488,2,2,SESMSGIPSRFSGSG
489,2,2,ESMSGIPSRFSGSGS
490,2,2,SMSGIPSRFSGSGSG
491,2,2,MSGIPSRFSGSGSGT
492,2,2,SGIPSRFSGSGSGTD
493,2,2,GIPSRFSGSGSGTDF
494,2,2,IPSRFSGSGSGTDFT
495,2,2,PSRFSGSGSGTDFTL
496,2,2,SRFSGSGSGTDFTLS
497,2,2,RFSGSGSGTDFTLSI
498,2,2,FSGSGSGTDFTLSIN
499,2,2,SGSGSGTDFTLSINT
500,2,2,GSGSGTDFTLSINTV
501,2,2,SGSGTDFTLSINTVE
502,2,2,GSGTDFTLSINTVES
503,2,2,SGTDFTLSINTVESE
504,2,2,GTDFTLSINTVESED
505,2,2,TDFTLSINTVESEDI
506,2,2,DFTLSINTVESEDIA
507,2,2,FTLSINTVESEDIAD
508,2,2,TLSINTVESEDIADY
509,2,2,LSINTVESEDIADYY
510,2,2,SINTVESEDIADYYC
511,2,2,INTVESEDIADYYCQ
512,2,2,NTVESEDIADYYCQQ
513,2,2,TVESEDIADYYCQQS
514,2,2,VESEDIADYYCQQSH
515,2,2,ESEDIADYYCQQSHS
516,2,2,SEDIADYYCQQSHSW
517,2,2,EDIADYYCQQSHSWP
518,2,2,DIADYYCQQSHSWPF
519,2,2,IADYYCQQSHSWPFT
520,2,2,ADYYCQQSHSWPFTF
521,2,2,DYYCQQSHSWPFTFG
522,2,2,YYCQQSHSWPFTFGS
523,2,2,YCQQSHSWPFTFGSG
524,2,2,CQQSHSWPFTFGSGT
525,2,2,QQSHSWPFTFGSGTN
526,2,2,QSHSWPFTFGSGTNL
527,2,2,SHSWPFTFGSGTNLE
528,2,2,HSWPFTFGSGTNLEV
529,2,2,SWPFTFGSGTNLEVK
530,2,2,WPFTFGSGTNLEVKR
531,2,2,PFTFGSGTNLEVKRT
532,2,2,FTFGSGTNLEVKRTV
533,2,2,TFGSGTNLEVKRTVA
534,2,2,FGSGTNLEVKRTVAA
535,2,2,GSGTNLEVKRTVAAP
536,2,2,SGTNLEVKRTVAAPS
537,2,2,GTNLEVKRTVAAPSV
538,2,2,TNLEVKRTVAAPSVF
539,2,2,NLEVKRTVAAPSVFI
540,2,2,LEVKRTVAAPSVFIF
541,2,2,EVKRTVAAPSVFIFP
542,2,2,VKRTVAAPSVFIFPP
543,2,2,KRTVAAPSVFIFPPS
544,2,2,RTVAAPSVFIFPPSD
545,2,2,TVAAPSVFIFPPSDE
546,2,2,VAAPSVFIFPPSDEQ
547,2,2,AAPSVFIFPPSDEQL
548,2,2,APSVFIFPPSDEQLK
549,2,2,PSVFIFPPSDEQLKS
550,2,2,SVFIFPPSDEQLKSG
551,2,2,VFIFPPSDEQLKSGT
552,2,2,FIFPPSDEQLKSGTA
553,2,2,IFPPSDEQLKSGTAS
554,2,2,FPPSDEQLKSGTASV
555,2,2,PPSDEQLKSGTASVV
556,2,2,PSDEQLKSGTASVVC
557,2,2,SDEQLKSGTASVVCL
558,2,2,DEQLKSGTASVVCLL
559,2,2,EQLKSGTASVVCLLN
560,2,2,QLKSGTASVVCLLNN
561,2,2,LKSGTASVVCLLNNF
562,2,2,KSGTASVVCLLNNFY
563,2,2,SGTASVVCLLNNFYP
564,2,2,GTASVVCLLNNFYPR
565,2,2,TASVVCLLNNFYPRE
566,2,2,ASVVCLLNNFYPREA
567,2,2,SVVCLLNNFYPREAK
568,2,2,VVCLLNNFYPREAKV
569,2,2,VCLLNNFYPREAKVQ
570,2,2,CLLNNFYPREAKVQW
571,2,2,LLNNFYPREAKVQWK
572,2,2,LNNFYPREAKVQWKV
573,2,2,NNFYPREAKVQWKVD
574,2,2,NFYPREAKVQWKVDN
575,2,2,FYPREAKVQWKVDNA
576,2,2,YPREAKVQWKVDNAL
577,2,2,PREAKVQWKVDNALQ
578,2,2,REAKVQWKVDNALQS
579,2,2,EAKVQWKVDNALQSG
580,2,2,AKVQWKVDNALQSGN
581,2,2,KVQWKVDNALQSGNS
582,2,2,VQWKVDNALQSGNSQ
583,2,2,QWKVDNALQSGNSQE
584,2,2,WKVDNALQSGNSQES
585,2,2,KVDNALQSGNSQESV
586,2,2,VDNALQSGNSQESVT
587,2,2,DNALQSGNSQESVTE
588,2,2,NALQSGNSQESVTEQ
589,2,2,ALQSGNSQESVTEQD
590,2,2,LQSGNSQESVTEQDS
591,2,2,QSGNSQESVTEQDSK
592,2,2,SGNSQESVTEQDSKD
593,2,2,GNSQESVTEQDSKDS
594,2,2,NSQESVTEQDSKDST
595,2,2,SQESVTEQDSKDSTY
596,2,2,QESVTEQDSKDSTYS
597,2,2,ESVTEQDSKDSTYSL
598,2,2,SVTEQDSKDSTYSLS
599,2,2,VTEQDSKDSTYSLSS
600,2,2,TEQDSKDSTYSLSST
601,2,2,EQDSKDSTYSLSSTL
602,2,2,QDSKDSTYSLSSTLT
603,2,2,DSKDSTYSLSSTLTL
604,2,2,SKDSTYSLSSTLTLS
605,2,2,KDSTYSLSSTLTLSK
606,2,2,DSTYSLSSTLTLSKA
607,2,2,STYSLSSTLTLSKAD
608,2,2,TYSLSSTLTLSKADY
609,2,2,YSLSSTLTLSKADYE
610,2,2,SLSSTLTLSKADYEK
611,2,2,LSSTLTLSKADYEKH
612,2,2,SSTLTLSKADYEKHK
613,2,2,STLTLSKADYEKHKV
614,2,2,TLTLSKADYEKHKVY
615,2,2,LTLSKADYEKHKVYA
616,2,2,TLSKADYEKHKVYAC
617,2,2,LSKADYEKHKVYACE
618,2,2,SKADYEKHKVYACEV
619,2,2,KADYEKHKVYACEVT
620,2,2,ADYEKHKVYACEVTH
621,2,2,DYEKHKVYACEVTHQ
622,2,2,YEKHKVYACEVTHQG
623,2,2,EKHKVYACEVTHQGL
624,2,2,KHKVYACEVTHQGLS
625,2,2,HKVYACEVTHQGLSS
626,2,2,KVYACEVTHQGLSSP
627,2,2,VYACEVTHQGLSSPV
628,2,2,YACEVTHQGLSSPVT
629,2,2,ACEVTHQGLSSPVTK
630,2,2,CEVTHQGLSSPVTKS
631,2,2,EVTHQGLSSPVTKSF
632,2,2,VTHQGLSSPVTKSFN
633,2,2,THQGLSSPVTKSFNR
634,2,2,HQGLSSPVTKSFNRG
635,2,2,QGLSSPVTKSFNRGE
636,2,2,GLSSPVTKSFNRGEC
637,3,1,EVKLEESGGGLVQPG
638,3,1,VKLEESGGGLVQPGG
639,3,1,KLEESGGGLVQPGGS
640,3,1,LEESGGGLVQPGGSM
641,3,1,EESGGGLVQPGGSMK
642,3,1,ESGGGLVQPGGSMKL
643,3,1,SGGGLVQPGGSMKLS
644,3,1,GGGLVQPGGSMKLSC
645,3,1,GGLVQPGGSMKLSCV
646,3,1,GLVQPGGSMKLSCVA
647,3,1,LVQPGGSMKLSCVAS
648,3,1,VQPGGSMKLSCVASG
649,3,1,QPGGSMKLSCVASGF
650,3,1,PGGSMKLSCVASGFI
651,3,1,GGSMKLSCVASGFIF
652,3,1,GSMKLSCVASGFIFS
653,3,1,SMKLSCVASGFIFSN
654,3,1,MKLSCVASGFIFSNH
655,3,1,KLSCVASGFIFSNHW
656,3,1,LSCVASGFIFSNHWM
657,3,1,SCVASGFIFSNHWMN
658,3,1,CVASGFIFSNHWMNW
659,3,1,VASGFIFSNHWMNWV
660,3,1,ASGFIFSNHWMNWVR
661,3,1,SGFIFSNHWMNWVRQ
662,3,1,GFIFSNHWMNWVRQS
663,3,1,FIFSNHWMNWVRQSP
664,3,1,IFSNHWMNWVRQSPE
665,3,1,FSNHWMNWVRQSPEK
666,3,1,SNHWMNWVRQSPEKG
667,3,1,NHWMNWVRQSPEKGL
668,3,1,HWMNWVRQSPEKGLE
669,3,1,WMNWVRQSPEKGLEW
670,3,1,MNWVRQSPEKGLEWV
671,3,1,NWVRQSPEKGLEWVA
672,3,1,WVRQSPEKGLEWVAE
673,3,1,VRQSPEKGLEWVAEI
674,3,1,RQSPEKGLEWVAEIR
675,3,1,QSPEKGLEWVAEIRS
676,3,1,SPEKGLEWVAEIRSK
677,3,1,PEKGLEWVAEIRSKS
678,3,1,EKGLEWVAEIRSKSI
679,3,1,KGLEWVAEIRSKSIN
680,3,1,GLEWVAEIRSKSINS
681,3,1,LEWVAEIRSKSINSA
682,3,1,EWVAEIRSKSINSAT
683,3,1,WVAEIRSKSINSATH
684,3,1,VAEIRSKSINSATHY
685,3,1,AEIRSKSINSATHYA
686,3,1,EIRSKSINSATHYAE
687,3,1,IRSKSINSATHYAES
688,3,1,RSKSINSATHYAESV
689,3,1,SKSINSATHYAESVK
690,3,1,KSINSATHYAESVKG
691,3,1,SINSATHYAESVKGR
692,3,1,INSATHYAESVKGRF
693,3,1,NSATHYAESVKGRFT
694,3,1,SATHYAESVKGRFTI
695,3,1,ATHYAESVKGRFTIS
696,3,1,THYAESVKGRFTISR
697,3,1,HYAESVKGRFTISRD
698,3,1,YAESVKGRFTISRDD
699,3,1,AESVKGRFTISRDDS
700,3,1,ESVKGRFTISRDDSK
701,3,1,SVKGRFTISRDDSKS
702,3,1,VKGRFTISRDDSKSA
703,3,1,KGRFTISRDDSKSAV
704,3,1,GRFTISRDDSKSAVY
705,3,1,RFTISRDDSKSAVYL
706,3,1,FTISRDDSKSAVYLQ
707,3,1,TISRDDSKSAVYLQM
708,3,1,ISRDDSKSAVYLQMT
709,3,1,SRDDSKSAVYLQMTD
710,3,1,RDDSKSAVYLQMTDL
711,3,1,DDSKSAVYLQMTDLR
712,3,1,DSKSAVYLQMTDLRT
713,3,1,SKSAVYLQMTDLRTE
714,3,1,KSAVYLQMTDLRTED
715,3,1,SAVYLQMTDLRTEDT
716,3,1,AVYLQMTDLRTEDTG
717,3,1,VYLQMTDLRTEDTGV
718,3,1,YLQMTDLRTEDTGVY
719,3,1,LQMTDLRTEDTGVYY
720,3,1,QMTDLRTEDTGVYYC
721,3,1,MTDLRTEDTGVYYCS
722,3,1,TDLRTEDTGVYYCSR
723,3,1,DLRTEDTGVYYCSRN
724,3,1,LRTEDTGVYYCSRNY
725,3,1,RTEDTGVYYCSRNYY
726,3,1,TEDTGVYYCSRNYYG
727,3,1,EDTGVYYCSRNYYGS
728,3,1,DTGVYYCSRNYYGST
729,3,1,TGVYYCSRNYYGSTY
730,3,1,GVYYCSRNYYGSTYD
731,3,1,VYYCSRNYYGSTYDY
732,3,1,YYCSRNYYGSTYDYW
733,3,1,YCSRNYYGSTYDYWG
734,3,1,CSRNYYGSTYDYWGQ
735,3,1,SRNYYGSTYDYWGQG
736,3,1,RNYYGSTYDYWGQGT
737,3,1,NYYGSTYDYWGQGTT
738,3,1,YYGSTYDYWGQGTTL
739,3,1,YGSTYDYWGQGTTLT
740,3,1,GSTYDYWGQGTTLTV
741,3,1,STYDYWGQGTTLTVS
742,3,1,TYDYWGQGTTLTVSS
743,3,1,YDYWGQGTTLTVSSA
744,3,1,DYWGQGTTLTVSSAS
745,3,1,YWGQGTTLTVSSAST
746,3,1,WGQGTTLTVSSASTK
747,3,1,GQGTTLTVSSASTKG
748,3,1,QGTTLTVSSASTKGP
749,3,1,GTTLTVSSASTKGPS
750,3,1,TTLTVSSASTKGPSV
751,3,1,TLTVSSASTKGPSVF
752,3,1,LTVSSASTKGPSVFP
753,3,1,TVSSASTKGPSVFPL
754,3,1,VSSASTKGPSVFPLA
755,3,1,SSASTKGPSVFPLAP
756,3,1,SASTKGPSVFPLAPS
757,3,1,ASTKGPSVFPLAPSS
758,3,1,STKGPSVFPLAPSSK
759,3,1,TKGPSVFPLAPSSKS
760,3,1,KGPSVFPLAPSSKST
761,3,1,GPSVFPLAPSSKSTS
762,3,1,PSVFPLAPSSKSTSG
763,3,1,SVFPLAPSSKSTSGG
764,3,1,VFPLAPSSKSTSGGT
765,3,1,FPLAPSSKSTSGGTA
766,3,1,PLAPSSKSTSGGTAA
767,3,1,LAPSSKSTSGGTAAL
768,3,1,APSSKSTSGGTAALG
769,3,1,PSSKSTSGGTAALGC
770,3,1,SSKSTSGGTAALGCL
771,3,1,SKSTSGGTAALGCLV
772,3,1,KSTSGGTAALGCLVK
773,3,1,STSGGTAALGCLVKD
774,3,1,TSGGTAALGCLVKDY
775,3,1,SGGTAALGCLVKDYF
776,3,1,GGTAALGCLVKDYFP
777,3,1,GTAALGCLVKDYFPE
778,3,1,TAALGCLVKDYFPEP
779,3,1,AALGCLVKDYFPEPV
780,3,1,ALGCLVKDYFPEPVT
781,3,1,LGCLVKDYFPEPVTV
782,3,1,GCLVKDYFPEPVTVS
783,3,1,CLVKDYFPEPVTVSW
784,3,1,LVKDYFPEPVTVSWN
785,3,1,VKDYFPEPVTVSWNS
786,3,1,KDYFPEPVTVSWNSG
787,3,1,DYFPEPVTVSWNSGA
788,3,1,YFPEPVTVSWNSGAL
789,3,1,FPEPVTVSWNSGALT
790,3,1,PEPVTVSWNSGALTS
791,3,1,EPVTVSWNSGALTSG
792,3,1,PVTVSWNSGALTSGV
793,3,1,VTVSWNSGALTSGVH
794,3,1,TVSWNSGALTSGVHT
795,3,1,VSWNSGALTSGVHTF
796,3,1,SWNSGALTSGVHTFP
797,3,1,WNSGALTSGVHTFPA
798,3,1,NSGALTSGVHTFPAV
799,3,1,SGALTSGVHTFPAVL
800,3,1,GALTSGVHTFPAVLQ
801,3,1,ALTSGVHTFPAVLQS
802,3,1,LTSGVHTFPAVLQSS
803,3,1,TSGVHTFPAVLQSSG
804,3,1,SGVHTFPAVLQSSGL
805,3,1,GVHTFPAVLQSSGLY
806,3,1,VHTFPAVLQSSGLYS
807,3,1,HTFPAVLQSSGLYSL
808,3,1,TFPAVLQSSGLYSLS
809,3,1,FPAVLQSSGLYSLSS
810,3,1,PAVLQSSGLYSLSSV
811,3,1,AVLQSSGLYSLSSVV
812,3,1,VLQSSGLYSLSSVVT
813,3,1,LQSSGLYSLSSVVTV
814,3,1,QSSGLYSLSSVVTVP
815,3,1,SSGLYSLSSVVTVPS
816,3,1,SGLYSLSSVVTVPSS
817,3,1,GLYSLSSVVTVPSSS
818,3,1,LYSLSSVVTVPSSSL
819,3,1,YSLSSVVTVPSSSLG
820,3,1,SLSSVVTVPSSSLGT
821,3,1,LSSVVTVPSSSLGTQ
822,3,1,SSVVTVPSSSLGTQT
823,3,1,SVVTVPSSSLGTQTY
824,3,1,VVTVPSSSLGTQTYI
825,3,1,VTVPSSSLGTQTYIC
826,3,1,TVPSSSLGTQTYICN
827,3,1,VPSSSLGTQTYICNV
828,3,1,PSSSLGTQTYICNVN
829,3,1,SSSLGTQTYICNVNH
830,3,1,SSLGTQTYICNVNHK
831,3,1,SLGTQTYICNVNHKP
832,3,1,LGTQTYICNVNHKPS
833,3,1,GTQTYICNVNHKPSN
834,3,1,TQTYICNVNHKPSNT
835,3,1,QTYICNVNHKPSNTK
836,3,1,TYICNVNHKPSNTKV
837,3,1,YICNVNHKPSNTKVD
838,3,1,ICNVNHKPSNTKVDK
839,3,1,CNVNHKPSNTKVDKK
840,3,1,NVNHKPSNTKVDKKV
841,3,1,VNHKPSNTKVDKKVE
842,3,1,NHKPSNTKVDKKVEP
843,3,1,HKPSNTKVDKKVEPK
844,3,1,KPSNTKVDKKVEPKS
845,3,1,PSNTKVDKKVEPKSC
846,3,1,SNTKVDKKVEPKSCD
847,3,1,NTKVDKKVEPKSCDK
848,3,1,TKVDKKVEPKSCDKT
849,3,1,KVDKKVEPKSCDKTH
850,3,1,VDKKVEPKSCDKTHT
851,3,1,DKKVEPKSCDKTHTC
852,3,1,KKVEPKSCDKTHTCP
853,3,1,KVEPKSCDKTHTCPP
854,3,1,VEPKSCDKTHTCPPC
855,3,1,EPKSCDKTHTCPPCP
856,3,1,PKSCDKTHTCPPCPA
857,3,1,KSCDKTHTCPPCPAP
858,3,1,SCDKTHTCPPCPAPE
859,3,1,CDKTHTCPPCPAPEL
860,3,1,DKTHTCPPCPAPELL
861,3,1,KTHTCPPCPAPELLG
862,3,1,THTCPPCPAPELLGG
863,3,1,HTCPPCPAPELLGGP
864,3,1,TCPPCPAPELLGGPS
865,3,1,CPPCPAPELLGGPSV
866,3,1,PPCPAPELLGGPSVF
867,3,1,PCPAPELLGGPSVFL
868,3,1,CPAPELLGGPSVFLF
869,3,1,PAPELLGGPSVFLFP
870,3,1,APELLGGPSVFLFPP
871,3,1,PELLGGPSVFLFPPK
872,3,1,ELLGGPSVFLFPPKP
873,3,1,LLGGPSVFLFPPKPK
874,3,1,LGGPSVFLFPPKPKD
875,3,1,GGPSVFLFPPKPKDT
876,3,1,GPSVFLFPPKPKDTL
877,3,1,PSVFLFPPKPKDTLM
878,3,1,SVFLFPPKPKDTLMI
879,3,1,VFLFPPKPKDTLMIS
880,3,1,FLFPPKPKDTLMISR
881,3,1,LFPPKPKDTLMISRT
882,3,1,FPPKPKDTLMISRTP
883,3,1,PPKPKDTLMISRTPE
884,3,1,PKPKDTLMISRTPEV
885,3,1,KPKDTLMISRTPEVT
886,3,1,PKDTLMISRTPEVTC
887,3,1,KDTLMISRTPEVTCV
888,3,1,DTLMISRTPEVTCVV
889,3,1,TLMISRTPEVTCVVV
890,3,1,LMISRTPEVTCVVVD
891,3,1,MISRTPEVTCVVVDV
892,3,1,ISRTPEVTCVVVDVS
893,3,1,SRTPEVTCVVVDVSH
894,3,1,RTPEVTCVVVDVSHE
895,3,1,TPEVTCVVVDVSHED
896,3,1,PEVTCVVVDVSHEDP
897,3,1,EVTCVVVDVSHEDPE
898,3,1,VTCVVVDVSHEDPEV
899,3,1,TCVVVDVSHEDPEVK
900,3,1,CVVVDVSHEDPEVKF
901,3,1,VVVDVSHEDPEVKFN
902,3,1,VVDVSHEDPEVKFNW
903,3,1,VDVSHEDPEVKFNWY
904,3,1,DVSHEDPEVKFNWYV
905,3,1,VSHEDPEVKFNWYVD
906,3,1,SHEDPEVKFNWYVDG
907,3,1,HEDPEVKFNWYVDGV
908,3,1,EDPEVKFNWYVDGVE
909,3,1,DPEVKFNWYVDGVEV
910,3,1,PEVKFNWYVDGVEVH
911,3,1,EVKFNWYVDGVEVHN
912,3,1,VKFNWYVDGVEVHNA
913,3,1,KFNWYVDGVEVHNAK
914,3,1,FNWYVDGVEVHNAKT
915,3,1,NWYVDGVEVHNAKTK
916,3,1,WYVDGVEVHNAKTKP
917,3,1,YVDGVEVHNAKTKPR
918,3,1,VDGVEVHNAKTKPRE
919,3,1,DGVEVHNAKTKPREE
920,3,1,GVEVHNAKTKPREEQ
921,3,1,VEVHNAKTKPREEQY
922,3,1,EVHNAKTKPREEQYN
923,3,1,VHNAKTKPREEQYNS
924,3,1,HNAKTKPREEQYNST
925,3,1,NAKTKPREEQYNSTY
926,3,1,AKTKPREEQYNSTYR
927,3,1,KTKPREEQYNSTYRV
928,3,1,TKPREEQYNSTYRVV
929,3,1,KPREEQYNSTYRVVS
930,3,1,PREEQYNSTYRVVSV
931,3,1,REEQYNSTYRVVSVL
932,3,1,EEQYNSTYRVVSVLT
933,3,1,EQYNSTYRVVSVLTV
934,3,1,QYNSTYRVVSVLTVL
935,3,1,YNSTYRVVSVLTVLH
936,3,1,NSTYRVVSVLTVLHQ
937,3,1,STYRVVSVLTVLHQD
938,3,1,TYRVVSVLTVLHQDW
939,3,1,YRVVSVLTVLHQDWL
940,3,1,RVVSVLTVLHQDWLN
941,3,1,VVSVLTVLHQDWLNG
942,3,1,VSVLTVLHQDWLNGK
943,3,1,SVLTVLHQDWLNGKE
944,3,1,VLTVLHQDWLNGKEY
945,3,1,LTVLHQDWLNGKEYK
946,3,1,TVLHQDWLNGKEYKC
947,3,1,VLHQDWLNGKEYKCK
948,3,1,LHQDWLNGKEYKCKV
949,3,1,HQDWLNGKEYKCKVS
950,3,1,QDWLNGKEYKCKVSN
951,3,1,DWLNGKEYKCKVSNK
952,3,1,WLNGKEYKCKVSNKA
953,3,1,LNGKEYKCKVSNKAL
954,3,1,NGKEYKCKVSNKALP
955,3,1,GKEYKCKVSNKALPA
956,3,1,KEYKCKVSNKALPAP
957,3,1,EYKCKVSNKALPAPI
958,3,1,YKCKVSNKALPAPIE
959,3,1,KCKVSNKALPAPIEK
960,3,1,CKVSNKALPAPIEKT
961,3,1,KVSNKALPAPIEKTI
962,3,1,VSNKALPAPIEKTIS
963,3,1,SNKALPAPIEKTISK
964,3,1,NKALPAPIEKTISKA
965,3,1,KALPAPIEKTISKAK
966,3,1,ALPAPIEKTISKAKG
967,3,1,LPAPIEKTISKAKGQ
968,3,1,PAPIEKTISKAKGQP
969,3,1,APIEKTISKAKGQPR
970,3,1,PIEKTISKAKGQPRE
971,3,1,IEKTISKAKGQPREP
972,3,1,EKTISKAKGQPREPQ
973,3,1,KTISKAKGQPREPQV
974,3,1,TISKAKGQPREPQVY
975,3,1,ISKAKGQPREPQVYT
976,3,1,SKAKGQPREPQVYTL
977,3,1,KAKGQPREPQVYTLP
978,3,1,AKGQPREPQVYTLPP
979,3,1,KGQPREPQVYTLPPS
980,3,1,GQPREPQVYTLPPSR
981,3,1,QPREPQVYTLPPSRD
982,3,1,PREPQVYTLPPSRDE
983,3,1,REPQVYTLPPSRDEL
984,3,1,EPQVYTLPPSRDELT
985,3,1,PQVYTLPPSRDELTK
986,3,1,QVYTLPPSRDELTKN
987,3,1,VYTLPPSRDELTKNQ
988,3,1,YTLPPSRDELTKNQV
989,3,1,TLPPSRDELTKNQVS
990,3,1,LPPSRDELTKNQVSL
991,3,1,PPSRDELTKNQVSLT
992,3,1,PSRDELTKNQVSLTC
993,3,1,SRDELTKNQVSLTCL
994,3,1,RDELTKNQVSLTCLV
995,3,1,DELTKNQVSLTCLVK
996,3,1,ELTKNQVSLTCLVKG
997,3,1,LTKNQVSLTCLVKGF
998,3,1,TKNQVSLTCLVKGFY
999,3,1,KNQVSLTCLVKGFYP
1000,3,1,NQVSLTCLVKGFYPS
1001,3,1,QVSLTCLVKGFYPSD
1002,3,1,VSLTCLVKGFYPSDI
1003,3,1,SLTCLVKGFYPSDIA
1004,3,1,LTCLVKGFYPSDIAV
1005,3,1,TCLVKGFYPSDIAVE
1006,3,1,CLVKGFYPSDIAVEW
1007,3,1,LVKGFYPSDIAVEWE
1008,3,1,VKGFYPSDIAVEWES
1009,3,1,KGFYPSDIAVEWESN
1010,3,1,GFYPSDIAVEWESNG
1011,3,1,FYPSDIAVEWESNGQ
1012,3,1,YPSDIAVEWESNGQP
1013,3,1,PSDIAVEWESNGQPE
1014,3,1,SDIAVEWESNGQPEN
1015,3,1,DIAVEWESNGQPENN
1016,3,1,IAVEWESNGQPENNY
1017,3,1,AVEWESNGQPENNYK
1018,3,1,VEWESNGQPENNYKT
1019,3,1,EWESNGQPENNYKTT
1020,3,1,WESNGQPENNYKTTP
1021,3,1,ESNGQPENNYKTTPP
1022,3,1,SNGQPENNYKTTPPV
1023,3,1,NGQPENNYKTTPPVL
1024,3,1,GQPENNYKTTPPVLD
1025,3,1,QPENNYKTTPPVLDS
1026,3,1,PENNYKTTPPVLDSD
1027,3,1,ENNYKTTPPVLDSDG
1028,3,1,NNYKTTPPVLDSDGS
1029,3,1,NYKTTPPVLDSDGSF
1030,3,1,YKTTPPVLDSDGSFF
1031,3,1,KTTPPVLDSDGSFFL
1032,3,1,TTPPVLDSDGSFFLY
1033,3,1,TPPVLDSDGSFFLYS
1034,3,1,PPVLDSDGSFFLYSK
1035,3,1,PVLDSDGSFFLYSKL
1036,3,1,VLDSDGSFFLYSKLT
1037,3,1,LDSDGSFFLYSKLTV
1038,3,1,DSDGSFFLYSKLTVD
1039,3,1,SDGSFFLYSKLTVDK
1040,3,1,DGSFFLYSKLTVDKS
1041,3,1,GSFFLYSKLTVDKSR
1042,3,1,SFFLYSKLTVDKSRW
1043,3,1,FFLYSKLTVDKSRWQ
1044,3,1,FLYSKLTVDKSRWQQ
1045,3,1,LYSKLTVDKSRWQQG
1046,3,1,YSKLTVDKSRWQQGN
1047,3,1,SKLTVDKSRWQQGNV
1048,3,1,KLTVDKSRWQQGNVF
1049,3,1,LTVDKSRWQQGNVFS
1050,3,1,TVDKSRWQQGNVFSC
1051,3,1,VDKSRWQQGNVFSCS
1052,3,1,DKSRWQQGNVFSCSV
1053,3,1,KSRWQQGNVFSCSVM
1054,3,1,SRWQQGNVFSCSVMH
1055,3,1,RWQQGNVFSCSVMHE
1056,3,1,WQQGNVFSCSVMHEA
1057,3,1,QQGNVFSCSVMHEAL
1058,3,1,QGNVFSCSVMHEALH
1059,3,1,GNVFSCSVMHEALHN
1060,3,1,NVFSCSVMHEALHNH
1061,3,1,VFSCSVMHEALHNHY
1062,3,1,FSCSVMHEALHNHYT
1063,3,1,SCSVMHEALHNHYTQ
1064,3,1,CSVMHEALHNHYTQK
1065,3,1,SVMHEALHNHYTQKS
1066,3,1,VMHEALHNHYTQKSL
1067,3,1,MHEALHNHYTQKSLS
1068,3,1,HEALHNHYTQKSLSL
1069,3,1,EALHNHYTQKSLSLS
1070,3,1,ALHNHYTQKSLSLSP
1071,3,1,LHNHYTQKSLSLSPG
1072,3,1,HNHYTQKSLSLSPGK
1073,4,2,DILLTQSPAILSVSP
1074,4,2,ILLTQSPAILSVSPG
1075,4,2,LLTQSPAILSVSPGE
1076,4,2,LTQSPAILSVSPGER
1077,4,2,TQSPAILSVSPGERV
1078,4,2,QSPAILSVSPGERVS
1079,4,2,SPAILSVSPGERVSF
1080,4,2,PAILSVSPGERVSFS
1081,4,2,AILSVSPGERVSFSC
1082,4,2,ILSVSPGERVSFSCR
1083,4,2,LSVSPGERVSFSCRA
1084,4,2,SVSPGERVSFSCRAS
1085,4,2,VSPGERVSFSCRASQ
1086,4,2,SPGERVSFSCRASQF
1087,4,2,PGERVSFSCRASQFV
1088,4,2,GERVSFSCRASQFVG
1089,4,2,ERVSFSCRASQFVGS
1090,4,2,RVSFSCRASQFVGSS
1091,4,2,VSFSCRASQFVGSSI
1092,4,2,SFSCRASQFVGSSIH
1093,4,2,FSCRASQFVGSSIHW
1094,4,2,SCRASQFVGSSIHWY
1095,4,2,CRASQFVGSSIHWYQ
1096,4,2,RASQFVGSSIHWYQQ
1097,4,2,ASQFVGSSIHWYQQR
1098,4,2,SQFVGSSIHWYQQRT
1099,4,2,QFVGSSIHWYQQRTN
1100,4,2,FVGSSIHWYQQRTNG
1101,4,2,VGSSIHWYQQRTNGS
1102,4,2,GSSIHWYQQRTNGSP
1103,4,2,SSIHWYQQRTNGSPR
1104,4,2,SIHWYQQRTNGSPRL
1105,4,2,IHWYQQRTNGSPRLL
1106,4,2,HWYQQRTNGSPRLLI
1107,4,2,WYQQRTNGSPRLLIK
1108,4,2,YQQRTNGSPRLLIKY
1109,4,2,QQRTNGSPRLLIKYA
1110,4,2,QRTNGSPRLLIKYAS
1111,4,2,RTNGSPRLLIKYASE
1112,4,2,TNGSPRLLIKYASES
1113,4,2,NGSPRLLIKYASESM
1114,4,2,GSPRLLIKYASESMS
1115,4,2,SPRLLIKYASESMSG
1116,4,2,PRLLIKYASESMSGI
1117,4,2,RLLIKYASESMSGIP
1118,4,2,LLIKYASESMSGIPS
1119,4,2,LIKYASESMSGIPSR
1120,4,2,IKYASESMSGIPSRF
1121,4,2,KYASESMSGIPSRFS
1122,4,2,YASESMSGIPSRFSG
1123,4,2,ASESMSGIPSRFSGS
1124,4,2,SESMSGIPSRFSGSG
1125,4,2,ESMSGIPSRFSGSGS
1126,4,2,SMSGIPSRFSGSGSG
1127,4,2,MSGIPSRFSGSGSGT
1128,4,2,SGIPSRFSGSGSGTD
1129,4,2,GIPSRFSGSGSGTDF
1130,4,2,IPSRFSGSGSGTDFT
1131,4,2,PSRFSGSGSGTDFTL
1132,4,2,SRFSGSGSGTDFTLS
1133,4,2,RFSGSGSGTDFTLSI
1134,4,2,FSGSGSGTDFTLSIN
1135,4,2,SGSGSGTDFTLSINT
1136,4,2,GSGSGTDFTLSINTV
1137,4,2,SGSGTDFTLSINTVE
1138,4,2,GSGTDFTLSINTVES
1139,4,2,SGTDFTLSINTVESE
1140,4,2,GTDFTLSINTVESED
1141,4,2,TDFTLSINTVESEDI
1142,4,2,DFTLSINTVESEDIA
1143,4,2,FTLSINTVESEDIAD
1144,4,2,TLSINTVESEDIADY
1145,4,2,LSINTVESEDIADYY
1146,4,2,SINTVESEDIADYYC
1147,4,2,INTVESEDIADYYCQ
1148,4,2,NTVESEDIADYYCQQ
1149,4,2,TVESEDIADYYCQQS
1150,4,2,VESEDIADYYCQQSH
1151,4,2,ESEDIADYYCQQSHS
1152,4,2,SEDIADYYCQQSHSW
1153,4,2,EDIADYYCQQSHSWP
1154,4,2,DIADYYCQQSHSWPF
1155,4,2,IADYYCQQSHSWPFT
1156,4,2,ADYYCQQSHSWPFTF
1157,4,2,DYYCQQSHSWPFTFG
1158,4,2,YYCQQSHSWPFTFGS
1159,4,2,YCQQSHSWPFTFGSG
1160,4,2,CQQSHSWPFTFGSGT
1161,4,2,QQSHSWPFTFGSGTN
1162,4,2,QSHSWPFTFGSGTNL
1163,4,2,SHSWPFTFGSGTNLE
1164,4,2,HSWPFTFGSGTNLEV
1165,4,2,SWPFTFGSGTNLEVK
1166,4,2,WPFTFGSGTNLEVKR
1167,4,2,PFTFGSGTNLEVKRT
1168,4,2,FTFGSGTNLEVKRTV
1169,4,2,TFGSGTNLEVKRTVA
1170,4,2,FGSGTNLEVKRTVAA
1171,4,2,GSGTNLEVKRTVAAP
1172,4,2,SGTNLEVKRTVAAPS
1173,4,2,GTNLEVKRTVAAPSV
1174,4,2,TNLEVKRTVAAPSVF
1175,4,2,NLEVKRTVAAPSVFI
1176,4,2,LEVKRTVAAPSVFIF
1177,4,2,EVKRTVAAPSVFIFP
1178,4,2,VKRTVAAPSVFIFPP
1179,4,2,KRTVAAPSVFIFPPS
1180,4,2,RTVAAPSVFIFPPSD
1181,4,2,TVAAPSVFIFPPSDE
1182,4,2,VAAPSVFIFPPSDEQ
1183,4,2,AAPSVFIFPPSDEQL
1184,4,2,APSVFIFPPSDEQLK
1185,4,2,PSVFIFPPSDEQLKS
1186,4,2,SVFIFPPSDEQLKSG
1187,4,2,VFIFPPSDEQLKSGT
1188,4,2,FIFPPSDEQLKSGTA
1189,4,2,IFPPSDEQLKSGTAS
1190,4,2,FPPSDEQLKSGTASV
1191,4,2,PPSDEQLKSGTASVV
1192,4,2,PSDEQLKSGTASVVC
1193,4,2,SDEQLKSGTASVVCL
1194,4,2,DEQLKSGTASVVCLL
1195,4,2,EQLKSGTASVVCLLN
1196,4,2,QLKSGTASVVCLLNN
1197,4,2,LKSGTASVVCLLNNF
1198,4,2,KSGTASVVCLLNNFY
1199,4,2,SGTASVVCLLNNFYP
1200,4,2,GTASVVCLLNNFYPR
1201,4,2,TASVVCLLNNFYPRE
1202,4,2,ASVVCLLNNFYPREA
1203,4,2,SVVCLLNNFYPREAK
1204,4,2,VVCLLNNFYPREAKV
1205,4,2,VCLLNNFYPREAKVQ
1206,4,2,CLLNNFYPREAKVQW
1207,4,2,LLNNFYPREAKVQWK
1208,4,2,LNNFYPREAKVQWKV
1209,4,2,NNFYPREAKVQWKVD
1210,4,2,NFYPREAKVQWKVDN
1211,4,2,FYPREAKVQWKVDNA
1212,4,2,YPREAKVQWKVDNAL
1213,4,2,PREAKVQWKVDNALQ
1214,4,2,REAKVQWKVDNALQS
1215,4,2,EAKVQWKVDNALQSG
1216,4,2,AKVQWKVDNALQSGN
1217,4,2,KVQWKVDNALQSGNS
1218,4,2,VQWKVDNALQSGNSQ
1219,4,2,QWKVDNALQSGNSQE
1220,4,2,WKVDNALQSGNSQES
1221,4,2,KVDNALQSGNSQESV
1222,4,2,VDNALQSGNSQESVT
1223,4,2,DNALQSGNSQESVTE
1224,4,2,NALQSGNSQESVTEQ
1225,4,2,ALQSGNSQESVTEQD
1226,4,2,LQSGNSQESVTEQDS
1227,4,2,QSGNSQESVTEQDSK
1228,4,2,SGNSQESVTEQDSKD
1229,4,2,GNSQESVTEQDSKDS
1230,4,2,NSQESVTEQDSKDST
1231,4,2,SQESVTEQDSKDSTY
1232,4,2,QESVTEQDSKDSTYS
1233,4,2,ESVTEQDSKDSTYSL
1234,4,2,SVTEQDSKDSTYSLS
1235,4,2,VTEQDSKDSTYSLSS
1236,4,2,TEQDSKDSTYSLSST
1237,4,2,EQDSKDSTYSLSSTL
1238,4,2,QDSKDSTYSLSSTLT
1239,4,2,DSKDSTYSLSSTLTL
1240,4,2,SKDSTYSLSSTLTLS
1241,4,2,KDSTYSLSSTLTLSK
1242,4,2,DSTYSLSSTLTLSKA
1243,4,2,STYSLSSTLTLSKAD
1244,4,2,TYSLSSTLTLSKADY
1245,4,2,YSLSSTLTLSKADYE
1246,4,2,SLSSTLTLSKADYEK
1247,4,2,LSSTLTLSKADYEKH
1248,4,2,SSTLTLSKADYEKHK
1249,4,2,STLTLSKADYEKHKV
1250,4,2,TLTLSKADYEKHKVY
1251,4,2,LTLSKADYEKHKVYA
1252,4,2,TLSKADYEKHKVYAC
1253,4,2,LSKADYEKHKVYACE
1254,4,2,SKADYEKHKVYACEV
1255,4,2,KADYEKHKVYACEVT
1256,4,2,ADYEKHKVYACEVTH
1257,4,2,DYEKHKVYACEVTHQ
1258,4,2,YEKHKVYACEVTHQG
1259,4,2,EKHKVYACEVTHQGL
1260,4,2,KHKVYACEVTHQGLS
1261,4,2,HKVYACEVTHQGLSS
1262,4,2,KVYACEVTHQGLSSP
1263,4,2,VYACEVTHQGLSSPV
1264,4,2,YACEVTHQGLSSPVT
1265,4,2,ACEVTHQGLSSPVTK
1266,4,2,CEVTHQGLSSPVTKS
1267,4,2,EVTHQGLSSPVTKSF
1268,4,2,VTHQGLSSPVTKSFN
1269,4,2,THQGLSSPVTKSFNR
1270,4,2,HQGLSSPVTKSFNRG
1271,4,2,QGLSSPVTKSFNRGE
1272,4,2,GLSSPVTKSFNRGEC
