Index,ChainNum,ChainID,xmers
1,1,1,HGEGTFTSDLSKQME
2,1,1,GEGTFTSDLSKQMEE
3,1,1,EGTFTSDLSKQMEEE
4,1,1,GTFTSDLSKQMEEEA
5,1,1,TFTSDLSKQMEEEAV
6,1,1,FTSDLSKQMEEEAVR
7,1,1,TSDLSKQMEEEAVRL
8,1,1,SDLSKQMEEEAVRLF
9,1,1,DLSKQMEEEAVRLFI
10,1,1,LSKQMEEEAVRLFIE
11,1,1,SKQMEEEAVRLFIEW
12,1,1,KQMEEEAVRLFIEWL
13,1,1,QMEEEAVRLFIEWLK
14,1,1,MEEEAVRLFIEWLKN
15,1,1,EEEAVRLFIEWLKNG
16,1,1,EEAVRLFIEWLKNGG
17,1,1,EAVRLFIEWLKNGGP
18,1,1,AVRLFIEWLKNGGPS
19,1,1,VRLFIEWLKNGGPSS
20,1,1,RLFIEWLKNGGPSSG
21,1,1,LFIEWLKNGGPSSGA
22,1,1,FIEWLKNGGPSSGAP
23,1,1,IEWLKNGGPSSGAPP
24,1,1,EWLKNGGPSSGAPPP
25,1,1,WLKNGGPSSGAPPPS
