Index,ChainNum,ChainID,xmers
1,1,1,DIQMTQSPSSLSASV
2,1,1,IQMTQSPSSLSASVG
3,1,1,QMTQSPSSLSASVGD
4,1,1,MTQSPSSLSASVGDR
5,1,1,TQSPSSLSASVGDRV
6,1,1,QSPSSLSASVGDRVT
7,1,1,SPSSLSASVGDRVTI
8,1,1,PSSLSASVGDRVTIT
9,1,1,SSLSASVGDRVTITC
10,1,1,SLSASVGDRVTITCS
11,1,1,LSASVGDRVTITCSA
12,1,1,SASVGDRVTITCSAS
13,1,1,ASVGDRVTITCSASQ
14,1,1,SVGDRVTITCSASQD
15,1,1,VGDRVTITCSASQDI
16,1,1,GDRVTITCSASQDIS
17,1,1,DRVTITCSASQDISN
18,1,1,RVTITCSASQDISNY
19,1,1,VTITCSASQDISNYL
20,1,1,TITCSASQDISNYLN
21,1,1,ITCSASQDISNYLNW
22,1,1,TCSASQDISNYLNWY
23,1,1,CSASQDISNYLNWYQ
24,1,1,SASQDISNYLNWYQQ
25,1,1,ASQDISNYLNWYQQK
26,1,1,SQDISNYLNWYQQKP
27,1,1,QDISNYLNWYQQKPG
28,1,1,DISNYLNWYQQKPGK
29,1,1,ISNYLNWYQQKPGKA
30,1,1,SNYLNWYQQKPGKAP
31,1,1,NYLNWYQQKPGKAPK
32,1,1,YLNWYQQKPGKAPKV
33,1,1,LNWYQQKPGKAPKVL
34,1,1,NWYQQKPGKAPKVLI
35,1,1,WYQQKPGKAPKVLIY
36,1,1,YQQKPGKAPKVLIYF
37,1,1,QQKPGKAPKVLIYFT
38,1,1,QKPGKAPKVLIYFTS
39,1,1,KPGKAPKVLIYFTSS
40,1,1,PGKAPKVLIYFTSSL
41,1,1,GKAPKVLIYFTSSLH
42,1,1,KAPKVLIYFTSSLHS
43,1,1,APKVLIYFTSSLHSG
44,1,1,PKVLIYFTSSLHSGV
45,1,1,KVLIYFTSSLHSGVP
46,1,1,VLIYFTSSLHSGVPS
47,1,1,LIYFTSSLHSGVPSR
48,1,1,IYFTSSLHSGVPSRF
49,1,1,YFTSSLHSGVPSRFS
50,1,1,FTSSLHSGVPSRFSG
51,1,1,TSSLHSGVPSRFSGS
52,1,1,SSLHSGVPSRFSGSG
53,1,1,SLHSGVPSRFSGSGS
54,1,1,LHSGVPSRFSGSGSG
55,1,1,HSGVPSRFSGSGSGT
56,1,1,SGVPSRFSGSGSGTD
57,1,1,GVPSRFSGSGSGTDF
58,1,1,VPSRFSGSGSGTDFT
59,1,1,PSRFSGSGSGTDFTL
60,1,1,SRFSGSGSGTDFTLT
61,1,1,RFSGSGSGTDFTLTI
62,1,1,FSGSGSGTDFTLTIS
63,1,1,SGSGSGTDFTLTISS
64,1,1,GSGSGTDFTLTISSL
65,1,1,SGSGTDFTLTISSLQ
66,1,1,GSGTDFTLTISSLQP
67,1,1,SGTDFTLTISSLQPE
68,1,1,GTDFTLTISSLQPED
69,1,1,TDFTLTISSLQPEDF
70,1,1,DFTLTISSLQPEDFA
71,1,1,FTLTISSLQPEDFAT
72,1,1,TLTISSLQPEDFATY
73,1,1,LTISSLQPEDFATYY
74,1,1,TISSLQPEDFATYYC
75,1,1,ISSLQPEDFATYYCQ
76,1,1,SSLQPEDFATYYCQQ
77,1,1,SLQPEDFATYYCQQY
78,1,1,LQPEDFATYYCQQYS
79,1,1,QPEDFATYYCQQYST
80,1,1,PEDFATYYCQQYSTV
81,1,1,EDFATYYCQQYSTVP
82,1,1,DFATYYCQQYSTVPW
83,1,1,FATYYCQQYSTVPWT
84,1,1,ATYYCQQYSTVPWTF
85,1,1,TYYCQQYSTVPWTFG
86,1,1,YYCQQYSTVPWTFGQ
87,1,1,YCQQYSTVPWTFGQG
88,1,1,CQQYSTVPWTFGQGT
89,1,1,QQYSTVPWTFGQGTK
90,1,1,QYSTVPWTFGQGTKV
91,1,1,YSTVPWTFGQGTKVE
92,1,1,STVPWTFGQGTKVEI
93,1,1,TVPWTFGQGTKVEIK
94,1,1,VPWTFGQGTKVEIKR
95,1,1,PWTFGQGTKVEIKRT
96,1,1,WTFGQGTKVEIKRTV
97,1,1,TFGQGTKVEIKRTVA
98,1,1,FGQGTKVEIKRTVAA
99,1,1,GQGTKVEIKRTVAAP
100,1,1,QGTKVEIKRTVAAPS
101,1,1,GTKVEIKRTVAAPSV
102,1,1,TKVEIKRTVAAPSVF
103,1,1,KVEIKRTVAAPSVFI
104,1,1,VEIKRTVAAPSVFIF
105,1,1,EIKRTVAAPSVFIFP
106,1,1,IKRTVAAPSVFIFPP
107,1,1,KRTVAAPSVFIFPPS
108,1,1,RTVAAPSVFIFPPSD
109,1,1,TVAAPSVFIFPPSDE
110,1,1,VAAPSVFIFPPSDEQ
111,1,1,AAPSVFIFPPSDEQL
112,1,1,APSVFIFPPSDEQLK
113,1,1,PSVFIFPPSDEQLKS
114,1,1,SVFIFPPSDEQLKSG
115,1,1,VFIFPPSDEQLKSGT
116,1,1,FIFPPSDEQLKSGTA
117,1,1,IFPPSDEQLKSGTAS
118,1,1,FPPSDEQLKSGTASV
119,1,1,PPSDEQLKSGTASVV
120,1,1,PSDEQLKSGTASVVC
121,1,1,SDEQLKSGTASVVCL
122,1,1,DEQLKSGTASVVCLL
123,1,1,EQLKSGTASVVCLLN
124,1,1,QLKSGTASVVCLLNN
125,1,1,LKSGTASVVCLLNNF
126,1,1,KSGTASVVCLLNNFY
127,1,1,SGTASVVCLLNNFYP
128,1,1,GTASVVCLLNNFYPR
129,1,1,TASVVCLLNNFYPRE
130,1,1,ASVVCLLNNFYPREA
131,1,1,SVVCLLNNFYPREAK
132,1,1,VVCLLNNFYPREAKV
133,1,1,VCLLNNFYPREAKVQ
134,1,1,CLLNNFYPREAKVQW
135,1,1,LLNNFYPREAKVQWK
136,1,1,LNNFYPREAKVQWKV
137,1,1,NNFYPREAKVQWKVD
138,1,1,NFYPREAKVQWKVDN
139,1,1,FYPREAKVQWKVDNA
140,1,1,YPREAKVQWKVDNAL
141,1,1,PREAKVQWKVDNALQ
142,1,1,REAKVQWKVDNALQS
143,1,1,EAKVQWKVDNALQSG
144,1,1,AKVQWKVDNALQSGN
145,1,1,KVQWKVDNALQSGNS
146,1,1,VQWKVDNALQSGNSQ
147,1,1,QWKVDNALQSGNSQE
148,1,1,WKVDNALQSGNSQES
149,1,1,KVDNALQSGNSQESV
150,1,1,VDNALQSGNSQESVT
151,1,1,DNALQSGNSQESVTE
152,1,1,NALQSGNSQESVTEQ
153,1,1,ALQSGNSQESVTEQD
154,1,1,LQSGNSQESVTEQDS
155,1,1,QSGNSQESVTEQDSK
156,1,1,SGNSQESVTEQDSKD
157,1,1,GNSQESVTEQDSKDS
158,1,1,NSQESVTEQDSKDST
159,1,1,SQESVTEQDSKDSTY
160,1,1,QESVTEQDSKDSTYS
161,1,1,ESVTEQDSKDSTYSL
162,1,1,SVTEQDSKDSTYSLS
163,1,1,VTEQDSKDSTYSLSS
164,1,1,TEQDSKDSTYSLSST
165,1,1,EQDSKDSTYSLSSTL
166,1,1,QDSKDSTYSLSSTLT
167,1,1,DSKDSTYSLSSTLTL
168,1,1,SKDSTYSLSSTLTLS
169,1,1,KDSTYSLSSTLTLSK
170,1,1,DSTYSLSSTLTLSKA
171,1,1,STYSLSSTLTLSKAD
172,1,1,TYSLSSTLTLSKADY
173,1,1,YSLSSTLTLSKADYE
174,1,1,SLSSTLTLSKADYEK
175,1,1,LSSTLTLSKADYEKH
176,1,1,SSTLTLSKADYEKHK
177,1,1,STLTLSKADYEKHKV
178,1,1,TLTLSKADYEKHKVY
179,1,1,LTLSKADYEKHKVYA
180,1,1,TLSKADYEKHKVYAC
181,1,1,LSKADYEKHKVYACE
182,1,1,SKADYEKHKVYACEV
183,1,1,KADYEKHKVYACEVT
184,1,1,ADYEKHKVYACEVTH
185,1,1,DYEKHKVYACEVTHQ
186,1,1,YEKHKVYACEVTHQG
187,1,1,EKHKVYACEVTHQGL
188,1,1,KHKVYACEVTHQGLS
189,1,1,HKVYACEVTHQGLSS
190,1,1,KVYACEVTHQGLSSP
191,1,1,VYACEVTHQGLSSPV
192,1,1,YACEVTHQGLSSPVT
193,1,1,ACEVTHQGLSSPVTK
194,1,1,CEVTHQGLSSPVTKS
195,1,1,EVTHQGLSSPVTKSF
196,1,1,VTHQGLSSPVTKSFN
197,1,1,THQGLSSPVTKSFNR
198,1,1,HQGLSSPVTKSFNRG
199,1,1,QGLSSPVTKSFNRGE
200,1,1,GLSSPVTKSFNRGEC
201,2,2,EVQLVESGGGLVQPG
202,2,2,VQLVESGGGLVQPGG
203,2,2,QLVESGGGLVQPGGS
204,2,2,LVESGGGLVQPGGSL
205,2,2,VESGGGLVQPGGSLR
206,2,2,ESGGGLVQPGGSLRL
207,2,2,SGGGLVQPGGSLRLS
208,2,2,GGGLVQPGGSLRLSC
209,2,2,GGLVQPGGSLRLSCA
210,2,2,GLVQPGGSLRLSCAA
211,2,2,LVQPGGSLRLSCAAS
212,2,2,VQPGGSLRLSCAASG
213,2,2,QPGGSLRLSCAASGY
214,2,2,PGGSLRLSCAASGYT
215,2,2,GGSLRLSCAASGYTF
216,2,2,GSLRLSCAASGYTFT
217,2,2,SLRLSCAASGYTFTN
218,2,2,LRLSCAASGYTFTNY
219,2,2,RLSCAASGYTFTNYG
220,2,2,LSCAASGYTFTNYGM
221,2,2,SCAASGYTFTNYGMN
222,2,2,CAASGYTFTNYGMNW
223,2,2,AASGYTFTNYGMNWV
224,2,2,ASGYTFTNYGMNWVR
225,2,2,SGYTFTNYGMNWVRQ
226,2,2,GYTFTNYGMNWVRQA
227,2,2,YTFTNYGMNWVRQAP
228,2,2,TFTNYGMNWVRQAPG
229,2,2,FTNYGMNWVRQAPGK
230,2,2,TNYGMNWVRQAPGKG
231,2,2,NYGMNWVRQAPGKGL
232,2,2,YGMNWVRQAPGKGLE
233,2,2,GMNWVRQAPGKGLEW
234,2,2,MNWVRQAPGKGLEWV
235,2,2,NWVRQAPGKGLEWVG
236,2,2,WVRQAPGKGLEWVGW
237,2,2,VRQAPGKGLEWVGWI
238,2,2,RQAPGKGLEWVGWIN
239,2,2,QAPGKGLEWVGWINT
240,2,2,APGKGLEWVGWINTY
241,2,2,PGKGLEWVGWINTYT
242,2,2,GKGLEWVGWINTYTG
243,2,2,KGLEWVGWINTYTGE
244,2,2,GLEWVGWINTYTGEP
245,2,2,LEWVGWINTYTGEPT
246,2,2,EWVGWINTYTGEPTY
247,2,2,WVGWINTYTGEPTYA
248,2,2,VGWINTYTGEPTYAA
249,2,2,GWINTYTGEPTYAAD
250,2,2,WINTYTGEPTYAADF
251,2,2,INTYTGEPTYAADFK
252,2,2,NTYTGEPTYAADFKR
253,2,2,TYTGEPTYAADFKRR
254,2,2,YTGEPTYAADFKRRF
255,2,2,TGEPTYAADFKRRFT
256,2,2,GEPTYAADFKRRFTF
257,2,2,EPTYAADFKRRFTFS
258,2,2,PTYAADFKRRFTFSL
259,2,2,TYAADFKRRFTFSLD
260,2,2,YAADFKRRFTFSLDT
261,2,2,AADFKRRFTFSLDTS
262,2,2,ADFKRRFTFSLDTSK
263,2,2,DFKRRFTFSLDTSKS
264,2,2,FKRRFTFSLDTSKST
265,2,2,KRRFTFSLDTSKSTA
266,2,2,RRFTFSLDTSKSTAY
267,2,2,RFTFSLDTSKSTAYL
268,2,2,FTFSLDTSKSTAYLQ
269,2,2,TFSLDTSKSTAYLQM
270,2,2,FSLDTSKSTAYLQMN
271,2,2,SLDTSKSTAYLQMNS
272,2,2,LDTSKSTAYLQMNSL
273,2,2,DTSKSTAYLQMNSLR
274,2,2,TSKSTAYLQMNSLRA
275,2,2,SKSTAYLQMNSLRAE
276,2,2,KSTAYLQMNSLRAED
277,2,2,STAYLQMNSLRAEDT
278,2,2,TAYLQMNSLRAEDTA
279,2,2,AYLQMNSLRAEDTAV
280,2,2,YLQMNSLRAEDTAVY
281,2,2,LQMNSLRAEDTAVYY
282,2,2,QMNSLRAEDTAVYYC
283,2,2,MNSLRAEDTAVYYCA
284,2,2,NSLRAEDTAVYYCAK
285,2,2,SLRAEDTAVYYCAKY
286,2,2,LRAEDTAVYYCAKYP
287,2,2,RAEDTAVYYCAKYPH
288,2,2,AEDTAVYYCAKYPHY
289,2,2,EDTAVYYCAKYPHYY
290,2,2,DTAVYYCAKYPHYYG
291,2,2,TAVYYCAKYPHYYGS
292,2,2,AVYYCAKYPHYYGSS
293,2,2,VYYCAKYPHYYGSSH
294,2,2,YYCAKYPHYYGSSHW
295,2,2,YCAKYPHYYGSSHWY
296,2,2,CAKYPHYYGSSHWYF
297,2,2,AKYPHYYGSSHWYFD
298,2,2,KYPHYYGSSHWYFDV
299,2,2,YPHYYGSSHWYFDVW
300,2,2,PHYYGSSHWYFDVWG
301,2,2,HYYGSSHWYFDVWGQ
302,2,2,YYGSSHWYFDVWGQG
303,2,2,YGSSHWYFDVWGQGT
304,2,2,GSSHWYFDVWGQGTL
305,2,2,SSHWYFDVWGQGTLV
306,2,2,SHWYFDVWGQGTLVT
307,2,2,HWYFDVWGQGTLVTV
308,2,2,WYFDVWGQGTLVTVS
309,2,2,YFDVWGQGTLVTVSS
310,2,2,FDVWGQGTLVTVSSA
311,2,2,DVWGQGTLVTVSSAS
312,2,2,VWGQGTLVTVSSAST
313,2,2,WGQGTLVTVSSASTK
314,2,2,GQGTLVTVSSASTKG
315,2,2,QGTLVTVSSASTKGP
316,2,2,GTLVTVSSASTKGPS
317,2,2,TLVTVSSASTKGPSV
318,2,2,LVTVSSASTKGPSVF
319,2,2,VTVSSASTKGPSVFP
320,2,2,TVSSASTKGPSVFPL
321,2,2,VSSASTKGPSVFPLA
322,2,2,SSASTKGPSVFPLAP
323,2,2,SASTKGPSVFPLAPS
324,2,2,ASTKGPSVFPLAPSS
325,2,2,STKGPSVFPLAPSSK
326,2,2,TKGPSVFPLAPSSKS
327,2,2,KGPSVFPLAPSSKST
328,2,2,GPSVFPLAPSSKSTS
329,2,2,PSVFPLAPSSKSTSG
330,2,2,SVFPLAPSSKSTSGG
331,2,2,VFPLAPSSKSTSGGT
332,2,2,FPLAPSSKSTSGGTA
333,2,2,PLAPSSKSTSGGTAA
334,2,2,LAPSSKSTSGGTAAL
335,2,2,APSSKSTSGGTAALG
336,2,2,PSSKSTSGGTAALGC
337,2,2,SSKSTSGGTAALGCL
338,2,2,SKSTSGGTAALGCLV
339,2,2,KSTSGGTAALGCLVK
340,2,2,STSGGTAALGCLVKD
341,2,2,TSGGTAALGCLVKDY
342,2,2,SGGTAALGCLVKDYF
343,2,2,GGTAALGCLVKDYFP
344,2,2,GTAALGCLVKDYFPE
345,2,2,TAALGCLVKDYFPEP
346,2,2,AALGCLVKDYFPEPV
347,2,2,ALGCLVKDYFPEPVT
348,2,2,LGCLVKDYFPEPVTV
349,2,2,GCLVKDYFPEPVTVS
350,2,2,CLVKDYFPEPVTVSW
351,2,2,LVKDYFPEPVTVSWN
352,2,2,VKDYFPEPVTVSWNS
353,2,2,KDYFPEPVTVSWNSG
354,2,2,DYFPEPVTVSWNSGA
355,2,2,YFPEPVTVSWNSGAL
356,2,2,FPEPVTVSWNSGALT
357,2,2,PEPVTVSWNSGALTS
358,2,2,EPVTVSWNSGALTSG
359,2,2,PVTVSWNSGALTSGV
360,2,2,VTVSWNSGALTSGVH
361,2,2,TVSWNSGALTSGVHT
362,2,2,VSWNSGALTSGVHTF
363,2,2,SWNSGALTSGVHTFP
364,2,2,WNSGALTSGVHTFPA
365,2,2,NSGALTSGVHTFPAV
366,2,2,SGALTSGVHTFPAVL
367,2,2,GALTSGVHTFPAVLQ
368,2,2,ALTSGVHTFPAVLQS
369,2,2,LTSGVHTFPAVLQSS
370,2,2,TSGVHTFPAVLQSSG
371,2,2,SGVHTFPAVLQSSGL
372,2,2,GVHTFPAVLQSSGLY
373,2,2,VHTFPAVLQSSGLYS
374,2,2,HTFPAVLQSSGLYSL
375,2,2,TFPAVLQSSGLYSLS
376,2,2,FPAVLQSSGLYSLSS
377,2,2,PAVLQSSGLYSLSSV
378,2,2,AVLQSSGLYSLSSVV
379,2,2,VLQSSGLYSLSSVVT
380,2,2,LQSSGLYSLSSVVTV
381,2,2,QSSGLYSLSSVVTVP
382,2,2,SSGLYSLSSVVTVPS
383,2,2,SGLYSLSSVVTVPSS
384,2,2,GLYSLSSVVTVPSSS
385,2,2,LYSLSSVVTVPSSSL
386,2,2,YSLSSVVTVPSSSLG
387,2,2,SLSSVVTVPSSSLGT
388,2,2,LSSVVTVPSSSLGTQ
389,2,2,SSVVTVPSSSLGTQT
390,2,2,SVVTVPSSSLGTQTY
391,2,2,VVTVPSSSLGTQTYI
392,2,2,VTVPSSSLGTQTYIC
393,2,2,TVPSSSLGTQTYICN
394,2,2,VPSSSLGTQTYICNV
395,2,2,PSSSLGTQTYICNVN
396,2,2,SSSLGTQTYICNVNH
397,2,2,SSLGTQTYICNVNHK
398,2,2,SLGTQTYICNVNHKP
399,2,2,LGTQTYICNVNHKPS
400,2,2,GTQTYICNVNHKPSN
401,2,2,TQTYICNVNHKPSNT
402,2,2,QTYICNVNHKPSNTK
403,2,2,TYICNVNHKPSNTKV
404,2,2,YICNVNHKPSNTKVD
405,2,2,ICNVNHKPSNTKVDK
406,2,2,CNVNHKPSNTKVDKK
407,2,2,NVNHKPSNTKVDKKV
408,2,2,VNHKPSNTKVDKKVE
409,2,2,NHKPSNTKVDKKVEP
410,2,2,HKPSNTKVDKKVEPK
411,2,2,KPSNTKVDKKVEPKS
412,2,2,PSNTKVDKKVEPKSC
413,2,2,SNTKVDKKVEPKSCD
414,2,2,NTKVDKKVEPKSCDK
415,2,2,TKVDKKVEPKSCDKT
416,2,2,KVDKKVEPKSCDKTH
417,2,2,VDKKVEPKSCDKTHT
418,2,2,DKKVEPKSCDKTHTC
419,2,2,KKVEPKSCDKTHTCP
420,2,2,KVEPKSCDKTHTCPP
421,2,2,VEPKSCDKTHTCPPC
422,2,2,EPKSCDKTHTCPPCP
423,2,2,PKSCDKTHTCPPCPA
424,2,2,KSCDKTHTCPPCPAP
425,2,2,SCDKTHTCPPCPAPE
426,2,2,CDKTHTCPPCPAPEL
427,2,2,DKTHTCPPCPAPELL
428,2,2,KTHTCPPCPAPELLG
429,2,2,THTCPPCPAPELLGG
430,2,2,HTCPPCPAPELLGGP
431,2,2,TCPPCPAPELLGGPS
432,2,2,CPPCPAPELLGGPSV
433,2,2,PPCPAPELLGGPSVF
434,2,2,PCPAPELLGGPSVFL
435,2,2,CPAPELLGGPSVFLF
436,2,2,PAPELLGGPSVFLFP
437,2,2,APELLGGPSVFLFPP
438,2,2,PELLGGPSVFLFPPK
439,2,2,ELLGGPSVFLFPPKP
440,2,2,LLGGPSVFLFPPKPK
441,2,2,LGGPSVFLFPPKPKD
442,2,2,GGPSVFLFPPKPKDT
443,2,2,GPSVFLFPPKPKDTL
444,2,2,PSVFLFPPKPKDTLM
445,2,2,SVFLFPPKPKDTLMI
446,2,2,VFLFPPKPKDTLMIS
447,2,2,FLFPPKPKDTLMISR
448,2,2,LFPPKPKDTLMISRT
449,2,2,FPPKPKDTLMISRTP
450,2,2,PPKPKDTLMISRTPE
451,2,2,PKPKDTLMISRTPEV
452,2,2,KPKDTLMISRTPEVT
453,2,2,PKDTLMISRTPEVTC
454,2,2,KDTLMISRTPEVTCV
455,2,2,DTLMISRTPEVTCVV
456,2,2,TLMISRTPEVTCVVV
457,2,2,LMISRTPEVTCVVVD
458,2,2,MISRTPEVTCVVVDV
459,2,2,ISRTPEVTCVVVDVS
460,2,2,SRTPEVTCVVVDVSH
461,2,2,RTPEVTCVVVDVSHE
462,2,2,TPEVTCVVVDVSHED
463,2,2,PEVTCVVVDVSHEDP
464,2,2,EVTCVVVDVSHEDPE
465,2,2,VTCVVVDVSHEDPEV
466,2,2,TCVVVDVSHEDPEVK
467,2,2,CVVVDVSHEDPEVKF
468,2,2,VVVDVSHEDPEVKFN
469,2,2,VVDVSHEDPEVKFNW
470,2,2,VDVSHEDPEVKFNWY
471,2,2,DVSHEDPEVKFNWYV
472,2,2,VSHEDPEVKFNWYVD
473,2,2,SHEDPEVKFNWYVDG
474,2,2,HEDPEVKFNWYVDGV
475,2,2,EDPEVKFNWYVDGVE
476,2,2,DPEVKFNWYVDGVEV
477,2,2,PEVKFNWYVDGVEVH
478,2,2,EVKFNWYVDGVEVHN
479,2,2,VKFNWYVDGVEVHNA
480,2,2,KFNWYVDGVEVHNAK
481,2,2,FNWYVDGVEVHNAKT
482,2,2,NWYVDGVEVHNAKTK
483,2,2,WYVDGVEVHNAKTKP
484,2,2,YVDGVEVHNAKTKPR
485,2,2,VDGVEVHNAKTKPRE
486,2,2,DGVEVHNAKTKPREE
487,2,2,GVEVHNAKTKPREEQ
488,2,2,VEVHNAKTKPREEQY
489,2,2,EVHNAKTKPREEQYN
490,2,2,VHNAKTKPREEQYNS
491,2,2,HNAKTKPREEQYNST
492,2,2,NAKTKPREEQYNSTY
493,2,2,AKTKPREEQYNSTYR
494,2,2,KTKPREEQYNSTYRV
495,2,2,TKPREEQYNSTYRVV
496,2,2,KPREEQYNSTYRVVS
497,2,2,PREEQYNSTYRVVSV
498,2,2,REEQYNSTYRVVSVL
499,2,2,EEQYNSTYRVVSVLT
500,2,2,EQYNSTYRVVSVLTV
501,2,2,QYNSTYRVVSVLTVL
502,2,2,YNSTYRVVSVLTVLH
503,2,2,NSTYRVVSVLTVLHQ
504,2,2,STYRVVSVLTVLHQD
505,2,2,TYRVVSVLTVLHQDW
506,2,2,YRVVSVLTVLHQDWL
507,2,2,RVVSVLTVLHQDWLN
508,2,2,VVSVLTVLHQDWLNG
509,2,2,VSVLTVLHQDWLNGK
510,2,2,SVLTVLHQDWLNGKE
511,2,2,VLTVLHQDWLNGKEY
512,2,2,LTVLHQDWLNGKEYK
513,2,2,TVLHQDWLNGKEYKC
514,2,2,VLHQDWLNGKEYKCK
515,2,2,LHQDWLNGKEYKCKV
516,2,2,HQDWLNGKEYKCKVS
517,2,2,QDWLNGKEYKCKVSN
518,2,2,DWLNGKEYKCKVSNK
519,2,2,WLNGKEYKCKVSNKA
520,2,2,LNGKEYKCKVSNKAL
521,2,2,NGKEYKCKVSNKALP
522,2,2,GKEYKCKVSNKALPA
523,2,2,KEYKCKVSNKALPAP
524,2,2,EYKCKVSNKALPAPI
525,2,2,YKCKVSNKALPAPIE
526,2,2,KCKVSNKALPAPIEK
527,2,2,CKVSNKALPAPIEKT
528,2,2,KVSNKALPAPIEKTI
529,2,2,VSNKALPAPIEKTIS
530,2,2,SNKALPAPIEKTISK
531,2,2,NKALPAPIEKTISKA
532,2,2,KALPAPIEKTISKAK
533,2,2,ALPAPIEKTISKAKG
534,2,2,LPAPIEKTISKAKGQ
535,2,2,PAPIEKTISKAKGQP
536,2,2,APIEKTISKAKGQPR
537,2,2,PIEKTISKAKGQPRE
538,2,2,IEKTISKAKGQPREP
539,2,2,EKTISKAKGQPREPQ
540,2,2,KTISKAKGQPREPQV
541,2,2,TISKAKGQPREPQVY
542,2,2,ISKAKGQPREPQVYT
543,2,2,SKAKGQPREPQVYTL
544,2,2,KAKGQPREPQVYTLP
545,2,2,AKGQPREPQVYTLPP
546,2,2,KGQPREPQVYTLPPS
547,2,2,GQPREPQVYTLPPSR
548,2,2,QPREPQVYTLPPSRE
549,2,2,PREPQVYTLPPSREE
550,2,2,REPQVYTLPPSREEM
551,2,2,EPQVYTLPPSREEMT
552,2,2,PQVYTLPPSREEMTK
553,2,2,QVYTLPPSREEMTKN
554,2,2,VYTLPPSREEMTKNQ
555,2,2,YTLPPSREEMTKNQV
556,2,2,TLPPSREEMTKNQVS
557,2,2,LPPSREEMTKNQVSL
558,2,2,PPSREEMTKNQVSLT
559,2,2,PSREEMTKNQVSLTC
560,2,2,SREEMTKNQVSLTCL
561,2,2,REEMTKNQVSLTCLV
562,2,2,EEMTKNQVSLTCLVK
563,2,2,EMTKNQVSLTCLVKG
564,2,2,MTKNQVSLTCLVKGF
565,2,2,TKNQVSLTCLVKGFY
566,2,2,KNQVSLTCLVKGFYP
567,2,2,NQVSLTCLVKGFYPS
568,2,2,QVSLTCLVKGFYPSD
569,2,2,VSLTCLVKGFYPSDI
570,2,2,SLTCLVKGFYPSDIA
571,2,2,LTCLVKGFYPSDIAV
572,2,2,TCLVKGFYPSDIAVE
573,2,2,CLVKGFYPSDIAVEW
574,2,2,LVKGFYPSDIAVEWE
575,2,2,VKGFYPSDIAVEWES
576,2,2,KGFYPSDIAVEWESN
577,2,2,GFYPSDIAVEWESNG
578,2,2,FYPSDIAVEWESNGQ
579,2,2,YPSDIAVEWESNGQP
580,2,2,PSDIAVEWESNGQPE
581,2,2,SDIAVEWESNGQPEN
582,2,2,DIAVEWESNGQPENN
583,2,2,IAVEWESNGQPENNY
584,2,2,AVEWESNGQPENNYK
585,2,2,VEWESNGQPENNYKT
586,2,2,EWESNGQPENNYKTT
587,2,2,WESNGQPENNYKTTP
588,2,2,ESNGQPENNYKTTPP
589,2,2,SNGQPENNYKTTPPV
590,2,2,NGQPENNYKTTPPVL
591,2,2,GQPENNYKTTPPVLD
592,2,2,QPENNYKTTPPVLDS
593,2,2,PENNYKTTPPVLDSD
594,2,2,ENNYKTTPPVLDSDG
595,2,2,NNYKTTPPVLDSDGS
596,2,2,NYKTTPPVLDSDGSF
597,2,2,YKTTPPVLDSDGSFF
598,2,2,KTTPPVLDSDGSFFL
599,2,2,TTPPVLDSDGSFFLY
600,2,2,TPPVLDSDGSFFLYS
601,2,2,PPVLDSDGSFFLYSK
602,2,2,PVLDSDGSFFLYSKL
603,2,2,VLDSDGSFFLYSKLT
604,2,2,LDSDGSFFLYSKLTV
605,2,2,DSDGSFFLYSKLTVD
606,2,2,SDGSFFLYSKLTVDK
607,2,2,DGSFFLYSKLTVDKS
608,2,2,GSFFLYSKLTVDKSR
609,2,2,SFFLYSKLTVDKSRW
610,2,2,FFLYSKLTVDKSRWQ
611,2,2,FLYSKLTVDKSRWQQ
612,2,2,LYSKLTVDKSRWQQG
613,2,2,YSKLTVDKSRWQQGN
614,2,2,SKLTVDKSRWQQGNV
615,2,2,KLTVDKSRWQQGNVF
616,2,2,LTVDKSRWQQGNVFS
617,2,2,TVDKSRWQQGNVFSC
618,2,2,VDKSRWQQGNVFSCS
619,2,2,DKSRWQQGNVFSCSV
620,2,2,KSRWQQGNVFSCSVM
621,2,2,SRWQQGNVFSCSVMH
622,2,2,RWQQGNVFSCSVMHE
623,2,2,WQQGNVFSCSVMHEA
624,2,2,QQGNVFSCSVMHEAL
625,2,2,QGNVFSCSVMHEALH
626,2,2,GNVFSCSVMHEALHN
627,2,2,NVFSCSVMHEALHNH
628,2,2,VFSCSVMHEALHNHY
629,2,2,FSCSVMHEALHNHYT
630,2,2,SCSVMHEALHNHYTQ
631,2,2,CSVMHEALHNHYTQK
632,2,2,SVMHEALHNHYTQKS
633,2,2,VMHEALHNHYTQKSL
634,2,2,MHEALHNHYTQKSLS
635,2,2,HEALHNHYTQKSLSL
636,2,2,EALHNHYTQKSLSLS
637,2,2,ALHNHYTQKSLSLSP
638,2,2,LHNHYTQKSLSLSPG
639,2,2,HNHYTQKSLSLSPGK
640,3,1,DIQMTQSPSSLSASV
641,3,1,IQMTQSPSSLSASVG
642,3,1,QMTQSPSSLSASVGD
643,3,1,MTQSPSSLSASVGDR
644,3,1,TQSPSSLSASVGDRV
645,3,1,QSPSSLSASVGDRVT
646,3,1,SPSSLSASVGDRVTI
647,3,1,PSSLSASVGDRVTIT
648,3,1,SSLSASVGDRVTITC
649,3,1,SLSASVGDRVTITCS
650,3,1,LSASVGDRVTITCSA
651,3,1,SASVGDRVTITCSAS
652,3,1,ASVGDRVTITCSASQ
653,3,1,SVGDRVTITCSASQD
654,3,1,VGDRVTITCSASQDI
655,3,1,GDRVTITCSASQDIS
656,3,1,DRVTITCSASQDISN
657,3,1,RVTITCSASQDISNY
658,3,1,VTITCSASQDISNYL
659,3,1,TITCSASQDISNYLN
660,3,1,ITCSASQDISNYLNW
661,3,1,TCSASQDISNYLNWY
662,3,1,CSASQDISNYLNWYQ
663,3,1,SASQDISNYLNWYQQ
664,3,1,ASQDISNYLNWYQQK
665,3,1,SQDISNYLNWYQQKP
666,3,1,QDISNYLNWYQQKPG
667,3,1,DISNYLNWYQQKPGK
668,3,1,ISNYLNWYQQKPGKA
669,3,1,SNYLNWYQQKPGKAP
670,3,1,NYLNWYQQKPGKAPK
671,3,1,YLNWYQQKPGKAPKV
672,3,1,LNWYQQKPGKAPKVL
673,3,1,NWYQQKPGKAPKVLI
674,3,1,WYQQKPGKAPKVLIY
675,3,1,YQQKPGKAPKVLIYF
676,3,1,QQKPGKAPKVLIYFT
677,3,1,QKPGKAPKVLIYFTS
678,3,1,KPGKAPKVLIYFTSS
679,3,1,PGKAPKVLIYFTSSL
680,3,1,GKAPKVLIYFTSSLH
681,3,1,KAPKVLIYFTSSLHS
682,3,1,APKVLIYFTSSLHSG
683,3,1,PKVLIYFTSSLHSGV
684,3,1,KVLIYFTSSLHSGVP
685,3,1,VLIYFTSSLHSGVPS
686,3,1,LIYFTSSLHSGVPSR
687,3,1,IYFTSSLHSGVPSRF
688,3,1,YFTSSLHSGVPSRFS
689,3,1,FTSSLHSGVPSRFSG
690,3,1,TSSLHSGVPSRFSGS
691,3,1,SSLHSGVPSRFSGSG
692,3,1,SLHSGVPSRFSGSGS
693,3,1,LHSGVPSRFSGSGSG
694,3,1,HSGVPSRFSGSGSGT
695,3,1,SGVPSRFSGSGSGTD
696,3,1,GVPSRFSGSGSGTDF
697,3,1,VPSRFSGSGSGTDFT
698,3,1,PSRFSGSGSGTDFTL
699,3,1,SRFSGSGSGTDFTLT
700,3,1,RFSGSGSGTDFTLTI
701,3,1,FSGSGSGTDFTLTIS
702,3,1,SGSGSGTDFTLTISS
703,3,1,GSGSGTDFTLTISSL
704,3,1,SGSGTDFTLTISSLQ
705,3,1,GSGTDFTLTISSLQP
706,3,1,SGTDFTLTISSLQPE
707,3,1,GTDFTLTISSLQPED
708,3,1,TDFTLTISSLQPEDF
709,3,1,DFTLTISSLQPEDFA
710,3,1,FTLTISSLQPEDFAT
711,3,1,TLTISSLQPEDFATY
712,3,1,LTISSLQPEDFATYY
713,3,1,TISSLQPEDFATYYC
714,3,1,ISSLQPEDFATYYCQ
715,3,1,SSLQPEDFATYYCQQ
716,3,1,SLQPEDFATYYCQQY
717,3,1,LQPEDFATYYCQQYS
718,3,1,QPEDFATYYCQQYST
719,3,1,PEDFATYYCQQYSTV
720,3,1,EDFATYYCQQYSTVP
721,3,1,DFATYYCQQYSTVPW
722,3,1,FATYYCQQYSTVPWT
723,3,1,ATYYCQQYSTVPWTF
724,3,1,TYYCQQYSTVPWTFG
725,3,1,YYCQQYSTVPWTFGQ
726,3,1,YCQQYSTVPWTFGQG
727,3,1,CQQYSTVPWTFGQGT
728,3,1,QQYSTVPWTFGQGTK
729,3,1,QYSTVPWTFGQGTKV
730,3,1,YSTVPWTFGQGTKVE
731,3,1,STVPWTFGQGTKVEI
732,3,1,TVPWTFGQGTKVEIK
733,3,1,VPWTFGQGTKVEIKR
734,3,1,PWTFGQGTKVEIKRT
735,3,1,WTFGQGTKVEIKRTV
736,3,1,TFGQGTKVEIKRTVA
737,3,1,FGQGTKVEIKRTVAA
738,3,1,GQGTKVEIKRTVAAP
739,3,1,QGTKVEIKRTVAAPS
740,3,1,GTKVEIKRTVAAPSV
741,3,1,TKVEIKRTVAAPSVF
742,3,1,KVEIKRTVAAPSVFI
743,3,1,VEIKRTVAAPSVFIF
744,3,1,EIKRTVAAPSVFIFP
745,3,1,IKRTVAAPSVFIFPP
746,3,1,KRTVAAPSVFIFPPS
747,3,1,RTVAAPSVFIFPPSD
748,3,1,TVAAPSVFIFPPSDE
749,3,1,VAAPSVFIFPPSDEQ
750,3,1,AAPSVFIFPPSDEQL
751,3,1,APSVFIFPPSDEQLK
752,3,1,PSVFIFPPSDEQLKS
753,3,1,SVFIFPPSDEQLKSG
754,3,1,VFIFPPSDEQLKSGT
755,3,1,FIFPPSDEQLKSGTA
756,3,1,IFPPSDEQLKSGTAS
757,3,1,FPPSDEQLKSGTASV
758,3,1,PPSDEQLKSGTASVV
759,3,1,PSDEQLKSGTASVVC
760,3,1,SDEQLKSGTASVVCL
761,3,1,DEQLKSGTASVVCLL
762,3,1,EQLKSGTASVVCLLN
763,3,1,QLKSGTASVVCLLNN
764,3,1,LKSGTASVVCLLNNF
765,3,1,KSGTASVVCLLNNFY
766,3,1,SGTASVVCLLNNFYP
767,3,1,GTASVVCLLNNFYPR
768,3,1,TASVVCLLNNFYPRE
769,3,1,ASVVCLLNNFYPREA
770,3,1,SVVCLLNNFYPREAK
771,3,1,VVCLLNNFYPREAKV
772,3,1,VCLLNNFYPREAKVQ
773,3,1,CLLNNFYPREAKVQW
774,3,1,LLNNFYPREAKVQWK
775,3,1,LNNFYPREAKVQWKV
776,3,1,NNFYPREAKVQWKVD
777,3,1,NFYPREAKVQWKVDN
778,3,1,FYPREAKVQWKVDNA
779,3,1,YPREAKVQWKVDNAL
780,3,1,PREAKVQWKVDNALQ
781,3,1,REAKVQWKVDNALQS
782,3,1,EAKVQWKVDNALQSG
783,3,1,AKVQWKVDNALQSGN
784,3,1,KVQWKVDNALQSGNS
785,3,1,VQWKVDNALQSGNSQ
786,3,1,QWKVDNALQSGNSQE
787,3,1,WKVDNALQSGNSQES
788,3,1,KVDNALQSGNSQESV
789,3,1,VDNALQSGNSQESVT
790,3,1,DNALQSGNSQESVTE
791,3,1,NALQSGNSQESVTEQ
792,3,1,ALQSGNSQESVTEQD
793,3,1,LQSGNSQESVTEQDS
794,3,1,QSGNSQESVTEQDSK
795,3,1,SGNSQESVTEQDSKD
796,3,1,GNSQESVTEQDSKDS
797,3,1,NSQESVTEQDSKDST
798,3,1,SQESVTEQDSKDSTY
799,3,1,QESVTEQDSKDSTYS
800,3,1,ESVTEQDSKDSTYSL
801,3,1,SVTEQDSKDSTYSLS
802,3,1,VTEQDSKDSTYSLSS
803,3,1,TEQDSKDSTYSLSST
804,3,1,EQDSKDSTYSLSSTL
805,3,1,QDSKDSTYSLSSTLT
806,3,1,DSKDSTYSLSSTLTL
807,3,1,SKDSTYSLSSTLTLS
808,3,1,KDSTYSLSSTLTLSK
809,3,1,DSTYSLSSTLTLSKA
810,3,1,STYSLSSTLTLSKAD
811,3,1,TYSLSSTLTLSKADY
812,3,1,YSLSSTLTLSKADYE
813,3,1,SLSSTLTLSKADYEK
814,3,1,LSSTLTLSKADYEKH
815,3,1,SSTLTLSKADYEKHK
816,3,1,STLTLSKADYEKHKV
817,3,1,TLTLSKADYEKHKVY
818,3,1,LTLSKADYEKHKVYA
819,3,1,TLSKADYEKHKVYAC
820,3,1,LSKADYEKHKVYACE
821,3,1,SKADYEKHKVYACEV
822,3,1,KADYEKHKVYACEVT
823,3,1,ADYEKHKVYACEVTH
824,3,1,DYEKHKVYACEVTHQ
825,3,1,YEKHKVYACEVTHQG
826,3,1,EKHKVYACEVTHQGL
827,3,1,KHKVYACEVTHQGLS
828,3,1,HKVYACEVTHQGLSS
829,3,1,KVYACEVTHQGLSSP
830,3,1,VYACEVTHQGLSSPV
831,3,1,YACEVTHQGLSSPVT
832,3,1,ACEVTHQGLSSPVTK
833,3,1,CEVTHQGLSSPVTKS
834,3,1,EVTHQGLSSPVTKSF
835,3,1,VTHQGLSSPVTKSFN
836,3,1,THQGLSSPVTKSFNR
837,3,1,HQGLSSPVTKSFNRG
838,3,1,QGLSSPVTKSFNRGE
839,3,1,GLSSPVTKSFNRGEC
840,4,2,EVQLVESGGGLVQPG
841,4,2,VQLVESGGGLVQPGG
842,4,2,QLVESGGGLVQPGGS
843,4,2,LVESGGGLVQPGGSL
844,4,2,VESGGGLVQPGGSLR
845,4,2,ESGGGLVQPGGSLRL
846,4,2,SGGGLVQPGGSLRLS
847,4,2,GGGLVQPGGSLRLSC
848,4,2,GGLVQPGGSLRLSCA
849,4,2,GLVQPGGSLRLSCAA
850,4,2,LVQPGGSLRLSCAAS
851,4,2,VQPGGSLRLSCAASG
852,4,2,QPGGSLRLSCAASGY
853,4,2,PGGSLRLSCAASGYT
854,4,2,GGSLRLSCAASGYTF
855,4,2,GSLRLSCAASGYTFT
856,4,2,SLRLSCAASGYTFTN
857,4,2,LRLSCAASGYTFTNY
858,4,2,RLSCAASGYTFTNYG
859,4,2,LSCAASGYTFTNYGM
860,4,2,SCAASGYTFTNYGMN
861,4,2,CAASGYTFTNYGMNW
862,4,2,AASGYTFTNYGMNWV
863,4,2,ASGYTFTNYGMNWVR
864,4,2,SGYTFTNYGMNWVRQ
865,4,2,GYTFTNYGMNWVRQA
866,4,2,YTFTNYGMNWVRQAP
867,4,2,TFTNYGMNWVRQAPG
868,4,2,FTNYGMNWVRQAPGK
869,4,2,TNYGMNWVRQAPGKG
870,4,2,NYGMNWVRQAPGKGL
871,4,2,YGMNWVRQAPGKGLE
872,4,2,GMNWVRQAPGKGLEW
873,4,2,MNWVRQAPGKGLEWV
874,4,2,NWVRQAPGKGLEWVG
875,4,2,WVRQAPGKGLEWVGW
876,4,2,VRQAPGKGLEWVGWI
877,4,2,RQAPGKGLEWVGWIN
878,4,2,QAPGKGLEWVGWINT
879,4,2,APGKGLEWVGWINTY
880,4,2,PGKGLEWVGWINTYT
881,4,2,GKGLEWVGWINTYTG
882,4,2,KGLEWVGWINTYTGE
883,4,2,GLEWVGWINTYTGEP
884,4,2,LEWVGWINTYTGEPT
885,4,2,EWVGWINTYTGEPTY
886,4,2,WVGWINTYTGEPTYA
887,4,2,VGWINTYTGEPTYAA
888,4,2,GWINTYTGEPTYAAD
889,4,2,WINTYTGEPTYAADF
890,4,2,INTYTGEPTYAADFK
891,4,2,NTYTGEPTYAADFKR
892,4,2,TYTGEPTYAADFKRR
893,4,2,YTGEPTYAADFKRRF
894,4,2,TGEPTYAADFKRRFT
895,4,2,GEPTYAADFKRRFTF
896,4,2,EPTYAADFKRRFTFS
897,4,2,PTYAADFKRRFTFSL
898,4,2,TYAADFKRRFTFSLD
899,4,2,YAADFKRRFTFSLDT
900,4,2,AADFKRRFTFSLDTS
901,4,2,ADFKRRFTFSLDTSK
902,4,2,DFKRRFTFSLDTSKS
903,4,2,FKRRFTFSLDTSKST
904,4,2,KRRFTFSLDTSKSTA
905,4,2,RRFTFSLDTSKSTAY
906,4,2,RFTFSLDTSKSTAYL
907,4,2,FTFSLDTSKSTAYLQ
908,4,2,TFSLDTSKSTAYLQM
909,4,2,FSLDTSKSTAYLQMN
910,4,2,SLDTSKSTAYLQMNS
911,4,2,LDTSKSTAYLQMNSL
912,4,2,DTSKSTAYLQMNSLR
913,4,2,TSKSTAYLQMNSLRA
914,4,2,SKSTAYLQMNSLRAE
915,4,2,KSTAYLQMNSLRAED
916,4,2,STAYLQMNSLRAEDT
917,4,2,TAYLQMNSLRAEDTA
918,4,2,AYLQMNSLRAEDTAV
919,4,2,YLQMNSLRAEDTAVY
920,4,2,LQMNSLRAEDTAVYY
921,4,2,QMNSLRAEDTAVYYC
922,4,2,MNSLRAEDTAVYYCA
923,4,2,NSLRAEDTAVYYCAK
924,4,2,SLRAEDTAVYYCAKY
925,4,2,LRAEDTAVYYCAKYP
926,4,2,RAEDTAVYYCAKYPH
927,4,2,AEDTAVYYCAKYPHY
928,4,2,EDTAVYYCAKYPHYY
929,4,2,DTAVYYCAKYPHYYG
930,4,2,TAVYYCAKYPHYYGS
931,4,2,AVYYCAKYPHYYGSS
932,4,2,VYYCAKYPHYYGSSH
933,4,2,YYCAKYPHYYGSSHW
934,4,2,YCAKYPHYYGSSHWY
935,4,2,CAKYPHYYGSSHWYF
936,4,2,AKYPHYYGSSHWYFD
937,4,2,KYPHYYGSSHWYFDV
938,4,2,YPHYYGSSHWYFDVW
939,4,2,PHYYGSSHWYFDVWG
940,4,2,HYYGSSHWYFDVWGQ
941,4,2,YYGSSHWYFDVWGQG
942,4,2,YGSSHWYFDVWGQGT
943,4,2,GSSHWYFDVWGQGTL
944,4,2,SSHWYFDVWGQGTLV
945,4,2,SHWYFDVWGQGTLVT
946,4,2,HWYFDVWGQGTLVTV
947,4,2,WYFDVWGQGTLVTVS
948,4,2,YFDVWGQGTLVTVSS
949,4,2,FDVWGQGTLVTVSSA
950,4,2,DVWGQGTLVTVSSAS
951,4,2,VWGQGTLVTVSSAST
952,4,2,WGQGTLVTVSSASTK
953,4,2,GQGTLVTVSSASTKG
954,4,2,QGTLVTVSSASTKGP
955,4,2,GTLVTVSSASTKGPS
956,4,2,TLVTVSSASTKGPSV
957,4,2,LVTVSSASTKGPSVF
958,4,2,VTVSSASTKGPSVFP
959,4,2,TVSSASTKGPSVFPL
960,4,2,VSSASTKGPSVFPLA
961,4,2,SSASTKGPSVFPLAP
962,4,2,SASTKGPSVFPLAPS
963,4,2,ASTKGPSVFPLAPSS
964,4,2,STKGPSVFPLAPSSK
965,4,2,TKGPSVFPLAPSSKS
966,4,2,KGPSVFPLAPSSKST
967,4,2,GPSVFPLAPSSKSTS
968,4,2,PSVFPLAPSSKSTSG
969,4,2,SVFPLAPSSKSTSGG
970,4,2,VFPLAPSSKSTSGGT
971,4,2,FPLAPSSKSTSGGTA
972,4,2,PLAPSSKSTSGGTAA
973,4,2,LAPSSKSTSGGTAAL
974,4,2,APSSKSTSGGTAALG
975,4,2,PSSKSTSGGTAALGC
976,4,2,SSKSTSGGTAALGCL
977,4,2,SKSTSGGTAALGCLV
978,4,2,KSTSGGTAALGCLVK
979,4,2,STSGGTAALGCLVKD
980,4,2,TSGGTAALGCLVKDY
981,4,2,SGGTAALGCLVKDYF
982,4,2,GGTAALGCLVKDYFP
983,4,2,GTAALGCLVKDYFPE
984,4,2,TAALGCLVKDYFPEP
985,4,2,AALGCLVKDYFPEPV
986,4,2,ALGCLVKDYFPEPVT
987,4,2,LGCLVKDYFPEPVTV
988,4,2,GCLVKDYFPEPVTVS
989,4,2,CLVKDYFPEPVTVSW
990,4,2,LVKDYFPEPVTVSWN
991,4,2,VKDYFPEPVTVSWNS
992,4,2,KDYFPEPVTVSWNSG
993,4,2,DYFPEPVTVSWNSGA
994,4,2,YFPEPVTVSWNSGAL
995,4,2,FPEPVTVSWNSGALT
996,4,2,PEPVTVSWNSGALTS
997,4,2,EPVTVSWNSGALTSG
998,4,2,PVTVSWNSGALTSGV
999,4,2,VTVSWNSGALTSGVH
1000,4,2,TVSWNSGALTSGVHT
1001,4,2,VSWNSGALTSGVHTF
1002,4,2,SWNSGALTSGVHTFP
1003,4,2,WNSGALTSGVHTFPA
1004,4,2,NSGALTSGVHTFPAV
1005,4,2,SGALTSGVHTFPAVL
1006,4,2,GALTSGVHTFPAVLQ
1007,4,2,ALTSGVHTFPAVLQS
1008,4,2,LTSGVHTFPAVLQSS
1009,4,2,TSGVHTFPAVLQSSG
1010,4,2,SGVHTFPAVLQSSGL
1011,4,2,GVHTFPAVLQSSGLY
1012,4,2,VHTFPAVLQSSGLYS
1013,4,2,HTFPAVLQSSGLYSL
1014,4,2,TFPAVLQSSGLYSLS
1015,4,2,FPAVLQSSGLYSLSS
1016,4,2,PAVLQSSGLYSLSSV
1017,4,2,AVLQSSGLYSLSSVV
1018,4,2,VLQSSGLYSLSSVVT
1019,4,2,LQSSGLYSLSSVVTV
1020,4,2,QSSGLYSLSSVVTVP
1021,4,2,SSGLYSLSSVVTVPS
1022,4,2,SGLYSLSSVVTVPSS
1023,4,2,GLYSLSSVVTVPSSS
1024,4,2,LYSLSSVVTVPSSSL
1025,4,2,YSLSSVVTVPSSSLG
1026,4,2,SLSSVVTVPSSSLGT
1027,4,2,LSSVVTVPSSSLGTQ
1028,4,2,SSVVTVPSSSLGTQT
1029,4,2,SVVTVPSSSLGTQTY
1030,4,2,VVTVPSSSLGTQTYI
1031,4,2,VTVPSSSLGTQTYIC
1032,4,2,TVPSSSLGTQTYICN
1033,4,2,VPSSSLGTQTYICNV
1034,4,2,PSSSLGTQTYICNVN
1035,4,2,SSSLGTQTYICNVNH
1036,4,2,SSLGTQTYICNVNHK
1037,4,2,SLGTQTYICNVNHKP
1038,4,2,LGTQTYICNVNHKPS
1039,4,2,GTQTYICNVNHKPSN
1040,4,2,TQTYICNVNHKPSNT
1041,4,2,QTYICNVNHKPSNTK
1042,4,2,TYICNVNHKPSNTKV
1043,4,2,YICNVNHKPSNTKVD
1044,4,2,ICNVNHKPSNTKVDK
1045,4,2,CNVNHKPSNTKVDKK
1046,4,2,NVNHKPSNTKVDKKV
1047,4,2,VNHKPSNTKVDKKVE
1048,4,2,NHKPSNTKVDKKVEP
1049,4,2,HKPSNTKVDKKVEPK
1050,4,2,KPSNTKVDKKVEPKS
1051,4,2,PSNTKVDKKVEPKSC
1052,4,2,SNTKVDKKVEPKSCD
1053,4,2,NTKVDKKVEPKSCDK
1054,4,2,TKVDKKVEPKSCDKT
1055,4,2,KVDKKVEPKSCDKTH
1056,4,2,VDKKVEPKSCDKTHT
1057,4,2,DKKVEPKSCDKTHTC
1058,4,2,KKVEPKSCDKTHTCP
1059,4,2,KVEPKSCDKTHTCPP
1060,4,2,VEPKSCDKTHTCPPC
1061,4,2,EPKSCDKTHTCPPCP
1062,4,2,PKSCDKTHTCPPCPA
1063,4,2,KSCDKTHTCPPCPAP
1064,4,2,SCDKTHTCPPCPAPE
1065,4,2,CDKTHTCPPCPAPEL
1066,4,2,DKTHTCPPCPAPELL
1067,4,2,KTHTCPPCPAPELLG
1068,4,2,THTCPPCPAPELLGG
1069,4,2,HTCPPCPAPELLGGP
1070,4,2,TCPPCPAPELLGGPS
1071,4,2,CPPCPAPELLGGPSV
1072,4,2,PPCPAPELLGGPSVF
1073,4,2,PCPAPELLGGPSVFL
1074,4,2,CPAPELLGGPSVFLF
1075,4,2,PAPELLGGPSVFLFP
1076,4,2,APELLGGPSVFLFPP
1077,4,2,PELLGGPSVFLFPPK
1078,4,2,ELLGGPSVFLFPPKP
1079,4,2,LLGGPSVFLFPPKPK
1080,4,2,LGGPSVFLFPPKPKD
1081,4,2,GGPSVFLFPPKPKDT
1082,4,2,GPSVFLFPPKPKDTL
1083,4,2,PSVFLFPPKPKDTLM
1084,4,2,SVFLFPPKPKDTLMI
1085,4,2,VFLFPPKPKDTLMIS
1086,4,2,FLFPPKPKDTLMISR
1087,4,2,LFPPKPKDTLMISRT
1088,4,2,FPPKPKDTLMISRTP
1089,4,2,PPKPKDTLMISRTPE
1090,4,2,PKPKDTLMISRTPEV
1091,4,2,KPKDTLMISRTPEVT
1092,4,2,PKDTLMISRTPEVTC
1093,4,2,KDTLMISRTPEVTCV
1094,4,2,DTLMISRTPEVTCVV
1095,4,2,TLMISRTPEVTCVVV
1096,4,2,LMISRTPEVTCVVVD
1097,4,2,MISRTPEVTCVVVDV
1098,4,2,ISRTPEVTCVVVDVS
1099,4,2,SRTPEVTCVVVDVSH
1100,4,2,RTPEVTCVVVDVSHE
1101,4,2,TPEVTCVVVDVSHED
1102,4,2,PEVTCVVVDVSHEDP
1103,4,2,EVTCVVVDVSHEDPE
1104,4,2,VTCVVVDVSHEDPEV
1105,4,2,TCVVVDVSHEDPEVK
1106,4,2,CVVVDVSHEDPEVKF
1107,4,2,VVVDVSHEDPEVKFN
1108,4,2,VVDVSHEDPEVKFNW
1109,4,2,VDVSHEDPEVKFNWY
1110,4,2,DVSHEDPEVKFNWYV
1111,4,2,VSHEDPEVKFNWYVD
1112,4,2,SHEDPEVKFNWYVDG
1113,4,2,HEDPEVKFNWYVDGV
1114,4,2,EDPEVKFNWYVDGVE
1115,4,2,DPEVKFNWYVDGVEV
1116,4,2,PEVKFNWYVDGVEVH
1117,4,2,EVKFNWYVDGVEVHN
1118,4,2,VKFNWYVDGVEVHNA
1119,4,2,KFNWYVDGVEVHNAK
1120,4,2,FNWYVDGVEVHNAKT
1121,4,2,NWYVDGVEVHNAKTK
1122,4,2,WYVDGVEVHNAKTKP
1123,4,2,YVDGVEVHNAKTKPR
1124,4,2,VDGVEVHNAKTKPRE
1125,4,2,DGVEVHNAKTKPREE
1126,4,2,GVEVHNAKTKPREEQ
1127,4,2,VEVHNAKTKPREEQY
1128,4,2,EVHNAKTKPREEQYN
1129,4,2,VHNAKTKPREEQYNS
1130,4,2,HNAKTKPREEQYNST
1131,4,2,NAKTKPREEQYNSTY
1132,4,2,AKTKPREEQYNSTYR
1133,4,2,KTKPREEQYNSTYRV
1134,4,2,TKPREEQYNSTYRVV
1135,4,2,KPREEQYNSTYRVVS
1136,4,2,PREEQYNSTYRVVSV
1137,4,2,REEQYNSTYRVVSVL
1138,4,2,EEQYNSTYRVVSVLT
1139,4,2,EQYNSTYRVVSVLTV
1140,4,2,QYNSTYRVVSVLTVL
1141,4,2,YNSTYRVVSVLTVLH
1142,4,2,NSTYRVVSVLTVLHQ
1143,4,2,STYRVVSVLTVLHQD
1144,4,2,TYRVVSVLTVLHQDW
1145,4,2,YRVVSVLTVLHQDWL
1146,4,2,RVVSVLTVLHQDWLN
1147,4,2,VVSVLTVLHQDWLNG
1148,4,2,VSVLTVLHQDWLNGK
1149,4,2,SVLTVLHQDWLNGKE
1150,4,2,VLTVLHQDWLNGKEY
1151,4,2,LTVLHQDWLNGKEYK
1152,4,2,TVLHQDWLNGKEYKC
1153,4,2,VLHQDWLNGKEYKCK
1154,4,2,LHQDWLNGKEYKCKV
1155,4,2,HQDWLNGKEYKCKVS
1156,4,2,QDWLNGKEYKCKVSN
1157,4,2,DWLNGKEYKCKVSNK
1158,4,2,WLNGKEYKCKVSNKA
1159,4,2,LNGKEYKCKVSNKAL
1160,4,2,NGKEYKCKVSNKALP
1161,4,2,GKEYKCKVSNKALPA
1162,4,2,KEYKCKVSNKALPAP
1163,4,2,EYKCKVSNKALPAPI
1164,4,2,YKCKVSNKALPAPIE
1165,4,2,KCKVSNKALPAPIEK
1166,4,2,CKVSNKALPAPIEKT
1167,4,2,KVSNKALPAPIEKTI
1168,4,2,VSNKALPAPIEKTIS
1169,4,2,SNKALPAPIEKTISK
1170,4,2,NKALPAPIEKTISKA
1171,4,2,KALPAPIEKTISKAK
1172,4,2,ALPAPIEKTISKAKG
1173,4,2,LPAPIEKTISKAKGQ
1174,4,2,PAPIEKTISKAKGQP
1175,4,2,APIEKTISKAKGQPR
1176,4,2,PIEKTISKAKGQPRE
1177,4,2,IEKTISKAKGQPREP
1178,4,2,EKTISKAKGQPREPQ
1179,4,2,KTISKAKGQPREPQV
1180,4,2,TISKAKGQPREPQVY
1181,4,2,ISKAKGQPREPQVYT
1182,4,2,SKAKGQPREPQVYTL
1183,4,2,KAKGQPREPQVYTLP
1184,4,2,AKGQPREPQVYTLPP
1185,4,2,KGQPREPQVYTLPPS
1186,4,2,GQPREPQVYTLPPSR
1187,4,2,QPREPQVYTLPPSRE
1188,4,2,PREPQVYTLPPSREE
1189,4,2,REPQVYTLPPSREEM
1190,4,2,EPQVYTLPPSREEMT
1191,4,2,PQVYTLPPSREEMTK
1192,4,2,QVYTLPPSREEMTKN
1193,4,2,VYTLPPSREEMTKNQ
1194,4,2,YTLPPSREEMTKNQV
1195,4,2,TLPPSREEMTKNQVS
1196,4,2,LPPSREEMTKNQVSL
1197,4,2,PPSREEMTKNQVSLT
1198,4,2,PSREEMTKNQVSLTC
1199,4,2,SREEMTKNQVSLTCL
1200,4,2,REEMTKNQVSLTCLV
1201,4,2,EEMTKNQVSLTCLVK
1202,4,2,EMTKNQVSLTCLVKG
1203,4,2,MTKNQVSLTCLVKGF
1204,4,2,TKNQVSLTCLVKGFY
1205,4,2,KNQVSLTCLVKGFYP
1206,4,2,NQVSLTCLVKGFYPS
1207,4,2,QVSLTCLVKGFYPSD
1208,4,2,VSLTCLVKGFYPSDI
1209,4,2,SLTCLVKGFYPSDIA
1210,4,2,LTCLVKGFYPSDIAV
1211,4,2,TCLVKGFYPSDIAVE
1212,4,2,CLVKGFYPSDIAVEW
1213,4,2,LVKGFYPSDIAVEWE
1214,4,2,VKGFYPSDIAVEWES
1215,4,2,KGFYPSDIAVEWESN
1216,4,2,GFYPSDIAVEWESNG
1217,4,2,FYPSDIAVEWESNGQ
1218,4,2,YPSDIAVEWESNGQP
1219,4,2,PSDIAVEWESNGQPE
1220,4,2,SDIAVEWESNGQPEN
1221,4,2,DIAVEWESNGQPENN
1222,4,2,IAVEWESNGQPENNY
1223,4,2,AVEWESNGQPENNYK
1224,4,2,VEWESNGQPENNYKT
1225,4,2,EWESNGQPENNYKTT
1226,4,2,WESNGQPENNYKTTP
1227,4,2,ESNGQPENNYKTTPP
1228,4,2,SNGQPENNYKTTPPV
1229,4,2,NGQPENNYKTTPPVL
1230,4,2,GQPENNYKTTPPVLD
1231,4,2,QPENNYKTTPPVLDS
1232,4,2,PENNYKTTPPVLDSD
1233,4,2,ENNYKTTPPVLDSDG
1234,4,2,NNYKTTPPVLDSDGS
1235,4,2,NYKTTPPVLDSDGSF
1236,4,2,YKTTPPVLDSDGSFF
1237,4,2,KTTPPVLDSDGSFFL
1238,4,2,TTPPVLDSDGSFFLY
1239,4,2,TPPVLDSDGSFFLYS
1240,4,2,PPVLDSDGSFFLYSK
1241,4,2,PVLDSDGSFFLYSKL
1242,4,2,VLDSDGSFFLYSKLT
1243,4,2,LDSDGSFFLYSKLTV
1244,4,2,DSDGSFFLYSKLTVD
1245,4,2,SDGSFFLYSKLTVDK
1246,4,2,DGSFFLYSKLTVDKS
1247,4,2,GSFFLYSKLTVDKSR
1248,4,2,SFFLYSKLTVDKSRW
1249,4,2,FFLYSKLTVDKSRWQ
1250,4,2,FLYSKLTVDKSRWQQ
1251,4,2,LYSKLTVDKSRWQQG
1252,4,2,YSKLTVDKSRWQQGN
1253,4,2,SKLTVDKSRWQQGNV
1254,4,2,KLTVDKSRWQQGNVF
1255,4,2,LTVDKSRWQQGNVFS
1256,4,2,TVDKSRWQQGNVFSC
1257,4,2,VDKSRWQQGNVFSCS
1258,4,2,DKSRWQQGNVFSCSV
1259,4,2,KSRWQQGNVFSCSVM
1260,4,2,SRWQQGNVFSCSVMH
1261,4,2,RWQQGNVFSCSVMHE
1262,4,2,WQQGNVFSCSVMHEA
1263,4,2,QQGNVFSCSVMHEAL
1264,4,2,QGNVFSCSVMHEALH
1265,4,2,GNVFSCSVMHEALHN
1266,4,2,NVFSCSVMHEALHNH
1267,4,2,VFSCSVMHEALHNHY
1268,4,2,FSCSVMHEALHNHYT
1269,4,2,SCSVMHEALHNHYTQ
1270,4,2,CSVMHEALHNHYTQK
1271,4,2,SVMHEALHNHYTQKS
1272,4,2,VMHEALHNHYTQKSL
1273,4,2,MHEALHNHYTQKSLS
1274,4,2,HEALHNHYTQKSLSL
1275,4,2,EALHNHYTQKSLSLS
1276,4,2,ALHNHYTQKSLSLSP
1277,4,2,LHNHYTQKSLSLSPG
1278,4,2,HNHYTQKSLSLSPGK
