Index,ChainNum,ChainID,xmers
1,1,1,DIQMTQSPSSLSASV
2,1,1,IQMTQSPSSLSASVG
3,1,1,QMTQSPSSLSASVGD
4,1,1,MTQSPSSLSASVGDR
5,1,1,TQSPSSLSASVGDRV
6,1,1,QSPSSLSASVGDRVT
7,1,1,SPSSLSASVGDRVTI
8,1,1,PSSLSASVGDRVTIT
9,1,1,SSLSASVGDRVTITC
10,1,1,SLSASVGDRVTITCR
11,1,1,LSASVGDRVTITCRA
12,1,1,SASVGDRVTITCRAS
13,1,1,ASVGDRVTITCRASQ
14,1,1,SVGDRVTITCRASQG
15,1,1,VGDRVTITCRASQGI
16,1,1,GDRVTITCRASQGIR
17,1,1,DRVTITCRASQGIRN
18,1,1,RVTITCRASQGIRNY
19,1,1,VTITCRASQGIRNYL
20,1,1,TITCRASQGIRNYLA
21,1,1,ITCRASQGIRNYLAW
22,1,1,TCRASQGIRNYLAWY
23,1,1,CRASQGIRNYLAWYQ
24,1,1,RASQGIRNYLAWYQQ
25,1,1,ASQGIRNYLAWYQQK
26,1,1,SQGIRNYLAWYQQKP
27,1,1,QGIRNYLAWYQQKPG
28,1,1,GIRNYLAWYQQKPGK
29,1,1,IRNYLAWYQQKPGKA
30,1,1,RNYLAWYQQKPGKAP
31,1,1,NYLAWYQQKPGKAPK
32,1,1,YLAWYQQKPGKAPKL
33,1,1,LAWYQQKPGKAPKLL
34,1,1,AWYQQKPGKAPKLLI
35,1,1,WYQQKPGKAPKLLIY
36,1,1,YQQKPGKAPKLLIYA
37,1,1,QQKPGKAPKLLIYAA
38,1,1,QKPGKAPKLLIYAAS
39,1,1,KPGKAPKLLIYAAST
40,1,1,PGKAPKLLIYAASTL
41,1,1,GKAPKLLIYAASTLQ
42,1,1,KAPKLLIYAASTLQS
43,1,1,APKLLIYAASTLQSG
44,1,1,PKLLIYAASTLQSGV
45,1,1,KLLIYAASTLQSGVP
46,1,1,LLIYAASTLQSGVPS
47,1,1,LIYAASTLQSGVPSR
48,1,1,IYAASTLQSGVPSRF
49,1,1,YAASTLQSGVPSRFS
50,1,1,AASTLQSGVPSRFSG
51,1,1,ASTLQSGVPSRFSGS
52,1,1,STLQSGVPSRFSGSG
53,1,1,TLQSGVPSRFSGSGS
54,1,1,LQSGVPSRFSGSGSG
55,1,1,QSGVPSRFSGSGSGT
56,1,1,SGVPSRFSGSGSGTD
57,1,1,GVPSRFSGSGSGTDF
58,1,1,VPSRFSGSGSGTDFT
59,1,1,PSRFSGSGSGTDFTL
60,1,1,SRFSGSGSGTDFTLT
61,1,1,RFSGSGSGTDFTLTI
62,1,1,FSGSGSGTDFTLTIS
63,1,1,SGSGSGTDFTLTISS
64,1,1,GSGSGTDFTLTISSL
65,1,1,SGSGTDFTLTISSLQ
66,1,1,GSGTDFTLTISSLQP
67,1,1,SGTDFTLTISSLQPE
68,1,1,GTDFTLTISSLQPED
69,1,1,TDFTLTISSLQPEDV
70,1,1,DFTLTISSLQPEDVA
71,1,1,FTLTISSLQPEDVAT
72,1,1,TLTISSLQPEDVATY
73,1,1,LTISSLQPEDVATYY
74,1,1,TISSLQPEDVATYYC
75,1,1,ISSLQPEDVATYYCQ
76,1,1,SSLQPEDVATYYCQR
77,1,1,SLQPEDVATYYCQRY
78,1,1,LQPEDVATYYCQRYN
79,1,1,QPEDVATYYCQRYNR
80,1,1,PEDVATYYCQRYNRA
81,1,1,EDVATYYCQRYNRAP
82,1,1,DVATYYCQRYNRAPY
83,1,1,VATYYCQRYNRAPYT
84,1,1,ATYYCQRYNRAPYTF
85,1,1,TYYCQRYNRAPYTFG
86,1,1,YYCQRYNRAPYTFGQ
87,1,1,YCQRYNRAPYTFGQG
88,1,1,CQRYNRAPYTFGQGT
89,1,1,QRYNRAPYTFGQGTK
90,1,1,RYNRAPYTFGQGTKV
91,1,1,YNRAPYTFGQGTKVE
92,1,1,NRAPYTFGQGTKVEI
93,1,1,RAPYTFGQGTKVEIK
94,1,1,APYTFGQGTKVEIKR
95,1,1,PYTFGQGTKVEIKRT
96,1,1,YTFGQGTKVEIKRTV
97,1,1,TFGQGTKVEIKRTVA
98,1,1,FGQGTKVEIKRTVAA
99,1,1,GQGTKVEIKRTVAAP
100,1,1,QGTKVEIKRTVAAPS
101,1,1,GTKVEIKRTVAAPSV
102,1,1,TKVEIKRTVAAPSVF
103,1,1,KVEIKRTVAAPSVFI
104,1,1,VEIKRTVAAPSVFIF
105,1,1,EIKRTVAAPSVFIFP
106,1,1,IKRTVAAPSVFIFPP
107,1,1,KRTVAAPSVFIFPPS
108,1,1,RTVAAPSVFIFPPSD
109,1,1,TVAAPSVFIFPPSDE
110,1,1,VAAPSVFIFPPSDEQ
111,1,1,AAPSVFIFPPSDEQL
112,1,1,APSVFIFPPSDEQLK
113,1,1,PSVFIFPPSDEQLKS
114,1,1,SVFIFPPSDEQLKSG
115,1,1,VFIFPPSDEQLKSGT
116,1,1,FIFPPSDEQLKSGTA
117,1,1,IFPPSDEQLKSGTAS
118,1,1,FPPSDEQLKSGTASV
119,1,1,PPSDEQLKSGTASVV
120,1,1,PSDEQLKSGTASVVC
121,1,1,SDEQLKSGTASVVCL
122,1,1,DEQLKSGTASVVCLL
123,1,1,EQLKSGTASVVCLLN
124,1,1,QLKSGTASVVCLLNN
125,1,1,LKSGTASVVCLLNNF
126,1,1,KSGTASVVCLLNNFY
127,1,1,SGTASVVCLLNNFYP
128,1,1,GTASVVCLLNNFYPR
129,1,1,TASVVCLLNNFYPRE
130,1,1,ASVVCLLNNFYPREA
131,1,1,SVVCLLNNFYPREAK
132,1,1,VVCLLNNFYPREAKV
133,1,1,VCLLNNFYPREAKVQ
134,1,1,CLLNNFYPREAKVQW
135,1,1,LLNNFYPREAKVQWK
136,1,1,LNNFYPREAKVQWKV
137,1,1,NNFYPREAKVQWKVD
138,1,1,NFYPREAKVQWKVDN
139,1,1,FYPREAKVQWKVDNA
140,1,1,YPREAKVQWKVDNAL
141,1,1,PREAKVQWKVDNALQ
142,1,1,REAKVQWKVDNALQS
143,1,1,EAKVQWKVDNALQSG
144,1,1,AKVQWKVDNALQSGN
145,1,1,KVQWKVDNALQSGNS
146,1,1,VQWKVDNALQSGNSQ
147,1,1,QWKVDNALQSGNSQE
148,1,1,WKVDNALQSGNSQES
149,1,1,KVDNALQSGNSQESV
150,1,1,VDNALQSGNSQESVT
151,1,1,DNALQSGNSQESVTE
152,1,1,NALQSGNSQESVTEQ
153,1,1,ALQSGNSQESVTEQD
154,1,1,LQSGNSQESVTEQDS
155,1,1,QSGNSQESVTEQDSK
156,1,1,SGNSQESVTEQDSKD
157,1,1,GNSQESVTEQDSKDS
158,1,1,NSQESVTEQDSKDST
159,1,1,SQESVTEQDSKDSTY
160,1,1,QESVTEQDSKDSTYS
161,1,1,ESVTEQDSKDSTYSL
162,1,1,SVTEQDSKDSTYSLS
163,1,1,VTEQDSKDSTYSLSS
164,1,1,TEQDSKDSTYSLSST
165,1,1,EQDSKDSTYSLSSTL
166,1,1,QDSKDSTYSLSSTLT
167,1,1,DSKDSTYSLSSTLTL
168,1,1,SKDSTYSLSSTLTLS
169,1,1,KDSTYSLSSTLTLSK
170,1,1,DSTYSLSSTLTLSKA
171,1,1,STYSLSSTLTLSKAD
172,1,1,TYSLSSTLTLSKADY
173,1,1,YSLSSTLTLSKADYE
174,1,1,SLSSTLTLSKADYEK
175,1,1,LSSTLTLSKADYEKH
176,1,1,SSTLTLSKADYEKHK
177,1,1,STLTLSKADYEKHKV
178,1,1,TLTLSKADYEKHKVY
179,1,1,LTLSKADYEKHKVYA
180,1,1,TLSKADYEKHKVYAC
181,1,1,LSKADYEKHKVYACE
182,1,1,SKADYEKHKVYACEV
183,1,1,KADYEKHKVYACEVT
184,1,1,ADYEKHKVYACEVTH
185,1,1,DYEKHKVYACEVTHQ
186,1,1,YEKHKVYACEVTHQG
187,1,1,EKHKVYACEVTHQGL
188,1,1,KHKVYACEVTHQGLS
189,1,1,HKVYACEVTHQGLSS
190,1,1,KVYACEVTHQGLSSP
191,1,1,VYACEVTHQGLSSPV
192,1,1,YACEVTHQGLSSPVT
193,1,1,ACEVTHQGLSSPVTK
194,1,1,CEVTHQGLSSPVTKS
195,1,1,EVTHQGLSSPVTKSF
196,1,1,VTHQGLSSPVTKSFN
197,1,1,THQGLSSPVTKSFNR
198,1,1,HQGLSSPVTKSFNRG
199,1,1,QGLSSPVTKSFNRGE
200,1,1,GLSSPVTKSFNRGEC
201,2,2,EVQLVESGGGLVQPG
202,2,2,VQLVESGGGLVQPGR
203,2,2,QLVESGGGLVQPGRS
204,2,2,LVESGGGLVQPGRSL
205,2,2,VESGGGLVQPGRSLR
206,2,2,ESGGGLVQPGRSLRL
207,2,2,SGGGLVQPGRSLRLS
208,2,2,GGGLVQPGRSLRLSC
209,2,2,GGLVQPGRSLRLSCA
210,2,2,GLVQPGRSLRLSCAA
211,2,2,LVQPGRSLRLSCAAS
212,2,2,VQPGRSLRLSCAASG
213,2,2,QPGRSLRLSCAASGF
214,2,2,PGRSLRLSCAASGFT
215,2,2,GRSLRLSCAASGFTF
216,2,2,RSLRLSCAASGFTFD
217,2,2,SLRLSCAASGFTFDD
218,2,2,LRLSCAASGFTFDDY
219,2,2,RLSCAASGFTFDDYA
220,2,2,LSCAASGFTFDDYAM
221,2,2,SCAASGFTFDDYAMH
222,2,2,CAASGFTFDDYAMHW
223,2,2,AASGFTFDDYAMHWV
224,2,2,ASGFTFDDYAMHWVR
225,2,2,SGFTFDDYAMHWVRQ
226,2,2,GFTFDDYAMHWVRQA
227,2,2,FTFDDYAMHWVRQAP
228,2,2,TFDDYAMHWVRQAPG
229,2,2,FDDYAMHWVRQAPGK
230,2,2,DDYAMHWVRQAPGKG
231,2,2,DYAMHWVRQAPGKGL
232,2,2,YAMHWVRQAPGKGLE
233,2,2,AMHWVRQAPGKGLEW
234,2,2,MHWVRQAPGKGLEWV
235,2,2,HWVRQAPGKGLEWVS
236,2,2,WVRQAPGKGLEWVSA
237,2,2,VRQAPGKGLEWVSAI
238,2,2,RQAPGKGLEWVSAIT
239,2,2,QAPGKGLEWVSAITW
240,2,2,APGKGLEWVSAITWN
241,2,2,PGKGLEWVSAITWNS
242,2,2,GKGLEWVSAITWNSG
243,2,2,KGLEWVSAITWNSGH
244,2,2,GLEWVSAITWNSGHI
245,2,2,LEWVSAITWNSGHID
246,2,2,EWVSAITWNSGHIDY
247,2,2,WVSAITWNSGHIDYA
248,2,2,VSAITWNSGHIDYAD
249,2,2,SAITWNSGHIDYADS
250,2,2,AITWNSGHIDYADSV
251,2,2,ITWNSGHIDYADSVE
252,2,2,TWNSGHIDYADSVEG
253,2,2,WNSGHIDYADSVEGR
254,2,2,NSGHIDYADSVEGRF
255,2,2,SGHIDYADSVEGRFT
256,2,2,GHIDYADSVEGRFTI
257,2,2,HIDYADSVEGRFTIS
258,2,2,IDYADSVEGRFTISR
259,2,2,DYADSVEGRFTISRD
260,2,2,YADSVEGRFTISRDN
261,2,2,ADSVEGRFTISRDNA
262,2,2,DSVEGRFTISRDNAK
263,2,2,SVEGRFTISRDNAKN
264,2,2,VEGRFTISRDNAKNS
265,2,2,EGRFTISRDNAKNSL
266,2,2,GRFTISRDNAKNSLY
267,2,2,RFTISRDNAKNSLYL
268,2,2,FTISRDNAKNSLYLQ
269,2,2,TISRDNAKNSLYLQM
270,2,2,ISRDNAKNSLYLQMN
271,2,2,SRDNAKNSLYLQMNS
272,2,2,RDNAKNSLYLQMNSL
273,2,2,DNAKNSLYLQMNSLR
274,2,2,NAKNSLYLQMNSLRA
275,2,2,AKNSLYLQMNSLRAE
276,2,2,KNSLYLQMNSLRAED
277,2,2,NSLYLQMNSLRAEDT
278,2,2,SLYLQMNSLRAEDTA
279,2,2,LYLQMNSLRAEDTAV
280,2,2,YLQMNSLRAEDTAVY
281,2,2,LQMNSLRAEDTAVYY
282,2,2,QMNSLRAEDTAVYYC
283,2,2,MNSLRAEDTAVYYCA
284,2,2,NSLRAEDTAVYYCAK
285,2,2,SLRAEDTAVYYCAKV
286,2,2,LRAEDTAVYYCAKVS
287,2,2,RAEDTAVYYCAKVSY
288,2,2,AEDTAVYYCAKVSYL
289,2,2,EDTAVYYCAKVSYLS
290,2,2,DTAVYYCAKVSYLST
291,2,2,TAVYYCAKVSYLSTA
292,2,2,AVYYCAKVSYLSTAS
293,2,2,VYYCAKVSYLSTASS
294,2,2,YYCAKVSYLSTASSL
295,2,2,YCAKVSYLSTASSLD
296,2,2,CAKVSYLSTASSLDY
297,2,2,AKVSYLSTASSLDYW
298,2,2,KVSYLSTASSLDYWG
299,2,2,VSYLSTASSLDYWGQ
300,2,2,SYLSTASSLDYWGQG
301,2,2,YLSTASSLDYWGQGT
302,2,2,LSTASSLDYWGQGTL
303,2,2,STASSLDYWGQGTLV
304,2,2,TASSLDYWGQGTLVT
305,2,2,ASSLDYWGQGTLVTV
306,2,2,SSLDYWGQGTLVTVS
307,2,2,SLDYWGQGTLVTVSS
308,2,2,LDYWGQGTLVTVSSA
309,2,2,DYWGQGTLVTVSSAS
310,2,2,YWGQGTLVTVSSAST
311,2,2,WGQGTLVTVSSASTK
312,2,2,GQGTLVTVSSASTKG
313,2,2,QGTLVTVSSASTKGP
314,2,2,GTLVTVSSASTKGPS
315,2,2,TLVTVSSASTKGPSV
316,2,2,LVTVSSASTKGPSVF
317,2,2,VTVSSASTKGPSVFP
318,2,2,TVSSASTKGPSVFPL
319,2,2,VSSASTKGPSVFPLA
320,2,2,SSASTKGPSVFPLAP
321,2,2,SASTKGPSVFPLAPS
322,2,2,ASTKGPSVFPLAPSS
323,2,2,STKGPSVFPLAPSSK
324,2,2,TKGPSVFPLAPSSKS
325,2,2,KGPSVFPLAPSSKST
326,2,2,GPSVFPLAPSSKSTS
327,2,2,PSVFPLAPSSKSTSG
328,2,2,SVFPLAPSSKSTSGG
329,2,2,VFPLAPSSKSTSGGT
330,2,2,FPLAPSSKSTSGGTA
331,2,2,PLAPSSKSTSGGTAA
332,2,2,LAPSSKSTSGGTAAL
333,2,2,APSSKSTSGGTAALG
334,2,2,PSSKSTSGGTAALGC
335,2,2,SSKSTSGGTAALGCL
336,2,2,SKSTSGGTAALGCLV
337,2,2,KSTSGGTAALGCLVK
338,2,2,STSGGTAALGCLVKD
339,2,2,TSGGTAALGCLVKDY
340,2,2,SGGTAALGCLVKDYF
341,2,2,GGTAALGCLVKDYFP
342,2,2,GTAALGCLVKDYFPE
343,2,2,TAALGCLVKDYFPEP
344,2,2,AALGCLVKDYFPEPV
345,2,2,ALGCLVKDYFPEPVT
346,2,2,LGCLVKDYFPEPVTV
347,2,2,GCLVKDYFPEPVTVS
348,2,2,CLVKDYFPEPVTVSW
349,2,2,LVKDYFPEPVTVSWN
350,2,2,VKDYFPEPVTVSWNS
351,2,2,KDYFPEPVTVSWNSG
352,2,2,DYFPEPVTVSWNSGA
353,2,2,YFPEPVTVSWNSGAL
354,2,2,FPEPVTVSWNSGALT
355,2,2,PEPVTVSWNSGALTS
356,2,2,EPVTVSWNSGALTSG
357,2,2,PVTVSWNSGALTSGV
358,2,2,VTVSWNSGALTSGVH
359,2,2,TVSWNSGALTSGVHT
360,2,2,VSWNSGALTSGVHTF
361,2,2,SWNSGALTSGVHTFP
362,2,2,WNSGALTSGVHTFPA
363,2,2,NSGALTSGVHTFPAV
364,2,2,SGALTSGVHTFPAVL
365,2,2,GALTSGVHTFPAVLQ
366,2,2,ALTSGVHTFPAVLQS
367,2,2,LTSGVHTFPAVLQSS
368,2,2,TSGVHTFPAVLQSSG
369,2,2,SGVHTFPAVLQSSGL
370,2,2,GVHTFPAVLQSSGLY
371,2,2,VHTFPAVLQSSGLYS
372,2,2,HTFPAVLQSSGLYSL
373,2,2,TFPAVLQSSGLYSLS
374,2,2,FPAVLQSSGLYSLSS
375,2,2,PAVLQSSGLYSLSSV
376,2,2,AVLQSSGLYSLSSVV
377,2,2,VLQSSGLYSLSSVVT
378,2,2,LQSSGLYSLSSVVTV
379,2,2,QSSGLYSLSSVVTVP
380,2,2,SSGLYSLSSVVTVPS
381,2,2,SGLYSLSSVVTVPSS
382,2,2,GLYSLSSVVTVPSSS
383,2,2,LYSLSSVVTVPSSSL
384,2,2,YSLSSVVTVPSSSLG
385,2,2,SLSSVVTVPSSSLGT
386,2,2,LSSVVTVPSSSLGTQ
387,2,2,SSVVTVPSSSLGTQT
388,2,2,SVVTVPSSSLGTQTY
389,2,2,VVTVPSSSLGTQTYI
390,2,2,VTVPSSSLGTQTYIC
391,2,2,TVPSSSLGTQTYICN
392,2,2,VPSSSLGTQTYICNV
393,2,2,PSSSLGTQTYICNVN
394,2,2,SSSLGTQTYICNVNH
395,2,2,SSLGTQTYICNVNHK
396,2,2,SLGTQTYICNVNHKP
397,2,2,LGTQTYICNVNHKPS
398,2,2,GTQTYICNVNHKPSN
399,2,2,TQTYICNVNHKPSNT
400,2,2,QTYICNVNHKPSNTK
401,2,2,TYICNVNHKPSNTKV
402,2,2,YICNVNHKPSNTKVD
403,2,2,ICNVNHKPSNTKVDK
404,2,2,CNVNHKPSNTKVDKK
405,2,2,NVNHKPSNTKVDKKV
406,2,2,VNHKPSNTKVDKKVE
407,2,2,NHKPSNTKVDKKVEP
408,2,2,HKPSNTKVDKKVEPK
409,2,2,KPSNTKVDKKVEPKS
410,2,2,PSNTKVDKKVEPKSC
411,2,2,SNTKVDKKVEPKSCD
412,2,2,NTKVDKKVEPKSCDK
413,2,2,TKVDKKVEPKSCDKT
414,2,2,KVDKKVEPKSCDKTH
415,2,2,VDKKVEPKSCDKTHT
416,2,2,DKKVEPKSCDKTHTC
417,2,2,KKVEPKSCDKTHTCP
418,2,2,KVEPKSCDKTHTCPP
419,2,2,VEPKSCDKTHTCPPC
420,2,2,EPKSCDKTHTCPPCP
421,2,2,PKSCDKTHTCPPCPA
422,2,2,KSCDKTHTCPPCPAP
423,2,2,SCDKTHTCPPCPAPE
424,2,2,CDKTHTCPPCPAPEL
425,2,2,DKTHTCPPCPAPELL
426,2,2,KTHTCPPCPAPELLG
427,2,2,THTCPPCPAPELLGG
428,2,2,HTCPPCPAPELLGGP
429,2,2,TCPPCPAPELLGGPS
430,2,2,CPPCPAPELLGGPSV
431,2,2,PPCPAPELLGGPSVF
432,2,2,PCPAPELLGGPSVFL
433,2,2,CPAPELLGGPSVFLF
434,2,2,PAPELLGGPSVFLFP
435,2,2,APELLGGPSVFLFPP
436,2,2,PELLGGPSVFLFPPK
437,2,2,ELLGGPSVFLFPPKP
438,2,2,LLGGPSVFLFPPKPK
439,2,2,LGGPSVFLFPPKPKD
440,2,2,GGPSVFLFPPKPKDT
441,2,2,GPSVFLFPPKPKDTL
442,2,2,PSVFLFPPKPKDTLM
443,2,2,SVFLFPPKPKDTLMI
444,2,2,VFLFPPKPKDTLMIS
445,2,2,FLFPPKPKDTLMISR
446,2,2,LFPPKPKDTLMISRT
447,2,2,FPPKPKDTLMISRTP
448,2,2,PPKPKDTLMISRTPE
449,2,2,PKPKDTLMISRTPEV
450,2,2,KPKDTLMISRTPEVT
451,2,2,PKDTLMISRTPEVTC
452,2,2,KDTLMISRTPEVTCV
453,2,2,DTLMISRTPEVTCVV
454,2,2,TLMISRTPEVTCVVV
455,2,2,LMISRTPEVTCVVVD
456,2,2,MISRTPEVTCVVVDV
457,2,2,ISRTPEVTCVVVDVS
458,2,2,SRTPEVTCVVVDVSH
459,2,2,RTPEVTCVVVDVSHE
460,2,2,TPEVTCVVVDVSHED
461,2,2,PEVTCVVVDVSHEDP
462,2,2,EVTCVVVDVSHEDPE
463,2,2,VTCVVVDVSHEDPEV
464,2,2,TCVVVDVSHEDPEVK
465,2,2,CVVVDVSHEDPEVKF
466,2,2,VVVDVSHEDPEVKFN
467,2,2,VVDVSHEDPEVKFNW
468,2,2,VDVSHEDPEVKFNWY
469,2,2,DVSHEDPEVKFNWYV
470,2,2,VSHEDPEVKFNWYVD
471,2,2,SHEDPEVKFNWYVDG
472,2,2,HEDPEVKFNWYVDGV
473,2,2,EDPEVKFNWYVDGVE
474,2,2,DPEVKFNWYVDGVEV
475,2,2,PEVKFNWYVDGVEVH
476,2,2,EVKFNWYVDGVEVHN
477,2,2,VKFNWYVDGVEVHNA
478,2,2,KFNWYVDGVEVHNAK
479,2,2,FNWYVDGVEVHNAKT
480,2,2,NWYVDGVEVHNAKTK
481,2,2,WYVDGVEVHNAKTKP
482,2,2,YVDGVEVHNAKTKPR
483,2,2,VDGVEVHNAKTKPRE
484,2,2,DGVEVHNAKTKPREE
485,2,2,GVEVHNAKTKPREEQ
486,2,2,VEVHNAKTKPREEQY
487,2,2,EVHNAKTKPREEQYN
488,2,2,VHNAKTKPREEQYNS
489,2,2,HNAKTKPREEQYNST
490,2,2,NAKTKPREEQYNSTY
491,2,2,AKTKPREEQYNSTYR
492,2,2,KTKPREEQYNSTYRV
493,2,2,TKPREEQYNSTYRVV
494,2,2,KPREEQYNSTYRVVS
495,2,2,PREEQYNSTYRVVSV
496,2,2,REEQYNSTYRVVSVL
497,2,2,EEQYNSTYRVVSVLT
498,2,2,EQYNSTYRVVSVLTV
499,2,2,QYNSTYRVVSVLTVL
500,2,2,YNSTYRVVSVLTVLH
501,2,2,NSTYRVVSVLTVLHQ
502,2,2,STYRVVSVLTVLHQD
503,2,2,TYRVVSVLTVLHQDW
504,2,2,YRVVSVLTVLHQDWL
505,2,2,RVVSVLTVLHQDWLN
506,2,2,VVSVLTVLHQDWLNG
507,2,2,VSVLTVLHQDWLNGK
508,2,2,SVLTVLHQDWLNGKE
509,2,2,VLTVLHQDWLNGKEY
510,2,2,LTVLHQDWLNGKEYK
511,2,2,TVLHQDWLNGKEYKC
512,2,2,VLHQDWLNGKEYKCK
513,2,2,LHQDWLNGKEYKCKV
514,2,2,HQDWLNGKEYKCKVS
515,2,2,QDWLNGKEYKCKVSN
516,2,2,DWLNGKEYKCKVSNK
517,2,2,WLNGKEYKCKVSNKA
518,2,2,LNGKEYKCKVSNKAL
519,2,2,NGKEYKCKVSNKALP
520,2,2,GKEYKCKVSNKALPA
521,2,2,KEYKCKVSNKALPAP
522,2,2,EYKCKVSNKALPAPI
523,2,2,YKCKVSNKALPAPIE
524,2,2,KCKVSNKALPAPIEK
525,2,2,CKVSNKALPAPIEKT
526,2,2,KVSNKALPAPIEKTI
527,2,2,VSNKALPAPIEKTIS
528,2,2,SNKALPAPIEKTISK
529,2,2,NKALPAPIEKTISKA
530,2,2,KALPAPIEKTISKAK
531,2,2,ALPAPIEKTISKAKG
532,2,2,LPAPIEKTISKAKGQ
533,2,2,PAPIEKTISKAKGQP
534,2,2,APIEKTISKAKGQPR
535,2,2,PIEKTISKAKGQPRE
536,2,2,IEKTISKAKGQPREP
537,2,2,EKTISKAKGQPREPQ
538,2,2,KTISKAKGQPREPQV
539,2,2,TISKAKGQPREPQVY
540,2,2,ISKAKGQPREPQVYT
541,2,2,SKAKGQPREPQVYTL
542,2,2,KAKGQPREPQVYTLP
543,2,2,AKGQPREPQVYTLPP
544,2,2,KGQPREPQVYTLPPS
545,2,2,GQPREPQVYTLPPSR
546,2,2,QPREPQVYTLPPSRD
547,2,2,PREPQVYTLPPSRDE
548,2,2,REPQVYTLPPSRDEL
549,2,2,EPQVYTLPPSRDELT
550,2,2,PQVYTLPPSRDELTK
551,2,2,QVYTLPPSRDELTKN
552,2,2,VYTLPPSRDELTKNQ
553,2,2,YTLPPSRDELTKNQV
554,2,2,TLPPSRDELTKNQVS
555,2,2,LPPSRDELTKNQVSL
556,2,2,PPSRDELTKNQVSLT
557,2,2,PSRDELTKNQVSLTC
558,2,2,SRDELTKNQVSLTCL
559,2,2,RDELTKNQVSLTCLV
560,2,2,DELTKNQVSLTCLVK
561,2,2,ELTKNQVSLTCLVKG
562,2,2,LTKNQVSLTCLVKGF
563,2,2,TKNQVSLTCLVKGFY
564,2,2,KNQVSLTCLVKGFYP
565,2,2,NQVSLTCLVKGFYPS
566,2,2,QVSLTCLVKGFYPSD
567,2,2,VSLTCLVKGFYPSDI
568,2,2,SLTCLVKGFYPSDIA
569,2,2,LTCLVKGFYPSDIAV
570,2,2,TCLVKGFYPSDIAVE
571,2,2,CLVKGFYPSDIAVEW
572,2,2,LVKGFYPSDIAVEWE
573,2,2,VKGFYPSDIAVEWES
574,2,2,KGFYPSDIAVEWESN
575,2,2,GFYPSDIAVEWESNG
576,2,2,FYPSDIAVEWESNGQ
577,2,2,YPSDIAVEWESNGQP
578,2,2,PSDIAVEWESNGQPE
579,2,2,SDIAVEWESNGQPEN
580,2,2,DIAVEWESNGQPENN
581,2,2,IAVEWESNGQPENNY
582,2,2,AVEWESNGQPENNYK
583,2,2,VEWESNGQPENNYKT
584,2,2,EWESNGQPENNYKTT
585,2,2,WESNGQPENNYKTTP
586,2,2,ESNGQPENNYKTTPP
587,2,2,SNGQPENNYKTTPPV
588,2,2,NGQPENNYKTTPPVL
589,2,2,GQPENNYKTTPPVLD
590,2,2,QPENNYKTTPPVLDS
591,2,2,PENNYKTTPPVLDSD
592,2,2,ENNYKTTPPVLDSDG
593,2,2,NNYKTTPPVLDSDGS
594,2,2,NYKTTPPVLDSDGSF
595,2,2,YKTTPPVLDSDGSFF
596,2,2,KTTPPVLDSDGSFFL
597,2,2,TTPPVLDSDGSFFLY
598,2,2,TPPVLDSDGSFFLYS
599,2,2,PPVLDSDGSFFLYSK
600,2,2,PVLDSDGSFFLYSKL
601,2,2,VLDSDGSFFLYSKLT
602,2,2,LDSDGSFFLYSKLTV
603,2,2,DSDGSFFLYSKLTVD
604,2,2,SDGSFFLYSKLTVDK
605,2,2,DGSFFLYSKLTVDKS
606,2,2,GSFFLYSKLTVDKSR
607,2,2,SFFLYSKLTVDKSRW
608,2,2,FFLYSKLTVDKSRWQ
609,2,2,FLYSKLTVDKSRWQQ
610,2,2,LYSKLTVDKSRWQQG
611,2,2,YSKLTVDKSRWQQGN
612,2,2,SKLTVDKSRWQQGNV
613,2,2,KLTVDKSRWQQGNVF
614,2,2,LTVDKSRWQQGNVFS
615,2,2,TVDKSRWQQGNVFSC
616,2,2,VDKSRWQQGNVFSCS
617,2,2,DKSRWQQGNVFSCSV
618,2,2,KSRWQQGNVFSCSVM
619,2,2,SRWQQGNVFSCSVMH
620,2,2,RWQQGNVFSCSVMHE
621,2,2,WQQGNVFSCSVMHEA
622,2,2,QQGNVFSCSVMHEAL
623,2,2,QGNVFSCSVMHEALH
624,2,2,GNVFSCSVMHEALHN
625,2,2,NVFSCSVMHEALHNH
626,2,2,VFSCSVMHEALHNHY
627,2,2,FSCSVMHEALHNHYT
628,2,2,SCSVMHEALHNHYTQ
629,2,2,CSVMHEALHNHYTQK
630,2,2,SVMHEALHNHYTQKS
631,2,2,VMHEALHNHYTQKSL
632,2,2,MHEALHNHYTQKSLS
633,2,2,HEALHNHYTQKSLSL
634,2,2,EALHNHYTQKSLSLS
635,2,2,ALHNHYTQKSLSLSP
636,2,2,LHNHYTQKSLSLSPG
637,2,2,HNHYTQKSLSLSPGK
638,3,1,DIQMTQSPSSLSASV
639,3,1,IQMTQSPSSLSASVG
640,3,1,QMTQSPSSLSASVGD
641,3,1,MTQSPSSLSASVGDR
642,3,1,TQSPSSLSASVGDRV
643,3,1,QSPSSLSASVGDRVT
644,3,1,SPSSLSASVGDRVTI
645,3,1,PSSLSASVGDRVTIT
646,3,1,SSLSASVGDRVTITC
647,3,1,SLSASVGDRVTITCR
648,3,1,LSASVGDRVTITCRA
649,3,1,SASVGDRVTITCRAS
650,3,1,ASVGDRVTITCRASQ
651,3,1,SVGDRVTITCRASQG
652,3,1,VGDRVTITCRASQGI
653,3,1,GDRVTITCRASQGIR
654,3,1,DRVTITCRASQGIRN
655,3,1,RVTITCRASQGIRNY
656,3,1,VTITCRASQGIRNYL
657,3,1,TITCRASQGIRNYLA
658,3,1,ITCRASQGIRNYLAW
659,3,1,TCRASQGIRNYLAWY
660,3,1,CRASQGIRNYLAWYQ
661,3,1,RASQGIRNYLAWYQQ
662,3,1,ASQGIRNYLAWYQQK
663,3,1,SQGIRNYLAWYQQKP
664,3,1,QGIRNYLAWYQQKPG
665,3,1,GIRNYLAWYQQKPGK
666,3,1,IRNYLAWYQQKPGKA
667,3,1,RNYLAWYQQKPGKAP
668,3,1,NYLAWYQQKPGKAPK
669,3,1,YLAWYQQKPGKAPKL
670,3,1,LAWYQQKPGKAPKLL
671,3,1,AWYQQKPGKAPKLLI
672,3,1,WYQQKPGKAPKLLIY
673,3,1,YQQKPGKAPKLLIYA
674,3,1,QQKPGKAPKLLIYAA
675,3,1,QKPGKAPKLLIYAAS
676,3,1,KPGKAPKLLIYAAST
677,3,1,PGKAPKLLIYAASTL
678,3,1,GKAPKLLIYAASTLQ
679,3,1,KAPKLLIYAASTLQS
680,3,1,APKLLIYAASTLQSG
681,3,1,PKLLIYAASTLQSGV
682,3,1,KLLIYAASTLQSGVP
683,3,1,LLIYAASTLQSGVPS
684,3,1,LIYAASTLQSGVPSR
685,3,1,IYAASTLQSGVPSRF
686,3,1,YAASTLQSGVPSRFS
687,3,1,AASTLQSGVPSRFSG
688,3,1,ASTLQSGVPSRFSGS
689,3,1,STLQSGVPSRFSGSG
690,3,1,TLQSGVPSRFSGSGS
691,3,1,LQSGVPSRFSGSGSG
692,3,1,QSGVPSRFSGSGSGT
693,3,1,SGVPSRFSGSGSGTD
694,3,1,GVPSRFSGSGSGTDF
695,3,1,VPSRFSGSGSGTDFT
696,3,1,PSRFSGSGSGTDFTL
697,3,1,SRFSGSGSGTDFTLT
698,3,1,RFSGSGSGTDFTLTI
699,3,1,FSGSGSGTDFTLTIS
700,3,1,SGSGSGTDFTLTISS
701,3,1,GSGSGTDFTLTISSL
702,3,1,SGSGTDFTLTISSLQ
703,3,1,GSGTDFTLTISSLQP
704,3,1,SGTDFTLTISSLQPE
705,3,1,GTDFTLTISSLQPED
706,3,1,TDFTLTISSLQPEDV
707,3,1,DFTLTISSLQPEDVA
708,3,1,FTLTISSLQPEDVAT
709,3,1,TLTISSLQPEDVATY
710,3,1,LTISSLQPEDVATYY
711,3,1,TISSLQPEDVATYYC
712,3,1,ISSLQPEDVATYYCQ
713,3,1,SSLQPEDVATYYCQR
714,3,1,SLQPEDVATYYCQRY
715,3,1,LQPEDVATYYCQRYN
716,3,1,QPEDVATYYCQRYNR
717,3,1,PEDVATYYCQRYNRA
718,3,1,EDVATYYCQRYNRAP
719,3,1,DVATYYCQRYNRAPY
720,3,1,VATYYCQRYNRAPYT
721,3,1,ATYYCQRYNRAPYTF
722,3,1,TYYCQRYNRAPYTFG
723,3,1,YYCQRYNRAPYTFGQ
724,3,1,YCQRYNRAPYTFGQG
725,3,1,CQRYNRAPYTFGQGT
726,3,1,QRYNRAPYTFGQGTK
727,3,1,RYNRAPYTFGQGTKV
728,3,1,YNRAPYTFGQGTKVE
729,3,1,NRAPYTFGQGTKVEI
730,3,1,RAPYTFGQGTKVEIK
731,3,1,APYTFGQGTKVEIKR
732,3,1,PYTFGQGTKVEIKRT
733,3,1,YTFGQGTKVEIKRTV
734,3,1,TFGQGTKVEIKRTVA
735,3,1,FGQGTKVEIKRTVAA
736,3,1,GQGTKVEIKRTVAAP
737,3,1,QGTKVEIKRTVAAPS
738,3,1,GTKVEIKRTVAAPSV
739,3,1,TKVEIKRTVAAPSVF
740,3,1,KVEIKRTVAAPSVFI
741,3,1,VEIKRTVAAPSVFIF
742,3,1,EIKRTVAAPSVFIFP
743,3,1,IKRTVAAPSVFIFPP
744,3,1,KRTVAAPSVFIFPPS
745,3,1,RTVAAPSVFIFPPSD
746,3,1,TVAAPSVFIFPPSDE
747,3,1,VAAPSVFIFPPSDEQ
748,3,1,AAPSVFIFPPSDEQL
749,3,1,APSVFIFPPSDEQLK
750,3,1,PSVFIFPPSDEQLKS
751,3,1,SVFIFPPSDEQLKSG
752,3,1,VFIFPPSDEQLKSGT
753,3,1,FIFPPSDEQLKSGTA
754,3,1,IFPPSDEQLKSGTAS
755,3,1,FPPSDEQLKSGTASV
756,3,1,PPSDEQLKSGTASVV
757,3,1,PSDEQLKSGTASVVC
758,3,1,SDEQLKSGTASVVCL
759,3,1,DEQLKSGTASVVCLL
760,3,1,EQLKSGTASVVCLLN
761,3,1,QLKSGTASVVCLLNN
762,3,1,LKSGTASVVCLLNNF
763,3,1,KSGTASVVCLLNNFY
764,3,1,SGTASVVCLLNNFYP
765,3,1,GTASVVCLLNNFYPR
766,3,1,TASVVCLLNNFYPRE
767,3,1,ASVVCLLNNFYPREA
768,3,1,SVVCLLNNFYPREAK
769,3,1,VVCLLNNFYPREAKV
770,3,1,VCLLNNFYPREAKVQ
771,3,1,CLLNNFYPREAKVQW
772,3,1,LLNNFYPREAKVQWK
773,3,1,LNNFYPREAKVQWKV
774,3,1,NNFYPREAKVQWKVD
775,3,1,NFYPREAKVQWKVDN
776,3,1,FYPREAKVQWKVDNA
777,3,1,YPREAKVQWKVDNAL
778,3,1,PREAKVQWKVDNALQ
779,3,1,REAKVQWKVDNALQS
780,3,1,EAKVQWKVDNALQSG
781,3,1,AKVQWKVDNALQSGN
782,3,1,KVQWKVDNALQSGNS
783,3,1,VQWKVDNALQSGNSQ
784,3,1,QWKVDNALQSGNSQE
785,3,1,WKVDNALQSGNSQES
786,3,1,KVDNALQSGNSQESV
787,3,1,VDNALQSGNSQESVT
788,3,1,DNALQSGNSQESVTE
789,3,1,NALQSGNSQESVTEQ
790,3,1,ALQSGNSQESVTEQD
791,3,1,LQSGNSQESVTEQDS
792,3,1,QSGNSQESVTEQDSK
793,3,1,SGNSQESVTEQDSKD
794,3,1,GNSQESVTEQDSKDS
795,3,1,NSQESVTEQDSKDST
796,3,1,SQESVTEQDSKDSTY
797,3,1,QESVTEQDSKDSTYS
798,3,1,ESVTEQDSKDSTYSL
799,3,1,SVTEQDSKDSTYSLS
800,3,1,VTEQDSKDSTYSLSS
801,3,1,TEQDSKDSTYSLSST
802,3,1,EQDSKDSTYSLSSTL
803,3,1,QDSKDSTYSLSSTLT
804,3,1,DSKDSTYSLSSTLTL
805,3,1,SKDSTYSLSSTLTLS
806,3,1,KDSTYSLSSTLTLSK
807,3,1,DSTYSLSSTLTLSKA
808,3,1,STYSLSSTLTLSKAD
809,3,1,TYSLSSTLTLSKADY
810,3,1,YSLSSTLTLSKADYE
811,3,1,SLSSTLTLSKADYEK
812,3,1,LSSTLTLSKADYEKH
813,3,1,SSTLTLSKADYEKHK
814,3,1,STLTLSKADYEKHKV
815,3,1,TLTLSKADYEKHKVY
816,3,1,LTLSKADYEKHKVYA
817,3,1,TLSKADYEKHKVYAC
818,3,1,LSKADYEKHKVYACE
819,3,1,SKADYEKHKVYACEV
820,3,1,KADYEKHKVYACEVT
821,3,1,ADYEKHKVYACEVTH
822,3,1,DYEKHKVYACEVTHQ
823,3,1,YEKHKVYACEVTHQG
824,3,1,EKHKVYACEVTHQGL
825,3,1,KHKVYACEVTHQGLS
826,3,1,HKVYACEVTHQGLSS
827,3,1,KVYACEVTHQGLSSP
828,3,1,VYACEVTHQGLSSPV
829,3,1,YACEVTHQGLSSPVT
830,3,1,ACEVTHQGLSSPVTK
831,3,1,CEVTHQGLSSPVTKS
832,3,1,EVTHQGLSSPVTKSF
833,3,1,VTHQGLSSPVTKSFN
834,3,1,THQGLSSPVTKSFNR
835,3,1,HQGLSSPVTKSFNRG
836,3,1,QGLSSPVTKSFNRGE
837,3,1,GLSSPVTKSFNRGEC
838,4,2,EVQLVESGGGLVQPG
839,4,2,VQLVESGGGLVQPGR
840,4,2,QLVESGGGLVQPGRS
841,4,2,LVESGGGLVQPGRSL
842,4,2,VESGGGLVQPGRSLR
843,4,2,ESGGGLVQPGRSLRL
844,4,2,SGGGLVQPGRSLRLS
845,4,2,GGGLVQPGRSLRLSC
846,4,2,GGLVQPGRSLRLSCA
847,4,2,GLVQPGRSLRLSCAA
848,4,2,LVQPGRSLRLSCAAS
849,4,2,VQPGRSLRLSCAASG
850,4,2,QPGRSLRLSCAASGF
851,4,2,PGRSLRLSCAASGFT
852,4,2,GRSLRLSCAASGFTF
853,4,2,RSLRLSCAASGFTFD
854,4,2,SLRLSCAASGFTFDD
855,4,2,LRLSCAASGFTFDDY
856,4,2,RLSCAASGFTFDDYA
857,4,2,LSCAASGFTFDDYAM
858,4,2,SCAASGFTFDDYAMH
859,4,2,CAASGFTFDDYAMHW
860,4,2,AASGFTFDDYAMHWV
861,4,2,ASGFTFDDYAMHWVR
862,4,2,SGFTFDDYAMHWVRQ
863,4,2,GFTFDDYAMHWVRQA
864,4,2,FTFDDYAMHWVRQAP
865,4,2,TFDDYAMHWVRQAPG
866,4,2,FDDYAMHWVRQAPGK
867,4,2,DDYAMHWVRQAPGKG
868,4,2,DYAMHWVRQAPGKGL
869,4,2,YAMHWVRQAPGKGLE
870,4,2,AMHWVRQAPGKGLEW
871,4,2,MHWVRQAPGKGLEWV
872,4,2,HWVRQAPGKGLEWVS
873,4,2,WVRQAPGKGLEWVSA
874,4,2,VRQAPGKGLEWVSAI
875,4,2,RQAPGKGLEWVSAIT
876,4,2,QAPGKGLEWVSAITW
877,4,2,APGKGLEWVSAITWN
878,4,2,PGKGLEWVSAITWNS
879,4,2,GKGLEWVSAITWNSG
880,4,2,KGLEWVSAITWNSGH
881,4,2,GLEWVSAITWNSGHI
882,4,2,LEWVSAITWNSGHID
883,4,2,EWVSAITWNSGHIDY
884,4,2,WVSAITWNSGHIDYA
885,4,2,VSAITWNSGHIDYAD
886,4,2,SAITWNSGHIDYADS
887,4,2,AITWNSGHIDYADSV
888,4,2,ITWNSGHIDYADSVE
889,4,2,TWNSGHIDYADSVEG
890,4,2,WNSGHIDYADSVEGR
891,4,2,NSGHIDYADSVEGRF
892,4,2,SGHIDYADSVEGRFT
893,4,2,GHIDYADSVEGRFTI
894,4,2,HIDYADSVEGRFTIS
895,4,2,IDYADSVEGRFTISR
896,4,2,DYADSVEGRFTISRD
897,4,2,YADSVEGRFTISRDN
898,4,2,ADSVEGRFTISRDNA
899,4,2,DSVEGRFTISRDNAK
900,4,2,SVEGRFTISRDNAKN
901,4,2,VEGRFTISRDNAKNS
902,4,2,EGRFTISRDNAKNSL
903,4,2,GRFTISRDNAKNSLY
904,4,2,RFTISRDNAKNSLYL
905,4,2,FTISRDNAKNSLYLQ
906,4,2,TISRDNAKNSLYLQM
907,4,2,ISRDNAKNSLYLQMN
908,4,2,SRDNAKNSLYLQMNS
909,4,2,RDNAKNSLYLQMNSL
910,4,2,DNAKNSLYLQMNSLR
911,4,2,NAKNSLYLQMNSLRA
912,4,2,AKNSLYLQMNSLRAE
913,4,2,KNSLYLQMNSLRAED
914,4,2,NSLYLQMNSLRAEDT
915,4,2,SLYLQMNSLRAEDTA
916,4,2,LYLQMNSLRAEDTAV
917,4,2,YLQMNSLRAEDTAVY
918,4,2,LQMNSLRAEDTAVYY
919,4,2,QMNSLRAEDTAVYYC
920,4,2,MNSLRAEDTAVYYCA
921,4,2,NSLRAEDTAVYYCAK
922,4,2,SLRAEDTAVYYCAKV
923,4,2,LRAEDTAVYYCAKVS
924,4,2,RAEDTAVYYCAKVSY
925,4,2,AEDTAVYYCAKVSYL
926,4,2,EDTAVYYCAKVSYLS
927,4,2,DTAVYYCAKVSYLST
928,4,2,TAVYYCAKVSYLSTA
929,4,2,AVYYCAKVSYLSTAS
930,4,2,VYYCAKVSYLSTASS
931,4,2,YYCAKVSYLSTASSL
932,4,2,YCAKVSYLSTASSLD
933,4,2,CAKVSYLSTASSLDY
934,4,2,AKVSYLSTASSLDYW
935,4,2,KVSYLSTASSLDYWG
936,4,2,VSYLSTASSLDYWGQ
937,4,2,SYLSTASSLDYWGQG
938,4,2,YLSTASSLDYWGQGT
939,4,2,LSTASSLDYWGQGTL
940,4,2,STASSLDYWGQGTLV
941,4,2,TASSLDYWGQGTLVT
942,4,2,ASSLDYWGQGTLVTV
943,4,2,SSLDYWGQGTLVTVS
944,4,2,SLDYWGQGTLVTVSS
945,4,2,LDYWGQGTLVTVSSA
946,4,2,DYWGQGTLVTVSSAS
947,4,2,YWGQGTLVTVSSAST
948,4,2,WGQGTLVTVSSASTK
949,4,2,GQGTLVTVSSASTKG
950,4,2,QGTLVTVSSASTKGP
951,4,2,GTLVTVSSASTKGPS
952,4,2,TLVTVSSASTKGPSV
953,4,2,LVTVSSASTKGPSVF
954,4,2,VTVSSASTKGPSVFP
955,4,2,TVSSASTKGPSVFPL
956,4,2,VSSASTKGPSVFPLA
957,4,2,SSASTKGPSVFPLAP
958,4,2,SASTKGPSVFPLAPS
959,4,2,ASTKGPSVFPLAPSS
960,4,2,STKGPSVFPLAPSSK
961,4,2,TKGPSVFPLAPSSKS
962,4,2,KGPSVFPLAPSSKST
963,4,2,GPSVFPLAPSSKSTS
964,4,2,PSVFPLAPSSKSTSG
965,4,2,SVFPLAPSSKSTSGG
966,4,2,VFPLAPSSKSTSGGT
967,4,2,FPLAPSSKSTSGGTA
968,4,2,PLAPSSKSTSGGTAA
969,4,2,LAPSSKSTSGGTAAL
970,4,2,APSSKSTSGGTAALG
971,4,2,PSSKSTSGGTAALGC
972,4,2,SSKSTSGGTAALGCL
973,4,2,SKSTSGGTAALGCLV
974,4,2,KSTSGGTAALGCLVK
975,4,2,STSGGTAALGCLVKD
976,4,2,TSGGTAALGCLVKDY
977,4,2,SGGTAALGCLVKDYF
978,4,2,GGTAALGCLVKDYFP
979,4,2,GTAALGCLVKDYFPE
980,4,2,TAALGCLVKDYFPEP
981,4,2,AALGCLVKDYFPEPV
982,4,2,ALGCLVKDYFPEPVT
983,4,2,LGCLVKDYFPEPVTV
984,4,2,GCLVKDYFPEPVTVS
985,4,2,CLVKDYFPEPVTVSW
986,4,2,LVKDYFPEPVTVSWN
987,4,2,VKDYFPEPVTVSWNS
988,4,2,KDYFPEPVTVSWNSG
989,4,2,DYFPEPVTVSWNSGA
990,4,2,YFPEPVTVSWNSGAL
991,4,2,FPEPVTVSWNSGALT
992,4,2,PEPVTVSWNSGALTS
993,4,2,EPVTVSWNSGALTSG
994,4,2,PVTVSWNSGALTSGV
995,4,2,VTVSWNSGALTSGVH
996,4,2,TVSWNSGALTSGVHT
997,4,2,VSWNSGALTSGVHTF
998,4,2,SWNSGALTSGVHTFP
999,4,2,WNSGALTSGVHTFPA
1000,4,2,NSGALTSGVHTFPAV
1001,4,2,SGALTSGVHTFPAVL
1002,4,2,GALTSGVHTFPAVLQ
1003,4,2,ALTSGVHTFPAVLQS
1004,4,2,LTSGVHTFPAVLQSS
1005,4,2,TSGVHTFPAVLQSSG
1006,4,2,SGVHTFPAVLQSSGL
1007,4,2,GVHTFPAVLQSSGLY
1008,4,2,VHTFPAVLQSSGLYS
1009,4,2,HTFPAVLQSSGLYSL
1010,4,2,TFPAVLQSSGLYSLS
1011,4,2,FPAVLQSSGLYSLSS
1012,4,2,PAVLQSSGLYSLSSV
1013,4,2,AVLQSSGLYSLSSVV
1014,4,2,VLQSSGLYSLSSVVT
1015,4,2,LQSSGLYSLSSVVTV
1016,4,2,QSSGLYSLSSVVTVP
1017,4,2,SSGLYSLSSVVTVPS
1018,4,2,SGLYSLSSVVTVPSS
1019,4,2,GLYSLSSVVTVPSSS
1020,4,2,LYSLSSVVTVPSSSL
1021,4,2,YSLSSVVTVPSSSLG
1022,4,2,SLSSVVTVPSSSLGT
1023,4,2,LSSVVTVPSSSLGTQ
1024,4,2,SSVVTVPSSSLGTQT
1025,4,2,SVVTVPSSSLGTQTY
1026,4,2,VVTVPSSSLGTQTYI
1027,4,2,VTVPSSSLGTQTYIC
1028,4,2,TVPSSSLGTQTYICN
1029,4,2,VPSSSLGTQTYICNV
1030,4,2,PSSSLGTQTYICNVN
1031,4,2,SSSLGTQTYICNVNH
1032,4,2,SSLGTQTYICNVNHK
1033,4,2,SLGTQTYICNVNHKP
1034,4,2,LGTQTYICNVNHKPS
1035,4,2,GTQTYICNVNHKPSN
1036,4,2,TQTYICNVNHKPSNT
1037,4,2,QTYICNVNHKPSNTK
1038,4,2,TYICNVNHKPSNTKV
1039,4,2,YICNVNHKPSNTKVD
1040,4,2,ICNVNHKPSNTKVDK
1041,4,2,CNVNHKPSNTKVDKK
1042,4,2,NVNHKPSNTKVDKKV
1043,4,2,VNHKPSNTKVDKKVE
1044,4,2,NHKPSNTKVDKKVEP
1045,4,2,HKPSNTKVDKKVEPK
1046,4,2,KPSNTKVDKKVEPKS
1047,4,2,PSNTKVDKKVEPKSC
1048,4,2,SNTKVDKKVEPKSCD
1049,4,2,NTKVDKKVEPKSCDK
1050,4,2,TKVDKKVEPKSCDKT
1051,4,2,KVDKKVEPKSCDKTH
1052,4,2,VDKKVEPKSCDKTHT
1053,4,2,DKKVEPKSCDKTHTC
1054,4,2,KKVEPKSCDKTHTCP
1055,4,2,KVEPKSCDKTHTCPP
1056,4,2,VEPKSCDKTHTCPPC
1057,4,2,EPKSCDKTHTCPPCP
1058,4,2,PKSCDKTHTCPPCPA
1059,4,2,KSCDKTHTCPPCPAP
1060,4,2,SCDKTHTCPPCPAPE
1061,4,2,CDKTHTCPPCPAPEL
1062,4,2,DKTHTCPPCPAPELL
1063,4,2,KTHTCPPCPAPELLG
1064,4,2,THTCPPCPAPELLGG
1065,4,2,HTCPPCPAPELLGGP
1066,4,2,TCPPCPAPELLGGPS
1067,4,2,CPPCPAPELLGGPSV
1068,4,2,PPCPAPELLGGPSVF
1069,4,2,PCPAPELLGGPSVFL
1070,4,2,CPAPELLGGPSVFLF
1071,4,2,PAPELLGGPSVFLFP
1072,4,2,APELLGGPSVFLFPP
1073,4,2,PELLGGPSVFLFPPK
1074,4,2,ELLGGPSVFLFPPKP
1075,4,2,LLGGPSVFLFPPKPK
1076,4,2,LGGPSVFLFPPKPKD
1077,4,2,GGPSVFLFPPKPKDT
1078,4,2,GPSVFLFPPKPKDTL
1079,4,2,PSVFLFPPKPKDTLM
1080,4,2,SVFLFPPKPKDTLMI
1081,4,2,VFLFPPKPKDTLMIS
1082,4,2,FLFPPKPKDTLMISR
1083,4,2,LFPPKPKDTLMISRT
1084,4,2,FPPKPKDTLMISRTP
1085,4,2,PPKPKDTLMISRTPE
1086,4,2,PKPKDTLMISRTPEV
1087,4,2,KPKDTLMISRTPEVT
1088,4,2,PKDTLMISRTPEVTC
1089,4,2,KDTLMISRTPEVTCV
1090,4,2,DTLMISRTPEVTCVV
1091,4,2,TLMISRTPEVTCVVV
1092,4,2,LMISRTPEVTCVVVD
1093,4,2,MISRTPEVTCVVVDV
1094,4,2,ISRTPEVTCVVVDVS
1095,4,2,SRTPEVTCVVVDVSH
1096,4,2,RTPEVTCVVVDVSHE
1097,4,2,TPEVTCVVVDVSHED
1098,4,2,PEVTCVVVDVSHEDP
1099,4,2,EVTCVVVDVSHEDPE
1100,4,2,VTCVVVDVSHEDPEV
1101,4,2,TCVVVDVSHEDPEVK
1102,4,2,CVVVDVSHEDPEVKF
1103,4,2,VVVDVSHEDPEVKFN
1104,4,2,VVDVSHEDPEVKFNW
1105,4,2,VDVSHEDPEVKFNWY
1106,4,2,DVSHEDPEVKFNWYV
1107,4,2,VSHEDPEVKFNWYVD
1108,4,2,SHEDPEVKFNWYVDG
1109,4,2,HEDPEVKFNWYVDGV
1110,4,2,EDPEVKFNWYVDGVE
1111,4,2,DPEVKFNWYVDGVEV
1112,4,2,PEVKFNWYVDGVEVH
1113,4,2,EVKFNWYVDGVEVHN
1114,4,2,VKFNWYVDGVEVHNA
1115,4,2,KFNWYVDGVEVHNAK
1116,4,2,FNWYVDGVEVHNAKT
1117,4,2,NWYVDGVEVHNAKTK
1118,4,2,WYVDGVEVHNAKTKP
1119,4,2,YVDGVEVHNAKTKPR
1120,4,2,VDGVEVHNAKTKPRE
1121,4,2,DGVEVHNAKTKPREE
1122,4,2,GVEVHNAKTKPREEQ
1123,4,2,VEVHNAKTKPREEQY
1124,4,2,EVHNAKTKPREEQYN
1125,4,2,VHNAKTKPREEQYNS
1126,4,2,HNAKTKPREEQYNST
1127,4,2,NAKTKPREEQYNSTY
1128,4,2,AKTKPREEQYNSTYR
1129,4,2,KTKPREEQYNSTYRV
1130,4,2,TKPREEQYNSTYRVV
1131,4,2,KPREEQYNSTYRVVS
1132,4,2,PREEQYNSTYRVVSV
1133,4,2,REEQYNSTYRVVSVL
1134,4,2,EEQYNSTYRVVSVLT
1135,4,2,EQYNSTYRVVSVLTV
1136,4,2,QYNSTYRVVSVLTVL
1137,4,2,YNSTYRVVSVLTVLH
1138,4,2,NSTYRVVSVLTVLHQ
1139,4,2,STYRVVSVLTVLHQD
1140,4,2,TYRVVSVLTVLHQDW
1141,4,2,YRVVSVLTVLHQDWL
1142,4,2,RVVSVLTVLHQDWLN
1143,4,2,VVSVLTVLHQDWLNG
1144,4,2,VSVLTVLHQDWLNGK
1145,4,2,SVLTVLHQDWLNGKE
1146,4,2,VLTVLHQDWLNGKEY
1147,4,2,LTVLHQDWLNGKEYK
1148,4,2,TVLHQDWLNGKEYKC
1149,4,2,VLHQDWLNGKEYKCK
1150,4,2,LHQDWLNGKEYKCKV
1151,4,2,HQDWLNGKEYKCKVS
1152,4,2,QDWLNGKEYKCKVSN
1153,4,2,DWLNGKEYKCKVSNK
1154,4,2,WLNGKEYKCKVSNKA
1155,4,2,LNGKEYKCKVSNKAL
1156,4,2,NGKEYKCKVSNKALP
1157,4,2,GKEYKCKVSNKALPA
1158,4,2,KEYKCKVSNKALPAP
1159,4,2,EYKCKVSNKALPAPI
1160,4,2,YKCKVSNKALPAPIE
1161,4,2,KCKVSNKALPAPIEK
1162,4,2,CKVSNKALPAPIEKT
1163,4,2,KVSNKALPAPIEKTI
1164,4,2,VSNKALPAPIEKTIS
1165,4,2,SNKALPAPIEKTISK
1166,4,2,NKALPAPIEKTISKA
1167,4,2,KALPAPIEKTISKAK
1168,4,2,ALPAPIEKTISKAKG
1169,4,2,LPAPIEKTISKAKGQ
1170,4,2,PAPIEKTISKAKGQP
1171,4,2,APIEKTISKAKGQPR
1172,4,2,PIEKTISKAKGQPRE
1173,4,2,IEKTISKAKGQPREP
1174,4,2,EKTISKAKGQPREPQ
1175,4,2,KTISKAKGQPREPQV
1176,4,2,TISKAKGQPREPQVY
1177,4,2,ISKAKGQPREPQVYT
1178,4,2,SKAKGQPREPQVYTL
1179,4,2,KAKGQPREPQVYTLP
1180,4,2,AKGQPREPQVYTLPP
1181,4,2,KGQPREPQVYTLPPS
1182,4,2,GQPREPQVYTLPPSR
1183,4,2,QPREPQVYTLPPSRD
1184,4,2,PREPQVYTLPPSRDE
1185,4,2,REPQVYTLPPSRDEL
1186,4,2,EPQVYTLPPSRDELT
1187,4,2,PQVYTLPPSRDELTK
1188,4,2,QVYTLPPSRDELTKN
1189,4,2,VYTLPPSRDELTKNQ
1190,4,2,YTLPPSRDELTKNQV
1191,4,2,TLPPSRDELTKNQVS
1192,4,2,LPPSRDELTKNQVSL
1193,4,2,PPSRDELTKNQVSLT
1194,4,2,PSRDELTKNQVSLTC
1195,4,2,SRDELTKNQVSLTCL
1196,4,2,RDELTKNQVSLTCLV
1197,4,2,DELTKNQVSLTCLVK
1198,4,2,ELTKNQVSLTCLVKG
1199,4,2,LTKNQVSLTCLVKGF
1200,4,2,TKNQVSLTCLVKGFY
1201,4,2,KNQVSLTCLVKGFYP
1202,4,2,NQVSLTCLVKGFYPS
1203,4,2,QVSLTCLVKGFYPSD
1204,4,2,VSLTCLVKGFYPSDI
1205,4,2,SLTCLVKGFYPSDIA
1206,4,2,LTCLVKGFYPSDIAV
1207,4,2,TCLVKGFYPSDIAVE
1208,4,2,CLVKGFYPSDIAVEW
1209,4,2,LVKGFYPSDIAVEWE
1210,4,2,VKGFYPSDIAVEWES
1211,4,2,KGFYPSDIAVEWESN
1212,4,2,GFYPSDIAVEWESNG
1213,4,2,FYPSDIAVEWESNGQ
1214,4,2,YPSDIAVEWESNGQP
1215,4,2,PSDIAVEWESNGQPE
1216,4,2,SDIAVEWESNGQPEN
1217,4,2,DIAVEWESNGQPENN
1218,4,2,IAVEWESNGQPENNY
1219,4,2,AVEWESNGQPENNYK
1220,4,2,VEWESNGQPENNYKT
1221,4,2,EWESNGQPENNYKTT
1222,4,2,WESNGQPENNYKTTP
1223,4,2,ESNGQPENNYKTTPP
1224,4,2,SNGQPENNYKTTPPV
1225,4,2,NGQPENNYKTTPPVL
1226,4,2,GQPENNYKTTPPVLD
1227,4,2,QPENNYKTTPPVLDS
1228,4,2,PENNYKTTPPVLDSD
1229,4,2,ENNYKTTPPVLDSDG
1230,4,2,NNYKTTPPVLDSDGS
1231,4,2,NYKTTPPVLDSDGSF
1232,4,2,YKTTPPVLDSDGSFF
1233,4,2,KTTPPVLDSDGSFFL
1234,4,2,TTPPVLDSDGSFFLY
1235,4,2,TPPVLDSDGSFFLYS
1236,4,2,PPVLDSDGSFFLYSK
1237,4,2,PVLDSDGSFFLYSKL
1238,4,2,VLDSDGSFFLYSKLT
1239,4,2,LDSDGSFFLYSKLTV
1240,4,2,DSDGSFFLYSKLTVD
1241,4,2,SDGSFFLYSKLTVDK
1242,4,2,DGSFFLYSKLTVDKS
1243,4,2,GSFFLYSKLTVDKSR
1244,4,2,SFFLYSKLTVDKSRW
1245,4,2,FFLYSKLTVDKSRWQ
1246,4,2,FLYSKLTVDKSRWQQ
1247,4,2,LYSKLTVDKSRWQQG
1248,4,2,YSKLTVDKSRWQQGN
1249,4,2,SKLTVDKSRWQQGNV
1250,4,2,KLTVDKSRWQQGNVF
1251,4,2,LTVDKSRWQQGNVFS
1252,4,2,TVDKSRWQQGNVFSC
1253,4,2,VDKSRWQQGNVFSCS
1254,4,2,DKSRWQQGNVFSCSV
1255,4,2,KSRWQQGNVFSCSVM
1256,4,2,SRWQQGNVFSCSVMH
1257,4,2,RWQQGNVFSCSVMHE
1258,4,2,WQQGNVFSCSVMHEA
1259,4,2,QQGNVFSCSVMHEAL
1260,4,2,QGNVFSCSVMHEALH
1261,4,2,GNVFSCSVMHEALHN
1262,4,2,NVFSCSVMHEALHNH
1263,4,2,VFSCSVMHEALHNHY
1264,4,2,FSCSVMHEALHNHYT
1265,4,2,SCSVMHEALHNHYTQ
1266,4,2,CSVMHEALHNHYTQK
1267,4,2,SVMHEALHNHYTQKS
1268,4,2,VMHEALHNHYTQKSL
1269,4,2,MHEALHNHYTQKSLS
1270,4,2,HEALHNHYTQKSLSL
1271,4,2,EALHNHYTQKSLSLS
1272,4,2,ALHNHYTQKSLSLSP
1273,4,2,LHNHYTQKSLSLSPG
1274,4,2,HNHYTQKSLSLSPGK
