Index,ChainNum,ChainID,xmers
1,1,1,APPRLICDSRVLERY
2,1,1,PPRLICDSRVLERYL
3,1,1,PRLICDSRVLERYLL
4,1,1,RLICDSRVLERYLLE
5,1,1,LICDSRVLERYLLEA
6,1,1,ICDSRVLERYLLEAK
7,1,1,CDSRVLERYLLEAKE
8,1,1,DSRVLERYLLEAKEA
9,1,1,SRVLERYLLEAKEAE
10,1,1,RVLERYLLEAKEAEN
11,1,1,VLERYLLEAKEAENI
12,1,1,LERYLLEAKEAENIT
13,1,1,ERYLLEAKEAENITT
14,1,1,RYLLEAKEAENITTG
15,1,1,YLLEAKEAENITTGC
16,1,1,LLEAKEAENITTGCA
17,1,1,LEAKEAENITTGCAE
18,1,1,EAKEAENITTGCAEH
19,1,1,AKEAENITTGCAEHC
20,1,1,KEAENITTGCAEHCS
21,1,1,EAENITTGCAEHCSL
22,1,1,AENITTGCAEHCSLN
23,1,1,ENITTGCAEHCSLNE
24,1,1,NITTGCAEHCSLNEN
25,1,1,ITTGCAEHCSLNENI
26,1,1,TTGCAEHCSLNENIT
27,1,1,TGCAEHCSLNENITV
28,1,1,GCAEHCSLNENITVP
29,1,1,CAEHCSLNENITVPD
30,1,1,AEHCSLNENITVPDT
31,1,1,EHCSLNENITVPDTK
32,1,1,HCSLNENITVPDTKV
33,1,1,CSLNENITVPDTKVN
34,1,1,SLNENITVPDTKVNF
35,1,1,LNENITVPDTKVNFY
36,1,1,NENITVPDTKVNFYA
37,1,1,ENITVPDTKVNFYAW
38,1,1,NITVPDTKVNFYAWK
39,1,1,ITVPDTKVNFYAWKR
40,1,1,TVPDTKVNFYAWKRM
41,1,1,VPDTKVNFYAWKRME
42,1,1,PDTKVNFYAWKRMEV
43,1,1,DTKVNFYAWKRMEVG
44,1,1,TKVNFYAWKRMEVGQ
45,1,1,KVNFYAWKRMEVGQQ
46,1,1,VNFYAWKRMEVGQQA
47,1,1,NFYAWKRMEVGQQAV
48,1,1,FYAWKRMEVGQQAVE
49,1,1,YAWKRMEVGQQAVEV
50,1,1,AWKRMEVGQQAVEVW
51,1,1,WKRMEVGQQAVEVWQ
52,1,1,KRMEVGQQAVEVWQG
53,1,1,RMEVGQQAVEVWQGL
54,1,1,MEVGQQAVEVWQGLA
55,1,1,EVGQQAVEVWQGLAL
56,1,1,VGQQAVEVWQGLALL
57,1,1,GQQAVEVWQGLALLS
58,1,1,QQAVEVWQGLALLSE
59,1,1,QAVEVWQGLALLSEA
60,1,1,AVEVWQGLALLSEAV
61,1,1,VEVWQGLALLSEAVL
62,1,1,EVWQGLALLSEAVLR
63,1,1,VWQGLALLSEAVLRG
64,1,1,WQGLALLSEAVLRGQ
65,1,1,QGLALLSEAVLRGQA
66,1,1,GLALLSEAVLRGQAL
67,1,1,LALLSEAVLRGQALL
68,1,1,ALLSEAVLRGQALLV
69,1,1,LLSEAVLRGQALLVN
70,1,1,LSEAVLRGQALLVNS
71,1,1,SEAVLRGQALLVNSS
72,1,1,EAVLRGQALLVNSSQ
73,1,1,AVLRGQALLVNSSQP
74,1,1,VLRGQALLVNSSQPW
75,1,1,LRGQALLVNSSQPWE
76,1,1,RGQALLVNSSQPWEP
77,1,1,GQALLVNSSQPWEPL
78,1,1,QALLVNSSQPWEPLQ
79,1,1,ALLVNSSQPWEPLQL
80,1,1,LLVNSSQPWEPLQLH
81,1,1,LVNSSQPWEPLQLHV
82,1,1,VNSSQPWEPLQLHVD
83,1,1,NSSQPWEPLQLHVDK
84,1,1,SSQPWEPLQLHVDKA
85,1,1,SQPWEPLQLHVDKAV
86,1,1,QPWEPLQLHVDKAVS
87,1,1,PWEPLQLHVDKAVSG
88,1,1,WEPLQLHVDKAVSGL
89,1,1,EPLQLHVDKAVSGLR
90,1,1,PLQLHVDKAVSGLRS
91,1,1,LQLHVDKAVSGLRSL
92,1,1,QLHVDKAVSGLRSLT
93,1,1,LHVDKAVSGLRSLTT
94,1,1,HVDKAVSGLRSLTTL
95,1,1,VDKAVSGLRSLTTLL
96,1,1,DKAVSGLRSLTTLLR
97,1,1,KAVSGLRSLTTLLRA
98,1,1,AVSGLRSLTTLLRAL
99,1,1,VSGLRSLTTLLRALG
100,1,1,SGLRSLTTLLRALGA
101,1,1,GLRSLTTLLRALGAQ
102,1,1,LRSLTTLLRALGAQK
103,1,1,RSLTTLLRALGAQKE
104,1,1,SLTTLLRALGAQKEA
105,1,1,LTTLLRALGAQKEAI
106,1,1,TTLLRALGAQKEAIS
107,1,1,TLLRALGAQKEAISP
108,1,1,LLRALGAQKEAISPP
109,1,1,LRALGAQKEAISPPD
110,1,1,RALGAQKEAISPPDA
111,1,1,ALGAQKEAISPPDAA
112,1,1,LGAQKEAISPPDAAS
113,1,1,GAQKEAISPPDAASA
114,1,1,AQKEAISPPDAASAA
115,1,1,QKEAISPPDAASAAP
116,1,1,KEAISPPDAASAAPL
117,1,1,EAISPPDAASAAPLR
118,1,1,AISPPDAASAAPLRT
119,1,1,ISPPDAASAAPLRTI
120,1,1,SPPDAASAAPLRTIT
121,1,1,PPDAASAAPLRTITA
122,1,1,PDAASAAPLRTITAD
123,1,1,DAASAAPLRTITADT
124,1,1,AASAAPLRTITADTF
125,1,1,ASAAPLRTITADTFR
126,1,1,SAAPLRTITADTFRK
127,1,1,AAPLRTITADTFRKL
128,1,1,APLRTITADTFRKLF
129,1,1,PLRTITADTFRKLFR
130,1,1,LRTITADTFRKLFRV
131,1,1,RTITADTFRKLFRVY
132,1,1,TITADTFRKLFRVYS
133,1,1,ITADTFRKLFRVYSN
134,1,1,TADTFRKLFRVYSNF
135,1,1,ADTFRKLFRVYSNFL
136,1,1,DTFRKLFRVYSNFLR
137,1,1,TFRKLFRVYSNFLRG
138,1,1,FRKLFRVYSNFLRGK
139,1,1,RKLFRVYSNFLRGKL
140,1,1,KLFRVYSNFLRGKLK
141,1,1,LFRVYSNFLRGKLKL
142,1,1,FRVYSNFLRGKLKLY
143,1,1,RVYSNFLRGKLKLYT
144,1,1,VYSNFLRGKLKLYTG
145,1,1,YSNFLRGKLKLYTGE
146,1,1,SNFLRGKLKLYTGEA
147,1,1,NFLRGKLKLYTGEAC
148,1,1,FLRGKLKLYTGEACR
149,1,1,LRGKLKLYTGEACRT
150,1,1,RGKLKLYTGEACRTG
151,1,1,GKLKLYTGEACRTGD
152,1,1,KLKLYTGEACRTGDR
