Index,ChainNum,ChainID,xmers
1,1,1,MGIKMESQTQVFVFV
2,1,1,GIKMESQTQVFVFVL
3,1,1,IKMESQTQVFVFVLL
4,1,1,KMESQTQVFVFVLLW
5,1,1,MESQTQVFVFVLLWL
6,1,1,ESQTQVFVFVLLWLS
7,1,1,SQTQVFVFVLLWLSG
8,1,1,QTQVFVFVLLWLSGV
9,1,1,TQVFVFVLLWLSGVD
10,1,1,QVFVFVLLWLSGVDG
11,1,1,VFVFVLLWLSGVDGD
12,1,1,FVFVLLWLSGVDGDI
13,1,1,VFVLLWLSGVDGDIQ
14,1,1,FVLLWLSGVDGDIQM
15,1,1,VLLWLSGVDGDIQMT
16,1,1,LLWLSGVDGDIQMTQ
17,1,1,LWLSGVDGDIQMTQS
18,1,1,WLSGVDGDIQMTQSP
19,1,1,LSGVDGDIQMTQSPS
20,1,1,SGVDGDIQMTQSPSS
21,1,1,GVDGDIQMTQSPSSL
22,1,1,VDGDIQMTQSPSSLS
23,1,1,DGDIQMTQSPSSLSV
24,1,1,GDIQMTQSPSSLSVS
25,1,1,DIQMTQSPSSLSVSV
26,1,1,IQMTQSPSSLSVSVG
27,1,1,QMTQSPSSLSVSVGD
28,1,1,MTQSPSSLSVSVGDR
29,1,1,TQSPSSLSVSVGDRV
30,1,1,QSPSSLSVSVGDRVT
31,1,1,SPSSLSVSVGDRVTI
32,1,1,PSSLSVSVGDRVTIT
33,1,1,SSLSVSVGDRVTITC
34,1,1,SLSVSVGDRVTITCK
35,1,1,LSVSVGDRVTITCKA
36,1,1,SVSVGDRVTITCKAS
37,1,1,VSVGDRVTITCKASQ
38,1,1,SVGDRVTITCKASQN
39,1,1,VGDRVTITCKASQNV
40,1,1,GDRVTITCKASQNVR
41,1,1,DRVTITCKASQNVRT
42,1,1,RVTITCKASQNVRTV
43,1,1,VTITCKASQNVRTVV
44,1,1,TITCKASQNVRTVVA
45,1,1,ITCKASQNVRTVVAW
46,1,1,TCKASQNVRTVVAWY
47,1,1,CKASQNVRTVVAWYQ
48,1,1,KASQNVRTVVAWYQQ
49,1,1,ASQNVRTVVAWYQQK
50,1,1,SQNVRTVVAWYQQKP
51,1,1,QNVRTVVAWYQQKPG
52,1,1,NVRTVVAWYQQKPGL
53,1,1,VRTVVAWYQQKPGLA
54,1,1,RTVVAWYQQKPGLAP
55,1,1,TVVAWYQQKPGLAPK
56,1,1,VVAWYQQKPGLAPKT
57,1,1,VAWYQQKPGLAPKTL
58,1,1,AWYQQKPGLAPKTLI
59,1,1,WYQQKPGLAPKTLIY
60,1,1,YQQKPGLAPKTLIYL
61,1,1,QQKPGLAPKTLIYLA
62,1,1,QKPGLAPKTLIYLAS
63,1,1,KPGLAPKTLIYLASN
64,1,1,PGLAPKTLIYLASNR
65,1,1,GLAPKTLIYLASNRH
66,1,1,LAPKTLIYLASNRHT
67,1,1,APKTLIYLASNRHTG
68,1,1,PKTLIYLASNRHTGV
69,1,1,KTLIYLASNRHTGVP
70,1,1,TLIYLASNRHTGVPS
71,1,1,LIYLASNRHTGVPSR
72,1,1,IYLASNRHTGVPSRF
73,1,1,YLASNRHTGVPSRFS
74,1,1,LASNRHTGVPSRFSG
75,1,1,ASNRHTGVPSRFSGS
76,1,1,SNRHTGVPSRFSGSG
77,1,1,NRHTGVPSRFSGSGS
78,1,1,RHTGVPSRFSGSGSG
79,1,1,HTGVPSRFSGSGSGT
80,1,1,TGVPSRFSGSGSGTD
81,1,1,GVPSRFSGSGSGTDF
82,1,1,VPSRFSGSGSGTDFT
83,1,1,PSRFSGSGSGTDFTF
84,1,1,SRFSGSGSGTDFTFT
85,1,1,RFSGSGSGTDFTFTI
86,1,1,FSGSGSGTDFTFTIS
87,1,1,SGSGSGTDFTFTISS
88,1,1,GSGSGTDFTFTISSL
89,1,1,SGSGTDFTFTISSLQ
90,1,1,GSGTDFTFTISSLQP
91,1,1,SGTDFTFTISSLQPE
92,1,1,GTDFTFTISSLQPED
93,1,1,TDFTFTISSLQPEDI
94,1,1,DFTFTISSLQPEDIA
95,1,1,FTFTISSLQPEDIAT
96,1,1,TFTISSLQPEDIATY
97,1,1,FTISSLQPEDIATYF
98,1,1,TISSLQPEDIATYFC
99,1,1,ISSLQPEDIATYFCQ
100,1,1,SSLQPEDIATYFCQQ
101,1,1,SLQPEDIATYFCQQH
102,1,1,LQPEDIATYFCQQHW
103,1,1,QPEDIATYFCQQHWS
104,1,1,PEDIATYFCQQHWSY
105,1,1,EDIATYFCQQHWSYP
106,1,1,DIATYFCQQHWSYPL
107,1,1,IATYFCQQHWSYPLT
108,1,1,ATYFCQQHWSYPLTF
109,1,1,TYFCQQHWSYPLTFG
110,1,1,YFCQQHWSYPLTFGQ
111,1,1,FCQQHWSYPLTFGQG
112,1,1,CQQHWSYPLTFGQGT
113,1,1,QQHWSYPLTFGQGTK
114,1,1,QHWSYPLTFGQGTKV
115,1,1,HWSYPLTFGQGTKVE
116,1,1,WSYPLTFGQGTKVEV
117,1,1,SYPLTFGQGTKVEVK
118,1,1,YPLTFGQGTKVEVKR
119,2,2,MNFGLSLVFLVLILK
120,2,2,NFGLSLVFLVLILKG
121,2,2,FGLSLVFLVLILKGV
122,2,2,GLSLVFLVLILKGVO
123,2,2,LSLVFLVLILKGVOC
124,2,2,SLVFLVLILKGVOCE
125,2,2,LVFLVLILKGVOCEV
126,2,2,VFLVLILKGVOCEVQ
127,2,2,FLVLILKGVOCEVQL
128,2,2,LVLILKGVOCEVQLL
129,2,2,VLILKGVOCEVQLLE
130,2,2,LILKGVOCEVQLLES
131,2,2,ILKGVOCEVQLLESG
132,2,2,LKGVOCEVQLLESGG
133,2,2,KGVOCEVQLLESGGG
134,2,2,GVOCEVQLLESGGGL
135,2,2,VOCEVQLLESGGGLV
136,2,2,OCEVQLLESGGGLVQ
137,2,2,CEVQLLESGGGLVQP
138,2,2,EVQLLESGGGLVQPG
139,2,2,VQLLESGGGLVQPGG
140,2,2,QLLESGGGLVQPGGS
141,2,2,LLESGGGLVQPGGSL
142,2,2,LESGGGLVQPGGSLR
143,2,2,ESGGGLVQPGGSLRL
144,2,2,SGGGLVQPGGSLRLS
145,2,2,GGGLVQPGGSLRLSC
146,2,2,GGLVQPGGSLRLSCA
147,2,2,GLVQPGGSLRLSCAA
148,2,2,LVQPGGSLRLSCAAS
149,2,2,VQPGGSLRLSCAASG
150,2,2,QPGGSLRLSCAASGF
151,2,2,PGGSLRLSCAASGFA
152,2,2,GGSLRLSCAASGFAF
153,2,2,GSLRLSCAASGFAFS
154,2,2,SLRLSCAASGFAFST
155,2,2,LRLSCAASGFAFSTY
156,2,2,RLSCAASGFAFSTYD
157,2,2,LSCAASGFAFSTYDM
158,2,2,SCAASGFAFSTYDMS
159,2,2,CAASGFAFSTYDMSW
160,2,2,AASGFAFSTYDMSWV
161,2,2,ASGFAFSTYDMSWVR
162,2,2,SGFAFSTYDMSWVRQ
163,2,2,GFAFSTYDMSWVRQA
164,2,2,FAFSTYDMSWVRQAP
165,2,2,AFSTYDMSWVRQAPG
166,2,2,FSTYDMSWVRQAPGK
167,2,2,STYDMSWVRQAPGKG
168,2,2,TYDMSWVRQAPGKGL
169,2,2,YDMSWVRQAPGKGLE
170,2,2,DMSWVRQAPGKGLEW
171,2,2,MSWVRQAPGKGLEWV
172,2,2,SWVRQAPGKGLEWVA
173,2,2,WVRQAPGKGLEWVAT
174,2,2,VRQAPGKGLEWVATI
175,2,2,RQAPGKGLEWVATIS
176,2,2,QAPGKGLEWVATISS
177,2,2,APGKGLEWVATISSG
178,2,2,PGKGLEWVATISSGG
179,2,2,GKGLEWVATISSGGS
180,2,2,KGLEWVATISSGGSY
181,2,2,GLEWVATISSGGSYT
182,2,2,LEWVATISSGGSYTY
183,2,2,EWVATISSGGSYTYY
184,2,2,WVATISSGGSYTYYL
185,2,2,VATISSGGSYTYYLD
186,2,2,ATISSGGSYTYYLDS
187,2,2,TISSGGSYTYYLDSV
188,2,2,ISSGGSYTYYLDSVK
189,2,2,SSGGSYTYYLDSVKG
190,2,2,SGGSYTYYLDSVKGR
191,2,2,GGSYTYYLDSVKGRF
192,2,2,GSYTYYLDSVKGRFT
193,2,2,SYTYYLDSVKGRFTI
194,2,2,YTYYLDSVKGRFTIS
195,2,2,TYYLDSVKGRFTISR
196,2,2,YYLDSVKGRFTISRD
197,2,2,YLDSVKGRFTISRDS
198,2,2,LDSVKGRFTISRDSK
199,2,2,DSVKGRFTISRDSKN
200,2,2,SVKGRFTISRDSKNT
201,2,2,VKGRFTISRDSKNTL
202,2,2,KGRFTISRDSKNTLY
203,2,2,GRFTISRDSKNTLYL
204,2,2,RFTISRDSKNTLYLQ
205,2,2,FTISRDSKNTLYLQM
206,2,2,TISRDSKNTLYLQMN
207,2,2,ISRDSKNTLYLQMNS
208,2,2,SRDSKNTLYLQMNSL
209,2,2,RDSKNTLYLQMNSLQ
210,2,2,DSKNTLYLQMNSLQA
211,2,2,SKNTLYLQMNSLQAE
212,2,2,KNTLYLQMNSLQAED
213,2,2,NTLYLQMNSLQAEDS
214,2,2,TLYLQMNSLQAEDSA
215,2,2,LYLQMNSLQAEDSAI
216,2,2,YLQMNSLQAEDSAIY
217,2,2,LQMNSLQAEDSAIYY
218,2,2,QMNSLQAEDSAIYYC
219,2,2,MNSLQAEDSAIYYCA
220,2,2,NSLQAEDSAIYYCAP
221,2,2,SLQAEDSAIYYCAPT
222,2,2,LQAEDSAIYYCAPTT
223,2,2,QAEDSAIYYCAPTTV
224,2,2,AEDSAIYYCAPTTVV
225,2,2,EDSAIYYCAPTTVVP
226,2,2,DSAIYYCAPTTVVPF
227,2,2,SAIYYCAPTTVVPFA
228,2,2,AIYYCAPTTVVPFAY
229,2,2,IYYCAPTTVVPFAYW
230,2,2,YYCAPTTVVPFAYWG
231,2,2,YCAPTTVVPFAYWGQ
232,2,2,CAPTTVVPFAYWGQG
233,2,2,APTTVVPFAYWGQGT
234,2,2,PTTVVPFAYWGQGTL
235,2,2,TTVVPFAYWGQGTLV
236,2,2,TVVPFAYWGQGTLVT
237,2,2,VVPFAYWGQGTLVTV
238,2,2,VPFAYWGQGTLVTVS
239,2,2,PFAYWGQGTLVTVSS
240,3,1,MGIKMESQTQVFVFV
241,3,1,GIKMESQTQVFVFVL
242,3,1,IKMESQTQVFVFVLL
243,3,1,KMESQTQVFVFVLLW
244,3,1,MESQTQVFVFVLLWL
245,3,1,ESQTQVFVFVLLWLS
246,3,1,SQTQVFVFVLLWLSG
247,3,1,QTQVFVFVLLWLSGV
248,3,1,TQVFVFVLLWLSGVD
249,3,1,QVFVFVLLWLSGVDG
250,3,1,VFVFVLLWLSGVDGD
251,3,1,FVFVLLWLSGVDGDI
252,3,1,VFVLLWLSGVDGDIQ
253,3,1,FVLLWLSGVDGDIQM
254,3,1,VLLWLSGVDGDIQMT
255,3,1,LLWLSGVDGDIQMTQ
256,3,1,LWLSGVDGDIQMTQS
257,3,1,WLSGVDGDIQMTQSP
258,3,1,LSGVDGDIQMTQSPS
259,3,1,SGVDGDIQMTQSPSS
260,3,1,GVDGDIQMTQSPSSL
261,3,1,VDGDIQMTQSPSSLS
262,3,1,DGDIQMTQSPSSLSV
263,3,1,GDIQMTQSPSSLSVS
264,3,1,DIQMTQSPSSLSVSV
265,3,1,IQMTQSPSSLSVSVG
266,3,1,QMTQSPSSLSVSVGD
267,3,1,MTQSPSSLSVSVGDR
268,3,1,TQSPSSLSVSVGDRV
269,3,1,QSPSSLSVSVGDRVT
270,3,1,SPSSLSVSVGDRVTI
271,3,1,PSSLSVSVGDRVTIT
272,3,1,SSLSVSVGDRVTITC
273,3,1,SLSVSVGDRVTITCK
274,3,1,LSVSVGDRVTITCKA
275,3,1,SVSVGDRVTITCKAS
276,3,1,VSVGDRVTITCKASQ
277,3,1,SVGDRVTITCKASQN
278,3,1,VGDRVTITCKASQNV
279,3,1,GDRVTITCKASQNVR
280,3,1,DRVTITCKASQNVRT
281,3,1,RVTITCKASQNVRTV
282,3,1,VTITCKASQNVRTVV
283,3,1,TITCKASQNVRTVVA
284,3,1,ITCKASQNVRTVVAW
285,3,1,TCKASQNVRTVVAWY
286,3,1,CKASQNVRTVVAWYQ
287,3,1,KASQNVRTVVAWYQQ
288,3,1,ASQNVRTVVAWYQQK
289,3,1,SQNVRTVVAWYQQKP
290,3,1,QNVRTVVAWYQQKPG
291,3,1,NVRTVVAWYQQKPGL
292,3,1,VRTVVAWYQQKPGLA
293,3,1,RTVVAWYQQKPGLAP
294,3,1,TVVAWYQQKPGLAPK
295,3,1,VVAWYQQKPGLAPKT
296,3,1,VAWYQQKPGLAPKTL
297,3,1,AWYQQKPGLAPKTLI
298,3,1,WYQQKPGLAPKTLIY
299,3,1,YQQKPGLAPKTLIYL
300,3,1,QQKPGLAPKTLIYLA
301,3,1,QKPGLAPKTLIYLAS
302,3,1,KPGLAPKTLIYLASN
303,3,1,PGLAPKTLIYLASNR
304,3,1,GLAPKTLIYLASNRH
305,3,1,LAPKTLIYLASNRHT
306,3,1,APKTLIYLASNRHTG
307,3,1,PKTLIYLASNRHTGV
308,3,1,KTLIYLASNRHTGVP
309,3,1,TLIYLASNRHTGVPS
310,3,1,LIYLASNRHTGVPSR
311,3,1,IYLASNRHTGVPSRF
312,3,1,YLASNRHTGVPSRFS
313,3,1,LASNRHTGVPSRFSG
314,3,1,ASNRHTGVPSRFSGS
315,3,1,SNRHTGVPSRFSGSG
316,3,1,NRHTGVPSRFSGSGS
317,3,1,RHTGVPSRFSGSGSG
318,3,1,HTGVPSRFSGSGSGT
319,3,1,TGVPSRFSGSGSGTD
320,3,1,GVPSRFSGSGSGTDF
321,3,1,VPSRFSGSGSGTDFT
322,3,1,PSRFSGSGSGTDFTF
323,3,1,SRFSGSGSGTDFTFT
324,3,1,RFSGSGSGTDFTFTI
325,3,1,FSGSGSGTDFTFTIS
326,3,1,SGSGSGTDFTFTISS
327,3,1,GSGSGTDFTFTISSL
328,3,1,SGSGTDFTFTISSLQ
329,3,1,GSGTDFTFTISSLQP
330,3,1,SGTDFTFTISSLQPE
331,3,1,GTDFTFTISSLQPED
332,3,1,TDFTFTISSLQPEDI
333,3,1,DFTFTISSLQPEDIA
334,3,1,FTFTISSLQPEDIAT
335,3,1,TFTISSLQPEDIATY
336,3,1,FTISSLQPEDIATYF
337,3,1,TISSLQPEDIATYFC
338,3,1,ISSLQPEDIATYFCQ
339,3,1,SSLQPEDIATYFCQQ
340,3,1,SLQPEDIATYFCQQH
341,3,1,LQPEDIATYFCQQHW
342,3,1,QPEDIATYFCQQHWS
343,3,1,PEDIATYFCQQHWSY
344,3,1,EDIATYFCQQHWSYP
345,3,1,DIATYFCQQHWSYPL
346,3,1,IATYFCQQHWSYPLT
347,3,1,ATYFCQQHWSYPLTF
348,3,1,TYFCQQHWSYPLTFG
349,3,1,YFCQQHWSYPLTFGQ
350,3,1,FCQQHWSYPLTFGQG
351,3,1,CQQHWSYPLTFGQGT
352,3,1,QQHWSYPLTFGQGTK
353,3,1,QHWSYPLTFGQGTKV
354,3,1,HWSYPLTFGQGTKVE
355,3,1,WSYPLTFGQGTKVEV
356,3,1,SYPLTFGQGTKVEVK
357,3,1,YPLTFGQGTKVEVKR
358,4,2,MNFGLSLVFLVLILK
359,4,2,NFGLSLVFLVLILKG
360,4,2,FGLSLVFLVLILKGV
361,4,2,GLSLVFLVLILKGVO
362,4,2,LSLVFLVLILKGVOC
363,4,2,SLVFLVLILKGVOCE
364,4,2,LVFLVLILKGVOCEV
365,4,2,VFLVLILKGVOCEVQ
366,4,2,FLVLILKGVOCEVQL
367,4,2,LVLILKGVOCEVQLL
368,4,2,VLILKGVOCEVQLLE
369,4,2,LILKGVOCEVQLLES
370,4,2,ILKGVOCEVQLLESG
371,4,2,LKGVOCEVQLLESGG
372,4,2,KGVOCEVQLLESGGG
373,4,2,GVOCEVQLLESGGGL
374,4,2,VOCEVQLLESGGGLV
375,4,2,OCEVQLLESGGGLVQ
376,4,2,CEVQLLESGGGLVQP
377,4,2,EVQLLESGGGLVQPG
378,4,2,VQLLESGGGLVQPGG
379,4,2,QLLESGGGLVQPGGS
380,4,2,LLESGGGLVQPGGSL
381,4,2,LESGGGLVQPGGSLR
382,4,2,ESGGGLVQPGGSLRL
383,4,2,SGGGLVQPGGSLRLS
384,4,2,GGGLVQPGGSLRLSC
385,4,2,GGLVQPGGSLRLSCA
386,4,2,GLVQPGGSLRLSCAA
387,4,2,LVQPGGSLRLSCAAS
388,4,2,VQPGGSLRLSCAASG
389,4,2,QPGGSLRLSCAASGF
390,4,2,PGGSLRLSCAASGFA
391,4,2,GGSLRLSCAASGFAF
392,4,2,GSLRLSCAASGFAFS
393,4,2,SLRLSCAASGFAFST
394,4,2,LRLSCAASGFAFSTY
395,4,2,RLSCAASGFAFSTYD
396,4,2,LSCAASGFAFSTYDM
397,4,2,SCAASGFAFSTYDMS
398,4,2,CAASGFAFSTYDMSW
399,4,2,AASGFAFSTYDMSWV
400,4,2,ASGFAFSTYDMSWVR
401,4,2,SGFAFSTYDMSWVRQ
402,4,2,GFAFSTYDMSWVRQA
403,4,2,FAFSTYDMSWVRQAP
404,4,2,AFSTYDMSWVRQAPG
405,4,2,FSTYDMSWVRQAPGK
406,4,2,STYDMSWVRQAPGKG
407,4,2,TYDMSWVRQAPGKGL
408,4,2,YDMSWVRQAPGKGLE
409,4,2,DMSWVRQAPGKGLEW
410,4,2,MSWVRQAPGKGLEWV
411,4,2,SWVRQAPGKGLEWVA
412,4,2,WVRQAPGKGLEWVAT
413,4,2,VRQAPGKGLEWVATI
414,4,2,RQAPGKGLEWVATIS
415,4,2,QAPGKGLEWVATISS
416,4,2,APGKGLEWVATISSG
417,4,2,PGKGLEWVATISSGG
418,4,2,GKGLEWVATISSGGS
419,4,2,KGLEWVATISSGGSY
420,4,2,GLEWVATISSGGSYT
421,4,2,LEWVATISSGGSYTY
422,4,2,EWVATISSGGSYTYY
423,4,2,WVATISSGGSYTYYL
424,4,2,VATISSGGSYTYYLD
425,4,2,ATISSGGSYTYYLDS
426,4,2,TISSGGSYTYYLDSV
427,4,2,ISSGGSYTYYLDSVK
428,4,2,SSGGSYTYYLDSVKG
429,4,2,SGGSYTYYLDSVKGR
430,4,2,GGSYTYYLDSVKGRF
431,4,2,GSYTYYLDSVKGRFT
432,4,2,SYTYYLDSVKGRFTI
433,4,2,YTYYLDSVKGRFTIS
434,4,2,TYYLDSVKGRFTISR
435,4,2,YYLDSVKGRFTISRD
436,4,2,YLDSVKGRFTISRDS
437,4,2,LDSVKGRFTISRDSK
438,4,2,DSVKGRFTISRDSKN
439,4,2,SVKGRFTISRDSKNT
440,4,2,VKGRFTISRDSKNTL
441,4,2,KGRFTISRDSKNTLY
442,4,2,GRFTISRDSKNTLYL
443,4,2,RFTISRDSKNTLYLQ
444,4,2,FTISRDSKNTLYLQM
445,4,2,TISRDSKNTLYLQMN
446,4,2,ISRDSKNTLYLQMNS
447,4,2,SRDSKNTLYLQMNSL
448,4,2,RDSKNTLYLQMNSLQ
449,4,2,DSKNTLYLQMNSLQA
450,4,2,SKNTLYLQMNSLQAE
451,4,2,KNTLYLQMNSLQAED
452,4,2,NTLYLQMNSLQAEDS
453,4,2,TLYLQMNSLQAEDSA
454,4,2,LYLQMNSLQAEDSAI
455,4,2,YLQMNSLQAEDSAIY
456,4,2,LQMNSLQAEDSAIYY
457,4,2,QMNSLQAEDSAIYYC
458,4,2,MNSLQAEDSAIYYCA
459,4,2,NSLQAEDSAIYYCAP
460,4,2,SLQAEDSAIYYCAPT
461,4,2,LQAEDSAIYYCAPTT
462,4,2,QAEDSAIYYCAPTTV
463,4,2,AEDSAIYYCAPTTVV
464,4,2,EDSAIYYCAPTTVVP
465,4,2,DSAIYYCAPTTVVPF
466,4,2,SAIYYCAPTTVVPFA
467,4,2,AIYYCAPTTVVPFAY
468,4,2,IYYCAPTTVVPFAYW
469,4,2,YYCAPTTVVPFAYWG
470,4,2,YCAPTTVVPFAYWGQ
471,4,2,CAPTTVVPFAYWGQG
472,4,2,APTTVVPFAYWGQGT
473,4,2,PTTVVPFAYWGQGTL
474,4,2,TTVVPFAYWGQGTLV
475,4,2,TVVPFAYWGQGTLVT
476,4,2,VVPFAYWGQGTLVTV
477,4,2,VPFAYWGQGTLVTVS
478,4,2,PFAYWGQGTLVTVSS
