Index,ChainNum,ChainID,xmers
1,1,1,EVQLVESGGGLVQPG
2,1,1,VQLVESGGGLVQPGG
3,1,1,QLVESGGGLVQPGGS
4,1,1,LVESGGGLVQPGGSL
5,1,1,VESGGGLVQPGGSLR
6,1,1,ESGGGLVQPGGSLRL
7,1,1,SGGGLVQPGGSLRLS
8,1,1,GGGLVQPGGSLRLSC
9,1,1,GGLVQPGGSLRLSCA
10,1,1,GLVQPGGSLRLSCAA
11,1,1,LVQPGGSLRLSCAAS
12,1,1,VQPGGSLRLSCAASG
13,1,1,QPGGSLRLSCAASGF
14,1,1,PGGSLRLSCAASGFT
15,1,1,GGSLRLSCAASGFTF
16,1,1,GSLRLSCAASGFTFS
17,1,1,SLRLSCAASGFTFSN
18,1,1,LRLSCAASGFTFSNY
19,1,1,RLSCAASGFTFSNYW
20,1,1,LSCAASGFTFSNYWM
21,1,1,SCAASGFTFSNYWMN
22,1,1,CAASGFTFSNYWMNW
23,1,1,AASGFTFSNYWMNWV
24,1,1,ASGFTFSNYWMNWVR
25,1,1,SGFTFSNYWMNWVRQ
26,1,1,GFTFSNYWMNWVRQA
27,1,1,FTFSNYWMNWVRQAP
28,1,1,TFSNYWMNWVRQAPG
29,1,1,FSNYWMNWVRQAPGK
30,1,1,SNYWMNWVRQAPGKG
31,1,1,NYWMNWVRQAPGKGL
32,1,1,YWMNWVRQAPGKGLE
33,1,1,WMNWVRQAPGKGLEW
34,1,1,MNWVRQAPGKGLEWV
35,1,1,NWVRQAPGKGLEWVA
36,1,1,WVRQAPGKGLEWVAA
37,1,1,VRQAPGKGLEWVAAI
38,1,1,RQAPGKGLEWVAAIN
39,1,1,QAPGKGLEWVAAINQ
40,1,1,APGKGLEWVAAINQD
41,1,1,PGKGLEWVAAINQDG
42,1,1,GKGLEWVAAINQDGS
43,1,1,KGLEWVAAINQDGSE
44,1,1,GLEWVAAINQDGSEK
45,1,1,LEWVAAINQDGSEKY
46,1,1,EWVAAINQDGSEKYY
47,1,1,WVAAINQDGSEKYYV
48,1,1,VAAINQDGSEKYYVG
49,1,1,AAINQDGSEKYYVGS
50,1,1,AINQDGSEKYYVGSV
51,1,1,INQDGSEKYYVGSVK
52,1,1,NQDGSEKYYVGSVKG
53,1,1,QDGSEKYYVGSVKGR
54,1,1,DGSEKYYVGSVKGRF
55,1,1,GSEKYYVGSVKGRFT
56,1,1,SEKYYVGSVKGRFTI
57,1,1,EKYYVGSVKGRFTIS
58,1,1,KYYVGSVKGRFTISR
59,1,1,YYVGSVKGRFTISRD
60,1,1,YVGSVKGRFTISRDN
61,1,1,VGSVKGRFTISRDNA
62,1,1,GSVKGRFTISRDNAK
63,1,1,SVKGRFTISRDNAKN
64,1,1,VKGRFTISRDNAKNS
65,1,1,KGRFTISRDNAKNSL
66,1,1,GRFTISRDNAKNSLY
67,1,1,RFTISRDNAKNSLYL
68,1,1,FTISRDNAKNSLYLQ
69,1,1,TISRDNAKNSLYLQM
70,1,1,ISRDNAKNSLYLQMN
71,1,1,SRDNAKNSLYLQMNS
72,1,1,RDNAKNSLYLQMNSL
73,1,1,DNAKNSLYLQMNSLR
74,1,1,NAKNSLYLQMNSLRV
75,1,1,AKNSLYLQMNSLRVE
76,1,1,KNSLYLQMNSLRVED
77,1,1,NSLYLQMNSLRVEDT
78,1,1,SLYLQMNSLRVEDTA
79,1,1,LYLQMNSLRVEDTAV
80,1,1,YLQMNSLRVEDTAVY
81,1,1,LQMNSLRVEDTAVYY
82,1,1,QMNSLRVEDTAVYYC
83,1,1,MNSLRVEDTAVYYCV
84,1,1,NSLRVEDTAVYYCVR
85,1,1,SLRVEDTAVYYCVRD
86,1,1,LRVEDTAVYYCVRDY
87,1,1,RVEDTAVYYCVRDYY
88,1,1,VEDTAVYYCVRDYYD
89,1,1,EDTAVYYCVRDYYDI
90,1,1,DTAVYYCVRDYYDIL
91,1,1,TAVYYCVRDYYDILT
92,1,1,AVYYCVRDYYDILTD
93,1,1,VYYCVRDYYDILTDY
94,1,1,YYCVRDYYDILTDYY
95,1,1,YCVRDYYDILTDYYI
96,1,1,CVRDYYDILTDYYIH
97,1,1,VRDYYDILTDYYIHY
98,1,1,RDYYDILTDYYIHYW
99,1,1,DYYDILTDYYIHYWY
100,1,1,YYDILTDYYIHYWYF
101,1,1,YDILTDYYIHYWYFD
102,1,1,DILTDYYIHYWYFDL
103,1,1,ILTDYYIHYWYFDLW
104,1,1,LTDYYIHYWYFDLWG
105,1,1,TDYYIHYWYFDLWGR
106,1,1,DYYIHYWYFDLWGRG
107,1,1,YYIHYWYFDLWGRGT
108,1,1,YIHYWYFDLWGRGTL
109,1,1,IHYWYFDLWGRGTLV
110,1,1,HYWYFDLWGRGTLVT
111,1,1,YWYFDLWGRGTLVTV
112,1,1,WYFDLWGRGTLVTVS
113,1,1,YFDLWGRGTLVTVSS
114,1,1,FDLWGRGTLVTVSSA
115,1,1,DLWGRGTLVTVSSAS
116,1,1,LWGRGTLVTVSSAST
117,1,1,WGRGTLVTVSSASTK
118,1,1,GRGTLVTVSSASTKG
119,1,1,RGTLVTVSSASTKGP
120,1,1,GTLVTVSSASTKGPS
121,1,1,TLVTVSSASTKGPSV
122,1,1,LVTVSSASTKGPSVF
123,1,1,VTVSSASTKGPSVFP
124,1,1,TVSSASTKGPSVFPL
125,1,1,VSSASTKGPSVFPLA
126,1,1,SSASTKGPSVFPLAP
127,1,1,SASTKGPSVFPLAPS
128,1,1,ASTKGPSVFPLAPSS
129,1,1,STKGPSVFPLAPSSK
130,1,1,TKGPSVFPLAPSSKS
131,1,1,KGPSVFPLAPSSKST
132,1,1,GPSVFPLAPSSKSTS
133,1,1,PSVFPLAPSSKSTSG
134,1,1,SVFPLAPSSKSTSGG
135,1,1,VFPLAPSSKSTSGGT
136,1,1,FPLAPSSKSTSGGTA
137,1,1,PLAPSSKSTSGGTAA
138,1,1,LAPSSKSTSGGTAAL
139,1,1,APSSKSTSGGTAALG
140,1,1,PSSKSTSGGTAALGC
141,1,1,SSKSTSGGTAALGCL
142,1,1,SKSTSGGTAALGCLV
143,1,1,KSTSGGTAALGCLVK
144,1,1,STSGGTAALGCLVKD
145,1,1,TSGGTAALGCLVKDY
146,1,1,SGGTAALGCLVKDYF
147,1,1,GGTAALGCLVKDYFP
148,1,1,GTAALGCLVKDYFPE
149,1,1,TAALGCLVKDYFPEP
150,1,1,AALGCLVKDYFPEPV
151,1,1,ALGCLVKDYFPEPVT
152,1,1,LGCLVKDYFPEPVTV
153,1,1,GCLVKDYFPEPVTVS
154,1,1,CLVKDYFPEPVTVSW
155,1,1,LVKDYFPEPVTVSWN
156,1,1,VKDYFPEPVTVSWNS
157,1,1,KDYFPEPVTVSWNSG
158,1,1,DYFPEPVTVSWNSGA
159,1,1,YFPEPVTVSWNSGAL
160,1,1,FPEPVTVSWNSGALT
161,1,1,PEPVTVSWNSGALTS
162,1,1,EPVTVSWNSGALTSG
163,1,1,PVTVSWNSGALTSGV
164,1,1,VTVSWNSGALTSGVH
165,1,1,TVSWNSGALTSGVHT
166,1,1,VSWNSGALTSGVHTF
167,1,1,SWNSGALTSGVHTFP
168,1,1,WNSGALTSGVHTFPA
169,1,1,NSGALTSGVHTFPAV
170,1,1,SGALTSGVHTFPAVL
171,1,1,GALTSGVHTFPAVLQ
172,1,1,ALTSGVHTFPAVLQS
173,1,1,LTSGVHTFPAVLQSS
174,1,1,TSGVHTFPAVLQSSG
175,1,1,SGVHTFPAVLQSSGL
176,1,1,GVHTFPAVLQSSGLY
177,1,1,VHTFPAVLQSSGLYS
178,1,1,HTFPAVLQSSGLYSL
179,1,1,TFPAVLQSSGLYSLS
180,1,1,FPAVLQSSGLYSLSS
181,1,1,PAVLQSSGLYSLSSV
182,1,1,AVLQSSGLYSLSSVV
183,1,1,VLQSSGLYSLSSVVT
184,1,1,LQSSGLYSLSSVVTV
185,1,1,QSSGLYSLSSVVTVP
186,1,1,SSGLYSLSSVVTVPS
187,1,1,SGLYSLSSVVTVPSS
188,1,1,GLYSLSSVVTVPSSS
189,1,1,LYSLSSVVTVPSSSL
190,1,1,YSLSSVVTVPSSSLG
191,1,1,SLSSVVTVPSSSLGT
192,1,1,LSSVVTVPSSSLGTQ
193,1,1,SSVVTVPSSSLGTQT
194,1,1,SVVTVPSSSLGTQTY
195,1,1,VVTVPSSSLGTQTYI
196,1,1,VTVPSSSLGTQTYIC
197,1,1,TVPSSSLGTQTYICN
198,1,1,VPSSSLGTQTYICNV
199,1,1,PSSSLGTQTYICNVN
200,1,1,SSSLGTQTYICNVNH
201,1,1,SSLGTQTYICNVNHK
202,1,1,SLGTQTYICNVNHKP
203,1,1,LGTQTYICNVNHKPS
204,1,1,GTQTYICNVNHKPSN
205,1,1,TQTYICNVNHKPSNT
206,1,1,QTYICNVNHKPSNTK
207,1,1,TYICNVNHKPSNTKV
208,1,1,YICNVNHKPSNTKVD
209,1,1,ICNVNHKPSNTKVDK
210,1,1,CNVNHKPSNTKVDKR
211,1,1,NVNHKPSNTKVDKRV
212,1,1,VNHKPSNTKVDKRVE
213,1,1,NHKPSNTKVDKRVEP
214,1,1,HKPSNTKVDKRVEPK
215,1,1,KPSNTKVDKRVEPKS
216,1,1,PSNTKVDKRVEPKSC
217,1,1,SNTKVDKRVEPKSCD
218,1,1,NTKVDKRVEPKSCDK
219,1,1,TKVDKRVEPKSCDKT
220,1,1,KVDKRVEPKSCDKTH
221,1,1,VDKRVEPKSCDKTHT
222,1,1,DKRVEPKSCDKTHTC
223,1,1,KRVEPKSCDKTHTCP
224,1,1,RVEPKSCDKTHTCPP
225,1,1,VEPKSCDKTHTCPPC
226,1,1,EPKSCDKTHTCPPCP
227,1,1,PKSCDKTHTCPPCPA
228,1,1,KSCDKTHTCPPCPAP
229,1,1,SCDKTHTCPPCPAPE
230,1,1,CDKTHTCPPCPAPEL
231,1,1,DKTHTCPPCPAPELL
232,1,1,KTHTCPPCPAPELLG
233,1,1,THTCPPCPAPELLGG
234,1,1,HTCPPCPAPELLGGP
235,1,1,TCPPCPAPELLGGPS
236,1,1,CPPCPAPELLGGPSV
237,1,1,PPCPAPELLGGPSVF
238,1,1,PCPAPELLGGPSVFL
239,1,1,CPAPELLGGPSVFLF
240,1,1,PAPELLGGPSVFLFP
241,1,1,APELLGGPSVFLFPP
242,1,1,PELLGGPSVFLFPPK
243,1,1,ELLGGPSVFLFPPKP
244,1,1,LLGGPSVFLFPPKPK
245,1,1,LGGPSVFLFPPKPKD
246,1,1,GGPSVFLFPPKPKDT
247,1,1,GPSVFLFPPKPKDTL
248,1,1,PSVFLFPPKPKDTLM
249,1,1,SVFLFPPKPKDTLMI
250,1,1,VFLFPPKPKDTLMIS
251,1,1,FLFPPKPKDTLMISR
252,1,1,LFPPKPKDTLMISRT
253,1,1,FPPKPKDTLMISRTP
254,1,1,PPKPKDTLMISRTPE
255,1,1,PKPKDTLMISRTPEV
256,1,1,KPKDTLMISRTPEVT
257,1,1,PKDTLMISRTPEVTC
258,1,1,KDTLMISRTPEVTCV
259,1,1,DTLMISRTPEVTCVV
260,1,1,TLMISRTPEVTCVVV
261,1,1,LMISRTPEVTCVVVD
262,1,1,MISRTPEVTCVVVDV
263,1,1,ISRTPEVTCVVVDVS
264,1,1,SRTPEVTCVVVDVSH
265,1,1,RTPEVTCVVVDVSHE
266,1,1,TPEVTCVVVDVSHED
267,1,1,PEVTCVVVDVSHEDP
268,1,1,EVTCVVVDVSHEDPE
269,1,1,VTCVVVDVSHEDPEV
270,1,1,TCVVVDVSHEDPEVK
271,1,1,CVVVDVSHEDPEVKF
272,1,1,VVVDVSHEDPEVKFN
273,1,1,VVDVSHEDPEVKFNW
274,1,1,VDVSHEDPEVKFNWY
275,1,1,DVSHEDPEVKFNWYV
276,1,1,VSHEDPEVKFNWYVD
277,1,1,SHEDPEVKFNWYVDG
278,1,1,HEDPEVKFNWYVDGV
279,1,1,EDPEVKFNWYVDGVE
280,1,1,DPEVKFNWYVDGVEV
281,1,1,PEVKFNWYVDGVEVH
282,1,1,EVKFNWYVDGVEVHN
283,1,1,VKFNWYVDGVEVHNA
284,1,1,KFNWYVDGVEVHNAK
285,1,1,FNWYVDGVEVHNAKT
286,1,1,NWYVDGVEVHNAKTK
287,1,1,WYVDGVEVHNAKTKP
288,1,1,YVDGVEVHNAKTKPR
289,1,1,VDGVEVHNAKTKPRE
290,1,1,DGVEVHNAKTKPREE
291,1,1,GVEVHNAKTKPREEQ
292,1,1,VEVHNAKTKPREEQY
293,1,1,EVHNAKTKPREEQYN
294,1,1,VHNAKTKPREEQYNS
295,1,1,HNAKTKPREEQYNST
296,1,1,NAKTKPREEQYNSTY
297,1,1,AKTKPREEQYNSTYR
298,1,1,KTKPREEQYNSTYRV
299,1,1,TKPREEQYNSTYRVV
300,1,1,KPREEQYNSTYRVVS
301,1,1,PREEQYNSTYRVVSV
302,1,1,REEQYNSTYRVVSVL
303,1,1,EEQYNSTYRVVSVLT
304,1,1,EQYNSTYRVVSVLTV
305,1,1,QYNSTYRVVSVLTVL
306,1,1,YNSTYRVVSVLTVLH
307,1,1,NSTYRVVSVLTVLHQ
308,1,1,STYRVVSVLTVLHQD
309,1,1,TYRVVSVLTVLHQDW
310,1,1,YRVVSVLTVLHQDWL
311,1,1,RVVSVLTVLHQDWLN
312,1,1,VVSVLTVLHQDWLNG
313,1,1,VSVLTVLHQDWLNGK
314,1,1,SVLTVLHQDWLNGKE
315,1,1,VLTVLHQDWLNGKEY
316,1,1,LTVLHQDWLNGKEYK
317,1,1,TVLHQDWLNGKEYKC
318,1,1,VLHQDWLNGKEYKCK
319,1,1,LHQDWLNGKEYKCKV
320,1,1,HQDWLNGKEYKCKVS
321,1,1,QDWLNGKEYKCKVSN
322,1,1,DWLNGKEYKCKVSNK
323,1,1,WLNGKEYKCKVSNKA
324,1,1,LNGKEYKCKVSNKAL
325,1,1,NGKEYKCKVSNKALP
326,1,1,GKEYKCKVSNKALPA
327,1,1,KEYKCKVSNKALPAP
328,1,1,EYKCKVSNKALPAPI
329,1,1,YKCKVSNKALPAPIE
330,1,1,KCKVSNKALPAPIEK
331,1,1,CKVSNKALPAPIEKT
332,1,1,KVSNKALPAPIEKTI
333,1,1,VSNKALPAPIEKTIS
334,1,1,SNKALPAPIEKTISK
335,1,1,NKALPAPIEKTISKA
336,1,1,KALPAPIEKTISKAK
337,1,1,ALPAPIEKTISKAKG
338,1,1,LPAPIEKTISKAKGQ
339,1,1,PAPIEKTISKAKGQP
340,1,1,APIEKTISKAKGQPR
341,1,1,PIEKTISKAKGQPRE
342,1,1,IEKTISKAKGQPREP
343,1,1,EKTISKAKGQPREPQ
344,1,1,KTISKAKGQPREPQV
345,1,1,TISKAKGQPREPQVY
346,1,1,ISKAKGQPREPQVYT
347,1,1,SKAKGQPREPQVYTL
348,1,1,KAKGQPREPQVYTLP
349,1,1,AKGQPREPQVYTLPP
350,1,1,KGQPREPQVYTLPPS
351,1,1,GQPREPQVYTLPPSR
352,1,1,QPREPQVYTLPPSRE
353,1,1,PREPQVYTLPPSREE
354,1,1,REPQVYTLPPSREEM
355,1,1,EPQVYTLPPSREEMT
356,1,1,PQVYTLPPSREEMTK
357,1,1,QVYTLPPSREEMTKN
358,1,1,VYTLPPSREEMTKNQ
359,1,1,YTLPPSREEMTKNQV
360,1,1,TLPPSREEMTKNQVS
361,1,1,LPPSREEMTKNQVSL
362,1,1,PPSREEMTKNQVSLT
363,1,1,PSREEMTKNQVSLTC
364,1,1,SREEMTKNQVSLTCL
365,1,1,REEMTKNQVSLTCLV
366,1,1,EEMTKNQVSLTCLVK
367,1,1,EMTKNQVSLTCLVKG
368,1,1,MTKNQVSLTCLVKGF
369,1,1,TKNQVSLTCLVKGFY
370,1,1,KNQVSLTCLVKGFYP
371,1,1,NQVSLTCLVKGFYPS
372,1,1,QVSLTCLVKGFYPSD
373,1,1,VSLTCLVKGFYPSDI
374,1,1,SLTCLVKGFYPSDIA
375,1,1,LTCLVKGFYPSDIAV
376,1,1,TCLVKGFYPSDIAVE
377,1,1,CLVKGFYPSDIAVEW
378,1,1,LVKGFYPSDIAVEWE
379,1,1,VKGFYPSDIAVEWES
380,1,1,KGFYPSDIAVEWESN
381,1,1,GFYPSDIAVEWESNG
382,1,1,FYPSDIAVEWESNGQ
383,1,1,YPSDIAVEWESNGQP
384,1,1,PSDIAVEWESNGQPE
385,1,1,SDIAVEWESNGQPEN
386,1,1,DIAVEWESNGQPENN
387,1,1,IAVEWESNGQPENNY
388,1,1,AVEWESNGQPENNYK
389,1,1,VEWESNGQPENNYKT
390,1,1,EWESNGQPENNYKTT
391,1,1,WESNGQPENNYKTTP
392,1,1,ESNGQPENNYKTTPP
393,1,1,SNGQPENNYKTTPPV
394,1,1,NGQPENNYKTTPPVL
395,1,1,GQPENNYKTTPPVLD
396,1,1,QPENNYKTTPPVLDS
397,1,1,PENNYKTTPPVLDSD
398,1,1,ENNYKTTPPVLDSDG
399,1,1,NNYKTTPPVLDSDGS
400,1,1,NYKTTPPVLDSDGSF
401,1,1,YKTTPPVLDSDGSFF
402,1,1,KTTPPVLDSDGSFFL
403,1,1,TTPPVLDSDGSFFLY
404,1,1,TPPVLDSDGSFFLYS
405,1,1,PPVLDSDGSFFLYSK
406,1,1,PVLDSDGSFFLYSKL
407,1,1,VLDSDGSFFLYSKLT
408,1,1,LDSDGSFFLYSKLTV
409,1,1,DSDGSFFLYSKLTVD
410,1,1,SDGSFFLYSKLTVDK
411,1,1,DGSFFLYSKLTVDKS
412,1,1,GSFFLYSKLTVDKSR
413,1,1,SFFLYSKLTVDKSRW
414,1,1,FFLYSKLTVDKSRWQ
415,1,1,FLYSKLTVDKSRWQQ
416,1,1,LYSKLTVDKSRWQQG
417,1,1,YSKLTVDKSRWQQGN
418,1,1,SKLTVDKSRWQQGNV
419,1,1,KLTVDKSRWQQGNVF
420,1,1,LTVDKSRWQQGNVFS
421,1,1,TVDKSRWQQGNVFSC
422,1,1,VDKSRWQQGNVFSCS
423,1,1,DKSRWQQGNVFSCSV
424,1,1,KSRWQQGNVFSCSVM
425,1,1,SRWQQGNVFSCSVMH
426,1,1,RWQQGNVFSCSVMHE
427,1,1,WQQGNVFSCSVMHEA
428,1,1,QQGNVFSCSVMHEAL
429,1,1,QGNVFSCSVMHEALH
430,1,1,GNVFSCSVMHEALHN
431,1,1,NVFSCSVMHEALHNH
432,1,1,VFSCSVMHEALHNHY
433,1,1,FSCSVMHEALHNHYT
434,1,1,SCSVMHEALHNHYTQ
435,1,1,CSVMHEALHNHYTQK
436,1,1,SVMHEALHNHYTQKS
437,1,1,VMHEALHNHYTQKSL
438,1,1,MHEALHNHYTQKSLS
439,1,1,HEALHNHYTQKSLSL
440,1,1,EALHNHYTQKSLSLS
441,1,1,ALHNHYTQKSLSLSP
442,1,1,LHNHYTQKSLSLSPG
443,1,1,HNHYTQKSLSLSPGK
444,2,2,EIVLTQSPGTLSLSP
445,2,2,IVLTQSPGTLSLSPG
446,2,2,VLTQSPGTLSLSPGE
447,2,2,LTQSPGTLSLSPGER
448,2,2,TQSPGTLSLSPGERA
449,2,2,QSPGTLSLSPGERAT
450,2,2,SPGTLSLSPGERATL
451,2,2,PGTLSLSPGERATLS
452,2,2,GTLSLSPGERATLSC
453,2,2,TLSLSPGERATLSCR
454,2,2,LSLSPGERATLSCRA
455,2,2,SLSPGERATLSCRAS
456,2,2,LSPGERATLSCRASQ
457,2,2,SPGERATLSCRASQS
458,2,2,PGERATLSCRASQSV
459,2,2,GERATLSCRASQSVS
460,2,2,ERATLSCRASQSVSS
461,2,2,RATLSCRASQSVSSS
462,2,2,ATLSCRASQSVSSSY
463,2,2,TLSCRASQSVSSSYL
464,2,2,LSCRASQSVSSSYLA
465,2,2,SCRASQSVSSSYLAW
466,2,2,CRASQSVSSSYLAWY
467,2,2,RASQSVSSSYLAWYQ
468,2,2,ASQSVSSSYLAWYQQ
469,2,2,SQSVSSSYLAWYQQK
470,2,2,QSVSSSYLAWYQQKP
471,2,2,SVSSSYLAWYQQKPG
472,2,2,VSSSYLAWYQQKPGQ
473,2,2,SSSYLAWYQQKPGQA
474,2,2,SSYLAWYQQKPGQAP
475,2,2,SYLAWYQQKPGQAPR
476,2,2,YLAWYQQKPGQAPRL
477,2,2,LAWYQQKPGQAPRLL
478,2,2,AWYQQKPGQAPRLLI
479,2,2,WYQQKPGQAPRLLIY
480,2,2,YQQKPGQAPRLLIYG
481,2,2,QQKPGQAPRLLIYGA
482,2,2,QKPGQAPRLLIYGAS
483,2,2,KPGQAPRLLIYGASS
484,2,2,PGQAPRLLIYGASSR
485,2,2,GQAPRLLIYGASSRA
486,2,2,QAPRLLIYGASSRAT
487,2,2,APRLLIYGASSRATG
488,2,2,PRLLIYGASSRATGI
489,2,2,RLLIYGASSRATGIP
490,2,2,LLIYGASSRATGIPD
491,2,2,LIYGASSRATGIPDR
492,2,2,IYGASSRATGIPDRF
493,2,2,YGASSRATGIPDRFS
494,2,2,GASSRATGIPDRFSG
495,2,2,ASSRATGIPDRFSGS
496,2,2,SSRATGIPDRFSGSG
497,2,2,SRATGIPDRFSGSGS
498,2,2,RATGIPDRFSGSGSG
499,2,2,ATGIPDRFSGSGSGT
500,2,2,TGIPDRFSGSGSGTD
501,2,2,GIPDRFSGSGSGTDF
502,2,2,IPDRFSGSGSGTDFT
503,2,2,PDRFSGSGSGTDFTL
504,2,2,DRFSGSGSGTDFTLT
505,2,2,RFSGSGSGTDFTLTI
506,2,2,FSGSGSGTDFTLTIS
507,2,2,SGSGSGTDFTLTISR
508,2,2,GSGSGTDFTLTISRL
509,2,2,SGSGTDFTLTISRLE
510,2,2,GSGTDFTLTISRLEP
511,2,2,SGTDFTLTISRLEPE
512,2,2,GTDFTLTISRLEPED
513,2,2,TDFTLTISRLEPEDF
514,2,2,DFTLTISRLEPEDFA
515,2,2,FTLTISRLEPEDFAV
516,2,2,TLTISRLEPEDFAVY
517,2,2,LTISRLEPEDFAVYY
518,2,2,TISRLEPEDFAVYYC
519,2,2,ISRLEPEDFAVYYCQ
520,2,2,SRLEPEDFAVYYCQQ
521,2,2,RLEPEDFAVYYCQQY
522,2,2,LEPEDFAVYYCQQYG
523,2,2,EPEDFAVYYCQQYGS
524,2,2,PEDFAVYYCQQYGSS
525,2,2,EDFAVYYCQQYGSSP
526,2,2,DFAVYYCQQYGSSPC
527,2,2,FAVYYCQQYGSSPCT
528,2,2,AVYYCQQYGSSPCTF
529,2,2,VYYCQQYGSSPCTFG
530,2,2,YYCQQYGSSPCTFGQ
531,2,2,YCQQYGSSPCTFGQG
532,2,2,CQQYGSSPCTFGQGT
533,2,2,QQYGSSPCTFGQGTR
534,2,2,QYGSSPCTFGQGTRL
535,2,2,YGSSPCTFGQGTRLE
536,2,2,GSSPCTFGQGTRLEI
537,2,2,SSPCTFGQGTRLEIK
538,2,2,SPCTFGQGTRLEIKR
539,2,2,PCTFGQGTRLEIKRT
540,2,2,CTFGQGTRLEIKRTV
541,2,2,TFGQGTRLEIKRTVA
542,2,2,FGQGTRLEIKRTVAA
543,2,2,GQGTRLEIKRTVAAP
544,2,2,QGTRLEIKRTVAAPS
545,2,2,GTRLEIKRTVAAPSV
546,2,2,TRLEIKRTVAAPSVF
547,2,2,RLEIKRTVAAPSVFI
548,2,2,LEIKRTVAAPSVFIF
549,2,2,EIKRTVAAPSVFIFP
550,2,2,IKRTVAAPSVFIFPP
551,2,2,KRTVAAPSVFIFPPS
552,2,2,RTVAAPSVFIFPPSD
553,2,2,TVAAPSVFIFPPSDE
554,2,2,VAAPSVFIFPPSDEQ
555,2,2,AAPSVFIFPPSDEQL
556,2,2,APSVFIFPPSDEQLK
557,2,2,PSVFIFPPSDEQLKS
558,2,2,SVFIFPPSDEQLKSG
559,2,2,VFIFPPSDEQLKSGT
560,2,2,FIFPPSDEQLKSGTA
561,2,2,IFPPSDEQLKSGTAS
562,2,2,FPPSDEQLKSGTASV
563,2,2,PPSDEQLKSGTASVV
564,2,2,PSDEQLKSGTASVVC
565,2,2,SDEQLKSGTASVVCL
566,2,2,DEQLKSGTASVVCLL
567,2,2,EQLKSGTASVVCLLN
568,2,2,QLKSGTASVVCLLNN
569,2,2,LKSGTASVVCLLNNF
570,2,2,KSGTASVVCLLNNFY
571,2,2,SGTASVVCLLNNFYP
572,2,2,GTASVVCLLNNFYPR
573,2,2,TASVVCLLNNFYPRE
574,2,2,ASVVCLLNNFYPREA
575,2,2,SVVCLLNNFYPREAK
576,2,2,VVCLLNNFYPREAKV
577,2,2,VCLLNNFYPREAKVQ
578,2,2,CLLNNFYPREAKVQW
579,2,2,LLNNFYPREAKVQWK
580,2,2,LNNFYPREAKVQWKV
581,2,2,NNFYPREAKVQWKVD
582,2,2,NFYPREAKVQWKVDN
583,2,2,FYPREAKVQWKVDNA
584,2,2,YPREAKVQWKVDNAL
585,2,2,PREAKVQWKVDNALQ
586,2,2,REAKVQWKVDNALQS
587,2,2,EAKVQWKVDNALQSG
588,2,2,AKVQWKVDNALQSGN
589,2,2,KVQWKVDNALQSGNS
590,2,2,VQWKVDNALQSGNSQ
591,2,2,QWKVDNALQSGNSQE
592,2,2,WKVDNALQSGNSQES
593,2,2,KVDNALQSGNSQESV
594,2,2,VDNALQSGNSQESVT
595,2,2,DNALQSGNSQESVTE
596,2,2,NALQSGNSQESVTEQ
597,2,2,ALQSGNSQESVTEQD
598,2,2,LQSGNSQESVTEQDS
599,2,2,QSGNSQESVTEQDSK
600,2,2,SGNSQESVTEQDSKD
601,2,2,GNSQESVTEQDSKDS
602,2,2,NSQESVTEQDSKDST
603,2,2,SQESVTEQDSKDSTY
604,2,2,QESVTEQDSKDSTYS
605,2,2,ESVTEQDSKDSTYSL
606,2,2,SVTEQDSKDSTYSLS
607,2,2,VTEQDSKDSTYSLSS
608,2,2,TEQDSKDSTYSLSST
609,2,2,EQDSKDSTYSLSSTL
610,2,2,QDSKDSTYSLSSTLT
611,2,2,DSKDSTYSLSSTLTL
612,2,2,SKDSTYSLSSTLTLS
613,2,2,KDSTYSLSSTLTLSK
614,2,2,DSTYSLSSTLTLSKA
615,2,2,STYSLSSTLTLSKAD
616,2,2,TYSLSSTLTLSKADY
617,2,2,YSLSSTLTLSKADYE
618,2,2,SLSSTLTLSKADYEK
619,2,2,LSSTLTLSKADYEKH
620,2,2,SSTLTLSKADYEKHK
621,2,2,STLTLSKADYEKHKV
622,2,2,TLTLSKADYEKHKVY
623,2,2,LTLSKADYEKHKVYA
624,2,2,TLSKADYEKHKVYAC
625,2,2,LSKADYEKHKVYACE
626,2,2,SKADYEKHKVYACEV
627,2,2,KADYEKHKVYACEVT
628,2,2,ADYEKHKVYACEVTH
629,2,2,DYEKHKVYACEVTHQ
630,2,2,YEKHKVYACEVTHQG
631,2,2,EKHKVYACEVTHQGL
632,2,2,KHKVYACEVTHQGLS
633,2,2,HKVYACEVTHQGLSS
634,2,2,KVYACEVTHQGLSSP
635,2,2,VYACEVTHQGLSSPV
636,2,2,YACEVTHQGLSSPVT
637,2,2,ACEVTHQGLSSPVTK
638,2,2,CEVTHQGLSSPVTKS
639,2,2,EVTHQGLSSPVTKSF
640,2,2,VTHQGLSSPVTKSFN
641,2,2,THQGLSSPVTKSFNR
642,2,2,HQGLSSPVTKSFNRG
643,2,2,QGLSSPVTKSFNRGE
644,2,2,GLSSPVTKSFNRGEC
645,3,1,EVQLVESGGGLVQPG
646,3,1,VQLVESGGGLVQPGG
647,3,1,QLVESGGGLVQPGGS
648,3,1,LVESGGGLVQPGGSL
649,3,1,VESGGGLVQPGGSLR
650,3,1,ESGGGLVQPGGSLRL
651,3,1,SGGGLVQPGGSLRLS
652,3,1,GGGLVQPGGSLRLSC
653,3,1,GGLVQPGGSLRLSCA
654,3,1,GLVQPGGSLRLSCAA
655,3,1,LVQPGGSLRLSCAAS
656,3,1,VQPGGSLRLSCAASG
657,3,1,QPGGSLRLSCAASGF
658,3,1,PGGSLRLSCAASGFT
659,3,1,GGSLRLSCAASGFTF
660,3,1,GSLRLSCAASGFTFS
661,3,1,SLRLSCAASGFTFSN
662,3,1,LRLSCAASGFTFSNY
663,3,1,RLSCAASGFTFSNYW
664,3,1,LSCAASGFTFSNYWM
665,3,1,SCAASGFTFSNYWMN
666,3,1,CAASGFTFSNYWMNW
667,3,1,AASGFTFSNYWMNWV
668,3,1,ASGFTFSNYWMNWVR
669,3,1,SGFTFSNYWMNWVRQ
670,3,1,GFTFSNYWMNWVRQA
671,3,1,FTFSNYWMNWVRQAP
672,3,1,TFSNYWMNWVRQAPG
673,3,1,FSNYWMNWVRQAPGK
674,3,1,SNYWMNWVRQAPGKG
675,3,1,NYWMNWVRQAPGKGL
676,3,1,YWMNWVRQAPGKGLE
677,3,1,WMNWVRQAPGKGLEW
678,3,1,MNWVRQAPGKGLEWV
679,3,1,NWVRQAPGKGLEWVA
680,3,1,WVRQAPGKGLEWVAA
681,3,1,VRQAPGKGLEWVAAI
682,3,1,RQAPGKGLEWVAAIN
683,3,1,QAPGKGLEWVAAINQ
684,3,1,APGKGLEWVAAINQD
685,3,1,PGKGLEWVAAINQDG
686,3,1,GKGLEWVAAINQDGS
687,3,1,KGLEWVAAINQDGSE
688,3,1,GLEWVAAINQDGSEK
689,3,1,LEWVAAINQDGSEKY
690,3,1,EWVAAINQDGSEKYY
691,3,1,WVAAINQDGSEKYYV
692,3,1,VAAINQDGSEKYYVG
693,3,1,AAINQDGSEKYYVGS
694,3,1,AINQDGSEKYYVGSV
695,3,1,INQDGSEKYYVGSVK
696,3,1,NQDGSEKYYVGSVKG
697,3,1,QDGSEKYYVGSVKGR
698,3,1,DGSEKYYVGSVKGRF
699,3,1,GSEKYYVGSVKGRFT
700,3,1,SEKYYVGSVKGRFTI
701,3,1,EKYYVGSVKGRFTIS
702,3,1,KYYVGSVKGRFTISR
703,3,1,YYVGSVKGRFTISRD
704,3,1,YVGSVKGRFTISRDN
705,3,1,VGSVKGRFTISRDNA
706,3,1,GSVKGRFTISRDNAK
707,3,1,SVKGRFTISRDNAKN
708,3,1,VKGRFTISRDNAKNS
709,3,1,KGRFTISRDNAKNSL
710,3,1,GRFTISRDNAKNSLY
711,3,1,RFTISRDNAKNSLYL
712,3,1,FTISRDNAKNSLYLQ
713,3,1,TISRDNAKNSLYLQM
714,3,1,ISRDNAKNSLYLQMN
715,3,1,SRDNAKNSLYLQMNS
716,3,1,RDNAKNSLYLQMNSL
717,3,1,DNAKNSLYLQMNSLR
718,3,1,NAKNSLYLQMNSLRV
719,3,1,AKNSLYLQMNSLRVE
720,3,1,KNSLYLQMNSLRVED
721,3,1,NSLYLQMNSLRVEDT
722,3,1,SLYLQMNSLRVEDTA
723,3,1,LYLQMNSLRVEDTAV
724,3,1,YLQMNSLRVEDTAVY
725,3,1,LQMNSLRVEDTAVYY
726,3,1,QMNSLRVEDTAVYYC
727,3,1,MNSLRVEDTAVYYCV
728,3,1,NSLRVEDTAVYYCVR
729,3,1,SLRVEDTAVYYCVRD
730,3,1,LRVEDTAVYYCVRDY
731,3,1,RVEDTAVYYCVRDYY
732,3,1,VEDTAVYYCVRDYYD
733,3,1,EDTAVYYCVRDYYDI
734,3,1,DTAVYYCVRDYYDIL
735,3,1,TAVYYCVRDYYDILT
736,3,1,AVYYCVRDYYDILTD
737,3,1,VYYCVRDYYDILTDY
738,3,1,YYCVRDYYDILTDYY
739,3,1,YCVRDYYDILTDYYI
740,3,1,CVRDYYDILTDYYIH
741,3,1,VRDYYDILTDYYIHY
742,3,1,RDYYDILTDYYIHYW
743,3,1,DYYDILTDYYIHYWY
744,3,1,YYDILTDYYIHYWYF
745,3,1,YDILTDYYIHYWYFD
746,3,1,DILTDYYIHYWYFDL
747,3,1,ILTDYYIHYWYFDLW
748,3,1,LTDYYIHYWYFDLWG
749,3,1,TDYYIHYWYFDLWGR
750,3,1,DYYIHYWYFDLWGRG
751,3,1,YYIHYWYFDLWGRGT
752,3,1,YIHYWYFDLWGRGTL
753,3,1,IHYWYFDLWGRGTLV
754,3,1,HYWYFDLWGRGTLVT
755,3,1,YWYFDLWGRGTLVTV
756,3,1,WYFDLWGRGTLVTVS
757,3,1,YFDLWGRGTLVTVSS
758,3,1,FDLWGRGTLVTVSSA
759,3,1,DLWGRGTLVTVSSAS
760,3,1,LWGRGTLVTVSSAST
761,3,1,WGRGTLVTVSSASTK
762,3,1,GRGTLVTVSSASTKG
763,3,1,RGTLVTVSSASTKGP
764,3,1,GTLVTVSSASTKGPS
765,3,1,TLVTVSSASTKGPSV
766,3,1,LVTVSSASTKGPSVF
767,3,1,VTVSSASTKGPSVFP
768,3,1,TVSSASTKGPSVFPL
769,3,1,VSSASTKGPSVFPLA
770,3,1,SSASTKGPSVFPLAP
771,3,1,SASTKGPSVFPLAPS
772,3,1,ASTKGPSVFPLAPSS
773,3,1,STKGPSVFPLAPSSK
774,3,1,TKGPSVFPLAPSSKS
775,3,1,KGPSVFPLAPSSKST
776,3,1,GPSVFPLAPSSKSTS
777,3,1,PSVFPLAPSSKSTSG
778,3,1,SVFPLAPSSKSTSGG
779,3,1,VFPLAPSSKSTSGGT
780,3,1,FPLAPSSKSTSGGTA
781,3,1,PLAPSSKSTSGGTAA
782,3,1,LAPSSKSTSGGTAAL
783,3,1,APSSKSTSGGTAALG
784,3,1,PSSKSTSGGTAALGC
785,3,1,SSKSTSGGTAALGCL
786,3,1,SKSTSGGTAALGCLV
787,3,1,KSTSGGTAALGCLVK
788,3,1,STSGGTAALGCLVKD
789,3,1,TSGGTAALGCLVKDY
790,3,1,SGGTAALGCLVKDYF
791,3,1,GGTAALGCLVKDYFP
792,3,1,GTAALGCLVKDYFPE
793,3,1,TAALGCLVKDYFPEP
794,3,1,AALGCLVKDYFPEPV
795,3,1,ALGCLVKDYFPEPVT
796,3,1,LGCLVKDYFPEPVTV
797,3,1,GCLVKDYFPEPVTVS
798,3,1,CLVKDYFPEPVTVSW
799,3,1,LVKDYFPEPVTVSWN
800,3,1,VKDYFPEPVTVSWNS
801,3,1,KDYFPEPVTVSWNSG
802,3,1,DYFPEPVTVSWNSGA
803,3,1,YFPEPVTVSWNSGAL
804,3,1,FPEPVTVSWNSGALT
805,3,1,PEPVTVSWNSGALTS
806,3,1,EPVTVSWNSGALTSG
807,3,1,PVTVSWNSGALTSGV
808,3,1,VTVSWNSGALTSGVH
809,3,1,TVSWNSGALTSGVHT
810,3,1,VSWNSGALTSGVHTF
811,3,1,SWNSGALTSGVHTFP
812,3,1,WNSGALTSGVHTFPA
813,3,1,NSGALTSGVHTFPAV
814,3,1,SGALTSGVHTFPAVL
815,3,1,GALTSGVHTFPAVLQ
816,3,1,ALTSGVHTFPAVLQS
817,3,1,LTSGVHTFPAVLQSS
818,3,1,TSGVHTFPAVLQSSG
819,3,1,SGVHTFPAVLQSSGL
820,3,1,GVHTFPAVLQSSGLY
821,3,1,VHTFPAVLQSSGLYS
822,3,1,HTFPAVLQSSGLYSL
823,3,1,TFPAVLQSSGLYSLS
824,3,1,FPAVLQSSGLYSLSS
825,3,1,PAVLQSSGLYSLSSV
826,3,1,AVLQSSGLYSLSSVV
827,3,1,VLQSSGLYSLSSVVT
828,3,1,LQSSGLYSLSSVVTV
829,3,1,QSSGLYSLSSVVTVP
830,3,1,SSGLYSLSSVVTVPS
831,3,1,SGLYSLSSVVTVPSS
832,3,1,GLYSLSSVVTVPSSS
833,3,1,LYSLSSVVTVPSSSL
834,3,1,YSLSSVVTVPSSSLG
835,3,1,SLSSVVTVPSSSLGT
836,3,1,LSSVVTVPSSSLGTQ
837,3,1,SSVVTVPSSSLGTQT
838,3,1,SVVTVPSSSLGTQTY
839,3,1,VVTVPSSSLGTQTYI
840,3,1,VTVPSSSLGTQTYIC
841,3,1,TVPSSSLGTQTYICN
842,3,1,VPSSSLGTQTYICNV
843,3,1,PSSSLGTQTYICNVN
844,3,1,SSSLGTQTYICNVNH
845,3,1,SSLGTQTYICNVNHK
846,3,1,SLGTQTYICNVNHKP
847,3,1,LGTQTYICNVNHKPS
848,3,1,GTQTYICNVNHKPSN
849,3,1,TQTYICNVNHKPSNT
850,3,1,QTYICNVNHKPSNTK
851,3,1,TYICNVNHKPSNTKV
852,3,1,YICNVNHKPSNTKVD
853,3,1,ICNVNHKPSNTKVDK
854,3,1,CNVNHKPSNTKVDKR
855,3,1,NVNHKPSNTKVDKRV
856,3,1,VNHKPSNTKVDKRVE
857,3,1,NHKPSNTKVDKRVEP
858,3,1,HKPSNTKVDKRVEPK
859,3,1,KPSNTKVDKRVEPKS
860,3,1,PSNTKVDKRVEPKSC
861,3,1,SNTKVDKRVEPKSCD
862,3,1,NTKVDKRVEPKSCDK
863,3,1,TKVDKRVEPKSCDKT
864,3,1,KVDKRVEPKSCDKTH
865,3,1,VDKRVEPKSCDKTHT
866,3,1,DKRVEPKSCDKTHTC
867,3,1,KRVEPKSCDKTHTCP
868,3,1,RVEPKSCDKTHTCPP
869,3,1,VEPKSCDKTHTCPPC
870,3,1,EPKSCDKTHTCPPCP
871,3,1,PKSCDKTHTCPPCPA
872,3,1,KSCDKTHTCPPCPAP
873,3,1,SCDKTHTCPPCPAPE
874,3,1,CDKTHTCPPCPAPEL
875,3,1,DKTHTCPPCPAPELL
876,3,1,KTHTCPPCPAPELLG
877,3,1,THTCPPCPAPELLGG
878,3,1,HTCPPCPAPELLGGP
879,3,1,TCPPCPAPELLGGPS
880,3,1,CPPCPAPELLGGPSV
881,3,1,PPCPAPELLGGPSVF
882,3,1,PCPAPELLGGPSVFL
883,3,1,CPAPELLGGPSVFLF
884,3,1,PAPELLGGPSVFLFP
885,3,1,APELLGGPSVFLFPP
886,3,1,PELLGGPSVFLFPPK
887,3,1,ELLGGPSVFLFPPKP
888,3,1,LLGGPSVFLFPPKPK
889,3,1,LGGPSVFLFPPKPKD
890,3,1,GGPSVFLFPPKPKDT
891,3,1,GPSVFLFPPKPKDTL
892,3,1,PSVFLFPPKPKDTLM
893,3,1,SVFLFPPKPKDTLMI
894,3,1,VFLFPPKPKDTLMIS
895,3,1,FLFPPKPKDTLMISR
896,3,1,LFPPKPKDTLMISRT
897,3,1,FPPKPKDTLMISRTP
898,3,1,PPKPKDTLMISRTPE
899,3,1,PKPKDTLMISRTPEV
900,3,1,KPKDTLMISRTPEVT
901,3,1,PKDTLMISRTPEVTC
902,3,1,KDTLMISRTPEVTCV
903,3,1,DTLMISRTPEVTCVV
904,3,1,TLMISRTPEVTCVVV
905,3,1,LMISRTPEVTCVVVD
906,3,1,MISRTPEVTCVVVDV
907,3,1,ISRTPEVTCVVVDVS
908,3,1,SRTPEVTCVVVDVSH
909,3,1,RTPEVTCVVVDVSHE
910,3,1,TPEVTCVVVDVSHED
911,3,1,PEVTCVVVDVSHEDP
912,3,1,EVTCVVVDVSHEDPE
913,3,1,VTCVVVDVSHEDPEV
914,3,1,TCVVVDVSHEDPEVK
915,3,1,CVVVDVSHEDPEVKF
916,3,1,VVVDVSHEDPEVKFN
917,3,1,VVDVSHEDPEVKFNW
918,3,1,VDVSHEDPEVKFNWY
919,3,1,DVSHEDPEVKFNWYV
920,3,1,VSHEDPEVKFNWYVD
921,3,1,SHEDPEVKFNWYVDG
922,3,1,HEDPEVKFNWYVDGV
923,3,1,EDPEVKFNWYVDGVE
924,3,1,DPEVKFNWYVDGVEV
925,3,1,PEVKFNWYVDGVEVH
926,3,1,EVKFNWYVDGVEVHN
927,3,1,VKFNWYVDGVEVHNA
928,3,1,KFNWYVDGVEVHNAK
929,3,1,FNWYVDGVEVHNAKT
930,3,1,NWYVDGVEVHNAKTK
931,3,1,WYVDGVEVHNAKTKP
932,3,1,YVDGVEVHNAKTKPR
933,3,1,VDGVEVHNAKTKPRE
934,3,1,DGVEVHNAKTKPREE
935,3,1,GVEVHNAKTKPREEQ
936,3,1,VEVHNAKTKPREEQY
937,3,1,EVHNAKTKPREEQYN
938,3,1,VHNAKTKPREEQYNS
939,3,1,HNAKTKPREEQYNST
940,3,1,NAKTKPREEQYNSTY
941,3,1,AKTKPREEQYNSTYR
942,3,1,KTKPREEQYNSTYRV
943,3,1,TKPREEQYNSTYRVV
944,3,1,KPREEQYNSTYRVVS
945,3,1,PREEQYNSTYRVVSV
946,3,1,REEQYNSTYRVVSVL
947,3,1,EEQYNSTYRVVSVLT
948,3,1,EQYNSTYRVVSVLTV
949,3,1,QYNSTYRVVSVLTVL
950,3,1,YNSTYRVVSVLTVLH
951,3,1,NSTYRVVSVLTVLHQ
952,3,1,STYRVVSVLTVLHQD
953,3,1,TYRVVSVLTVLHQDW
954,3,1,YRVVSVLTVLHQDWL
955,3,1,RVVSVLTVLHQDWLN
956,3,1,VVSVLTVLHQDWLNG
957,3,1,VSVLTVLHQDWLNGK
958,3,1,SVLTVLHQDWLNGKE
959,3,1,VLTVLHQDWLNGKEY
960,3,1,LTVLHQDWLNGKEYK
961,3,1,TVLHQDWLNGKEYKC
962,3,1,VLHQDWLNGKEYKCK
963,3,1,LHQDWLNGKEYKCKV
964,3,1,HQDWLNGKEYKCKVS
965,3,1,QDWLNGKEYKCKVSN
966,3,1,DWLNGKEYKCKVSNK
967,3,1,WLNGKEYKCKVSNKA
968,3,1,LNGKEYKCKVSNKAL
969,3,1,NGKEYKCKVSNKALP
970,3,1,GKEYKCKVSNKALPA
971,3,1,KEYKCKVSNKALPAP
972,3,1,EYKCKVSNKALPAPI
973,3,1,YKCKVSNKALPAPIE
974,3,1,KCKVSNKALPAPIEK
975,3,1,CKVSNKALPAPIEKT
976,3,1,KVSNKALPAPIEKTI
977,3,1,VSNKALPAPIEKTIS
978,3,1,SNKALPAPIEKTISK
979,3,1,NKALPAPIEKTISKA
980,3,1,KALPAPIEKTISKAK
981,3,1,ALPAPIEKTISKAKG
982,3,1,LPAPIEKTISKAKGQ
983,3,1,PAPIEKTISKAKGQP
984,3,1,APIEKTISKAKGQPR
985,3,1,PIEKTISKAKGQPRE
986,3,1,IEKTISKAKGQPREP
987,3,1,EKTISKAKGQPREPQ
988,3,1,KTISKAKGQPREPQV
989,3,1,TISKAKGQPREPQVY
990,3,1,ISKAKGQPREPQVYT
991,3,1,SKAKGQPREPQVYTL
992,3,1,KAKGQPREPQVYTLP
993,3,1,AKGQPREPQVYTLPP
994,3,1,KGQPREPQVYTLPPS
995,3,1,GQPREPQVYTLPPSR
996,3,1,QPREPQVYTLPPSRE
997,3,1,PREPQVYTLPPSREE
998,3,1,REPQVYTLPPSREEM
999,3,1,EPQVYTLPPSREEMT
1000,3,1,PQVYTLPPSREEMTK
1001,3,1,QVYTLPPSREEMTKN
1002,3,1,VYTLPPSREEMTKNQ
1003,3,1,YTLPPSREEMTKNQV
1004,3,1,TLPPSREEMTKNQVS
1005,3,1,LPPSREEMTKNQVSL
1006,3,1,PPSREEMTKNQVSLT
1007,3,1,PSREEMTKNQVSLTC
1008,3,1,SREEMTKNQVSLTCL
1009,3,1,REEMTKNQVSLTCLV
1010,3,1,EEMTKNQVSLTCLVK
1011,3,1,EMTKNQVSLTCLVKG
1012,3,1,MTKNQVSLTCLVKGF
1013,3,1,TKNQVSLTCLVKGFY
1014,3,1,KNQVSLTCLVKGFYP
1015,3,1,NQVSLTCLVKGFYPS
1016,3,1,QVSLTCLVKGFYPSD
1017,3,1,VSLTCLVKGFYPSDI
1018,3,1,SLTCLVKGFYPSDIA
1019,3,1,LTCLVKGFYPSDIAV
1020,3,1,TCLVKGFYPSDIAVE
1021,3,1,CLVKGFYPSDIAVEW
1022,3,1,LVKGFYPSDIAVEWE
1023,3,1,VKGFYPSDIAVEWES
1024,3,1,KGFYPSDIAVEWESN
1025,3,1,GFYPSDIAVEWESNG
1026,3,1,FYPSDIAVEWESNGQ
1027,3,1,YPSDIAVEWESNGQP
1028,3,1,PSDIAVEWESNGQPE
1029,3,1,SDIAVEWESNGQPEN
1030,3,1,DIAVEWESNGQPENN
1031,3,1,IAVEWESNGQPENNY
1032,3,1,AVEWESNGQPENNYK
1033,3,1,VEWESNGQPENNYKT
1034,3,1,EWESNGQPENNYKTT
1035,3,1,WESNGQPENNYKTTP
1036,3,1,ESNGQPENNYKTTPP
1037,3,1,SNGQPENNYKTTPPV
1038,3,1,NGQPENNYKTTPPVL
1039,3,1,GQPENNYKTTPPVLD
1040,3,1,QPENNYKTTPPVLDS
1041,3,1,PENNYKTTPPVLDSD
1042,3,1,ENNYKTTPPVLDSDG
1043,3,1,NNYKTTPPVLDSDGS
1044,3,1,NYKTTPPVLDSDGSF
1045,3,1,YKTTPPVLDSDGSFF
1046,3,1,KTTPPVLDSDGSFFL
1047,3,1,TTPPVLDSDGSFFLY
1048,3,1,TPPVLDSDGSFFLYS
1049,3,1,PPVLDSDGSFFLYSK
1050,3,1,PVLDSDGSFFLYSKL
1051,3,1,VLDSDGSFFLYSKLT
1052,3,1,LDSDGSFFLYSKLTV
1053,3,1,DSDGSFFLYSKLTVD
1054,3,1,SDGSFFLYSKLTVDK
1055,3,1,DGSFFLYSKLTVDKS
1056,3,1,GSFFLYSKLTVDKSR
1057,3,1,SFFLYSKLTVDKSRW
1058,3,1,FFLYSKLTVDKSRWQ
1059,3,1,FLYSKLTVDKSRWQQ
1060,3,1,LYSKLTVDKSRWQQG
1061,3,1,YSKLTVDKSRWQQGN
1062,3,1,SKLTVDKSRWQQGNV
1063,3,1,KLTVDKSRWQQGNVF
1064,3,1,LTVDKSRWQQGNVFS
1065,3,1,TVDKSRWQQGNVFSC
1066,3,1,VDKSRWQQGNVFSCS
1067,3,1,DKSRWQQGNVFSCSV
1068,3,1,KSRWQQGNVFSCSVM
1069,3,1,SRWQQGNVFSCSVMH
1070,3,1,RWQQGNVFSCSVMHE
1071,3,1,WQQGNVFSCSVMHEA
1072,3,1,QQGNVFSCSVMHEAL
1073,3,1,QGNVFSCSVMHEALH
1074,3,1,GNVFSCSVMHEALHN
1075,3,1,NVFSCSVMHEALHNH
1076,3,1,VFSCSVMHEALHNHY
1077,3,1,FSCSVMHEALHNHYT
1078,3,1,SCSVMHEALHNHYTQ
1079,3,1,CSVMHEALHNHYTQK
1080,3,1,SVMHEALHNHYTQKS
1081,3,1,VMHEALHNHYTQKSL
1082,3,1,MHEALHNHYTQKSLS
1083,3,1,HEALHNHYTQKSLSL
1084,3,1,EALHNHYTQKSLSLS
1085,3,1,ALHNHYTQKSLSLSP
1086,3,1,LHNHYTQKSLSLSPG
1087,3,1,HNHYTQKSLSLSPGK
1088,4,2,EIVLTQSPGTLSLSP
1089,4,2,IVLTQSPGTLSLSPG
1090,4,2,VLTQSPGTLSLSPGE
1091,4,2,LTQSPGTLSLSPGER
1092,4,2,TQSPGTLSLSPGERA
1093,4,2,QSPGTLSLSPGERAT
1094,4,2,SPGTLSLSPGERATL
1095,4,2,PGTLSLSPGERATLS
1096,4,2,GTLSLSPGERATLSC
1097,4,2,TLSLSPGERATLSCR
1098,4,2,LSLSPGERATLSCRA
1099,4,2,SLSPGERATLSCRAS
1100,4,2,LSPGERATLSCRASQ
1101,4,2,SPGERATLSCRASQS
1102,4,2,PGERATLSCRASQSV
1103,4,2,GERATLSCRASQSVS
1104,4,2,ERATLSCRASQSVSS
1105,4,2,RATLSCRASQSVSSS
1106,4,2,ATLSCRASQSVSSSY
1107,4,2,TLSCRASQSVSSSYL
1108,4,2,LSCRASQSVSSSYLA
1109,4,2,SCRASQSVSSSYLAW
1110,4,2,CRASQSVSSSYLAWY
1111,4,2,RASQSVSSSYLAWYQ
1112,4,2,ASQSVSSSYLAWYQQ
1113,4,2,SQSVSSSYLAWYQQK
1114,4,2,QSVSSSYLAWYQQKP
1115,4,2,SVSSSYLAWYQQKPG
1116,4,2,VSSSYLAWYQQKPGQ
1117,4,2,SSSYLAWYQQKPGQA
1118,4,2,SSYLAWYQQKPGQAP
1119,4,2,SYLAWYQQKPGQAPR
1120,4,2,YLAWYQQKPGQAPRL
1121,4,2,LAWYQQKPGQAPRLL
1122,4,2,AWYQQKPGQAPRLLI
1123,4,2,WYQQKPGQAPRLLIY
1124,4,2,YQQKPGQAPRLLIYG
1125,4,2,QQKPGQAPRLLIYGA
1126,4,2,QKPGQAPRLLIYGAS
1127,4,2,KPGQAPRLLIYGASS
1128,4,2,PGQAPRLLIYGASSR
1129,4,2,GQAPRLLIYGASSRA
1130,4,2,QAPRLLIYGASSRAT
1131,4,2,APRLLIYGASSRATG
1132,4,2,PRLLIYGASSRATGI
1133,4,2,RLLIYGASSRATGIP
1134,4,2,LLIYGASSRATGIPD
1135,4,2,LIYGASSRATGIPDR
1136,4,2,IYGASSRATGIPDRF
1137,4,2,YGASSRATGIPDRFS
1138,4,2,GASSRATGIPDRFSG
1139,4,2,ASSRATGIPDRFSGS
1140,4,2,SSRATGIPDRFSGSG
1141,4,2,SRATGIPDRFSGSGS
1142,4,2,RATGIPDRFSGSGSG
1143,4,2,ATGIPDRFSGSGSGT
1144,4,2,TGIPDRFSGSGSGTD
1145,4,2,GIPDRFSGSGSGTDF
1146,4,2,IPDRFSGSGSGTDFT
1147,4,2,PDRFSGSGSGTDFTL
1148,4,2,DRFSGSGSGTDFTLT
1149,4,2,RFSGSGSGTDFTLTI
1150,4,2,FSGSGSGTDFTLTIS
1151,4,2,SGSGSGTDFTLTISR
1152,4,2,GSGSGTDFTLTISRL
1153,4,2,SGSGTDFTLTISRLE
1154,4,2,GSGTDFTLTISRLEP
1155,4,2,SGTDFTLTISRLEPE
1156,4,2,GTDFTLTISRLEPED
1157,4,2,TDFTLTISRLEPEDF
1158,4,2,DFTLTISRLEPEDFA
1159,4,2,FTLTISRLEPEDFAV
1160,4,2,TLTISRLEPEDFAVY
1161,4,2,LTISRLEPEDFAVYY
1162,4,2,TISRLEPEDFAVYYC
1163,4,2,ISRLEPEDFAVYYCQ
1164,4,2,SRLEPEDFAVYYCQQ
1165,4,2,RLEPEDFAVYYCQQY
1166,4,2,LEPEDFAVYYCQQYG
1167,4,2,EPEDFAVYYCQQYGS
1168,4,2,PEDFAVYYCQQYGSS
1169,4,2,EDFAVYYCQQYGSSP
1170,4,2,DFAVYYCQQYGSSPC
1171,4,2,FAVYYCQQYGSSPCT
1172,4,2,AVYYCQQYGSSPCTF
1173,4,2,VYYCQQYGSSPCTFG
1174,4,2,YYCQQYGSSPCTFGQ
1175,4,2,YCQQYGSSPCTFGQG
1176,4,2,CQQYGSSPCTFGQGT
1177,4,2,QQYGSSPCTFGQGTR
1178,4,2,QYGSSPCTFGQGTRL
1179,4,2,YGSSPCTFGQGTRLE
1180,4,2,GSSPCTFGQGTRLEI
1181,4,2,SSPCTFGQGTRLEIK
1182,4,2,SPCTFGQGTRLEIKR
1183,4,2,PCTFGQGTRLEIKRT
1184,4,2,CTFGQGTRLEIKRTV
1185,4,2,TFGQGTRLEIKRTVA
1186,4,2,FGQGTRLEIKRTVAA
1187,4,2,GQGTRLEIKRTVAAP
1188,4,2,QGTRLEIKRTVAAPS
1189,4,2,GTRLEIKRTVAAPSV
1190,4,2,TRLEIKRTVAAPSVF
1191,4,2,RLEIKRTVAAPSVFI
1192,4,2,LEIKRTVAAPSVFIF
1193,4,2,EIKRTVAAPSVFIFP
1194,4,2,IKRTVAAPSVFIFPP
1195,4,2,KRTVAAPSVFIFPPS
1196,4,2,RTVAAPSVFIFPPSD
1197,4,2,TVAAPSVFIFPPSDE
1198,4,2,VAAPSVFIFPPSDEQ
1199,4,2,AAPSVFIFPPSDEQL
1200,4,2,APSVFIFPPSDEQLK
1201,4,2,PSVFIFPPSDEQLKS
1202,4,2,SVFIFPPSDEQLKSG
1203,4,2,VFIFPPSDEQLKSGT
1204,4,2,FIFPPSDEQLKSGTA
1205,4,2,IFPPSDEQLKSGTAS
1206,4,2,FPPSDEQLKSGTASV
1207,4,2,PPSDEQLKSGTASVV
1208,4,2,PSDEQLKSGTASVVC
1209,4,2,SDEQLKSGTASVVCL
1210,4,2,DEQLKSGTASVVCLL
1211,4,2,EQLKSGTASVVCLLN
1212,4,2,QLKSGTASVVCLLNN
1213,4,2,LKSGTASVVCLLNNF
1214,4,2,KSGTASVVCLLNNFY
1215,4,2,SGTASVVCLLNNFYP
1216,4,2,GTASVVCLLNNFYPR
1217,4,2,TASVVCLLNNFYPRE
1218,4,2,ASVVCLLNNFYPREA
1219,4,2,SVVCLLNNFYPREAK
1220,4,2,VVCLLNNFYPREAKV
1221,4,2,VCLLNNFYPREAKVQ
1222,4,2,CLLNNFYPREAKVQW
1223,4,2,LLNNFYPREAKVQWK
1224,4,2,LNNFYPREAKVQWKV
1225,4,2,NNFYPREAKVQWKVD
1226,4,2,NFYPREAKVQWKVDN
1227,4,2,FYPREAKVQWKVDNA
1228,4,2,YPREAKVQWKVDNAL
1229,4,2,PREAKVQWKVDNALQ
1230,4,2,REAKVQWKVDNALQS
1231,4,2,EAKVQWKVDNALQSG
1232,4,2,AKVQWKVDNALQSGN
1233,4,2,KVQWKVDNALQSGNS
1234,4,2,VQWKVDNALQSGNSQ
1235,4,2,QWKVDNALQSGNSQE
1236,4,2,WKVDNALQSGNSQES
1237,4,2,KVDNALQSGNSQESV
1238,4,2,VDNALQSGNSQESVT
1239,4,2,DNALQSGNSQESVTE
1240,4,2,NALQSGNSQESVTEQ
1241,4,2,ALQSGNSQESVTEQD
1242,4,2,LQSGNSQESVTEQDS
1243,4,2,QSGNSQESVTEQDSK
1244,4,2,SGNSQESVTEQDSKD
1245,4,2,GNSQESVTEQDSKDS
1246,4,2,NSQESVTEQDSKDST
1247,4,2,SQESVTEQDSKDSTY
1248,4,2,QESVTEQDSKDSTYS
1249,4,2,ESVTEQDSKDSTYSL
1250,4,2,SVTEQDSKDSTYSLS
1251,4,2,VTEQDSKDSTYSLSS
1252,4,2,TEQDSKDSTYSLSST
1253,4,2,EQDSKDSTYSLSSTL
1254,4,2,QDSKDSTYSLSSTLT
1255,4,2,DSKDSTYSLSSTLTL
1256,4,2,SKDSTYSLSSTLTLS
1257,4,2,KDSTYSLSSTLTLSK
1258,4,2,DSTYSLSSTLTLSKA
1259,4,2,STYSLSSTLTLSKAD
1260,4,2,TYSLSSTLTLSKADY
1261,4,2,YSLSSTLTLSKADYE
1262,4,2,SLSSTLTLSKADYEK
1263,4,2,LSSTLTLSKADYEKH
1264,4,2,SSTLTLSKADYEKHK
1265,4,2,STLTLSKADYEKHKV
1266,4,2,TLTLSKADYEKHKVY
1267,4,2,LTLSKADYEKHKVYA
1268,4,2,TLSKADYEKHKVYAC
1269,4,2,LSKADYEKHKVYACE
1270,4,2,SKADYEKHKVYACEV
1271,4,2,KADYEKHKVYACEVT
1272,4,2,ADYEKHKVYACEVTH
1273,4,2,DYEKHKVYACEVTHQ
1274,4,2,YEKHKVYACEVTHQG
1275,4,2,EKHKVYACEVTHQGL
1276,4,2,KHKVYACEVTHQGLS
1277,4,2,HKVYACEVTHQGLSS
1278,4,2,KVYACEVTHQGLSSP
1279,4,2,VYACEVTHQGLSSPV
1280,4,2,YACEVTHQGLSSPVT
1281,4,2,ACEVTHQGLSSPVTK
1282,4,2,CEVTHQGLSSPVTKS
1283,4,2,EVTHQGLSSPVTKSF
1284,4,2,VTHQGLSSPVTKSFN
1285,4,2,THQGLSSPVTKSFNR
1286,4,2,HQGLSSPVTKSFNRG
1287,4,2,QGLSSPVTKSFNRGE
1288,4,2,GLSSPVTKSFNRGEC
