Index,ChainNum,ChainID,xmers
1,1,1,QVQLQQPGAELVKPG
2,1,1,VQLQQPGAELVKPGA
3,1,1,QLQQPGAELVKPGAS
4,1,1,LQQPGAELVKPGASV
5,1,1,QQPGAELVKPGASVK
6,1,1,QPGAELVKPGASVKM
7,1,1,PGAELVKPGASVKMS
8,1,1,GAELVKPGASVKMSC
9,1,1,AELVKPGASVKMSCK
10,1,1,ELVKPGASVKMSCKA
11,1,1,LVKPGASVKMSCKAS
12,1,1,VKPGASVKMSCKASG
13,1,1,KPGASVKMSCKASGY
14,1,1,PGASVKMSCKASGYT
15,1,1,GASVKMSCKASGYTF
16,1,1,ASVKMSCKASGYTFT
17,1,1,SVKMSCKASGYTFTS
18,1,1,VKMSCKASGYTFTSY
19,1,1,KMSCKASGYTFTSYN
20,1,1,MSCKASGYTFTSYNM
21,1,1,SCKASGYTFTSYNMH
22,1,1,CKASGYTFTSYNMHW
23,1,1,KASGYTFTSYNMHWV
24,1,1,ASGYTFTSYNMHWVK
25,1,1,SGYTFTSYNMHWVKQ
26,1,1,GYTFTSYNMHWVKQT
27,1,1,YTFTSYNMHWVKQTP
28,1,1,TFTSYNMHWVKQTPG
29,1,1,FTSYNMHWVKQTPGR
30,1,1,TSYNMHWVKQTPGRG
31,1,1,SYNMHWVKQTPGRGL
32,1,1,YNMHWVKQTPGRGLE
33,1,1,NMHWVKQTPGRGLEW
34,1,1,MHWVKQTPGRGLEWI
35,1,1,HWVKQTPGRGLEWIG
36,1,1,WVKQTPGRGLEWIGA
37,1,1,VKQTPGRGLEWIGAI
38,1,1,KQTPGRGLEWIGAIY
39,1,1,QTPGRGLEWIGAIYP
40,1,1,TPGRGLEWIGAIYPG
41,1,1,PGRGLEWIGAIYPGN
42,1,1,GRGLEWIGAIYPGNG
43,1,1,RGLEWIGAIYPGNGD
44,1,1,GLEWIGAIYPGNGDT
45,1,1,LEWIGAIYPGNGDTS
46,1,1,EWIGAIYPGNGDTSY
47,1,1,WIGAIYPGNGDTSYN
48,1,1,IGAIYPGNGDTSYNQ
49,1,1,GAIYPGNGDTSYNQK
50,1,1,AIYPGNGDTSYNQKF
51,1,1,IYPGNGDTSYNQKFK
52,1,1,YPGNGDTSYNQKFKG
53,1,1,PGNGDTSYNQKFKGK
54,1,1,GNGDTSYNQKFKGKA
55,1,1,NGDTSYNQKFKGKAT
56,1,1,GDTSYNQKFKGKATL
57,1,1,DTSYNQKFKGKATLT
58,1,1,TSYNQKFKGKATLTA
59,1,1,SYNQKFKGKATLTAD
60,1,1,YNQKFKGKATLTADK
61,1,1,NQKFKGKATLTADKS
62,1,1,QKFKGKATLTADKSS
63,1,1,KFKGKATLTADKSSS
64,1,1,FKGKATLTADKSSST
65,1,1,KGKATLTADKSSSTA
66,1,1,GKATLTADKSSSTAY
67,1,1,KATLTADKSSSTAYM
68,1,1,ATLTADKSSSTAYMQ
69,1,1,TLTADKSSSTAYMQL
70,1,1,LTADKSSSTAYMQLS
71,1,1,TADKSSSTAYMQLSS
72,1,1,ADKSSSTAYMQLSSL
73,1,1,DKSSSTAYMQLSSLT
74,1,1,KSSSTAYMQLSSLTS
75,1,1,SSSTAYMQLSSLTSE
76,1,1,SSTAYMQLSSLTSED
77,1,1,STAYMQLSSLTSEDS
78,1,1,TAYMQLSSLTSEDSA
79,1,1,AYMQLSSLTSEDSAV
80,1,1,YMQLSSLTSEDSAVY
81,1,1,MQLSSLTSEDSAVYY
82,1,1,QLSSLTSEDSAVYYC
83,1,1,LSSLTSEDSAVYYCA
84,1,1,SSLTSEDSAVYYCAR
85,1,1,SLTSEDSAVYYCARS
86,1,1,LTSEDSAVYYCARST
87,1,1,TSEDSAVYYCARSTY
88,1,1,SEDSAVYYCARSTYY
89,1,1,EDSAVYYCARSTYYG
90,1,1,DSAVYYCARSTYYGG
91,1,1,SAVYYCARSTYYGGD
92,1,1,AVYYCARSTYYGGDW
93,1,1,VYYCARSTYYGGDWY
94,1,1,YYCARSTYYGGDWYF
95,1,1,YCARSTYYGGDWYFN
96,1,1,CARSTYYGGDWYFNV
97,1,1,ARSTYYGGDWYFNVW
98,1,1,RSTYYGGDWYFNVWG
99,1,1,STYYGGDWYFNVWGA
100,1,1,TYYGGDWYFNVWGAG
101,1,1,YYGGDWYFNVWGAGT
102,1,1,YGGDWYFNVWGAGTT
103,1,1,GGDWYFNVWGAGTTV
104,1,1,GDWYFNVWGAGTTVT
105,1,1,DWYFNVWGAGTTVTV
106,1,1,WYFNVWGAGTTVTVS
107,1,1,YFNVWGAGTTVTVSA
108,1,1,FNVWGAGTTVTVSAA
109,1,1,NVWGAGTTVTVSAAS
110,1,1,VWGAGTTVTVSAAST
111,1,1,WGAGTTVTVSAASTK
112,1,1,GAGTTVTVSAASTKG
113,1,1,AGTTVTVSAASTKGP
114,1,1,GTTVTVSAASTKGPS
115,1,1,TTVTVSAASTKGPSV
116,1,1,TVTVSAASTKGPSVF
117,1,1,VTVSAASTKGPSVFP
118,1,1,TVSAASTKGPSVFPL
119,1,1,VSAASTKGPSVFPLA
120,1,1,SAASTKGPSVFPLAP
121,1,1,AASTKGPSVFPLAPS
122,1,1,ASTKGPSVFPLAPSS
123,1,1,STKGPSVFPLAPSSK
124,1,1,TKGPSVFPLAPSSKS
125,1,1,KGPSVFPLAPSSKST
126,1,1,GPSVFPLAPSSKSTS
127,1,1,PSVFPLAPSSKSTSG
128,1,1,SVFPLAPSSKSTSGG
129,1,1,VFPLAPSSKSTSGGT
130,1,1,FPLAPSSKSTSGGTA
131,1,1,PLAPSSKSTSGGTAA
132,1,1,LAPSSKSTSGGTAAL
133,1,1,APSSKSTSGGTAALG
134,1,1,PSSKSTSGGTAALGC
135,1,1,SSKSTSGGTAALGCL
136,1,1,SKSTSGGTAALGCLV
137,1,1,KSTSGGTAALGCLVK
138,1,1,STSGGTAALGCLVKD
139,1,1,TSGGTAALGCLVKDY
140,1,1,SGGTAALGCLVKDYF
141,1,1,GGTAALGCLVKDYFP
142,1,1,GTAALGCLVKDYFPE
143,1,1,TAALGCLVKDYFPEP
144,1,1,AALGCLVKDYFPEPV
145,1,1,ALGCLVKDYFPEPVT
146,1,1,LGCLVKDYFPEPVTV
147,1,1,GCLVKDYFPEPVTVS
148,1,1,CLVKDYFPEPVTVSW
149,1,1,LVKDYFPEPVTVSWN
150,1,1,VKDYFPEPVTVSWNS
151,1,1,KDYFPEPVTVSWNSG
152,1,1,DYFPEPVTVSWNSGA
153,1,1,YFPEPVTVSWNSGAL
154,1,1,FPEPVTVSWNSGALT
155,1,1,PEPVTVSWNSGALTS
156,1,1,EPVTVSWNSGALTSG
157,1,1,PVTVSWNSGALTSGV
158,1,1,VTVSWNSGALTSGVH
159,1,1,TVSWNSGALTSGVHT
160,1,1,VSWNSGALTSGVHTF
161,1,1,SWNSGALTSGVHTFP
162,1,1,WNSGALTSGVHTFPA
163,1,1,NSGALTSGVHTFPAV
164,1,1,SGALTSGVHTFPAVL
165,1,1,GALTSGVHTFPAVLQ
166,1,1,ALTSGVHTFPAVLQS
167,1,1,LTSGVHTFPAVLQSS
168,1,1,TSGVHTFPAVLQSSG
169,1,1,SGVHTFPAVLQSSGL
170,1,1,GVHTFPAVLQSSGLY
171,1,1,VHTFPAVLQSSGLYS
172,1,1,HTFPAVLQSSGLYSL
173,1,1,TFPAVLQSSGLYSLS
174,1,1,FPAVLQSSGLYSLSS
175,1,1,PAVLQSSGLYSLSSV
176,1,1,AVLQSSGLYSLSSVV
177,1,1,VLQSSGLYSLSSVVT
178,1,1,LQSSGLYSLSSVVTV
179,1,1,QSSGLYSLSSVVTVP
180,1,1,SSGLYSLSSVVTVPS
181,1,1,SGLYSLSSVVTVPSS
182,1,1,GLYSLSSVVTVPSSS
183,1,1,LYSLSSVVTVPSSSL
184,1,1,YSLSSVVTVPSSSLG
185,1,1,SLSSVVTVPSSSLGT
186,1,1,LSSVVTVPSSSLGTQ
187,1,1,SSVVTVPSSSLGTQT
188,1,1,SVVTVPSSSLGTQTY
189,1,1,VVTVPSSSLGTQTYI
190,1,1,VTVPSSSLGTQTYIC
191,1,1,TVPSSSLGTQTYICN
192,1,1,VPSSSLGTQTYICNV
193,1,1,PSSSLGTQTYICNVN
194,1,1,SSSLGTQTYICNVNH
195,1,1,SSLGTQTYICNVNHK
196,1,1,SLGTQTYICNVNHKP
197,1,1,LGTQTYICNVNHKPS
198,1,1,GTQTYICNVNHKPSN
199,1,1,TQTYICNVNHKPSNT
200,1,1,QTYICNVNHKPSNTK
201,1,1,TYICNVNHKPSNTKV
202,1,1,YICNVNHKPSNTKVD
203,1,1,ICNVNHKPSNTKVDK
204,1,1,CNVNHKPSNTKVDKK
205,1,1,NVNHKPSNTKVDKKA
206,1,1,VNHKPSNTKVDKKAE
207,1,1,NHKPSNTKVDKKAEP
208,1,1,HKPSNTKVDKKAEPK
209,1,1,KPSNTKVDKKAEPKS
210,1,1,PSNTKVDKKAEPKSC
211,1,1,SNTKVDKKAEPKSCD
212,1,1,NTKVDKKAEPKSCDK
213,1,1,TKVDKKAEPKSCDKT
214,1,1,KVDKKAEPKSCDKTH
215,1,1,VDKKAEPKSCDKTHT
216,1,1,DKKAEPKSCDKTHTC
217,1,1,KKAEPKSCDKTHTCP
218,1,1,KAEPKSCDKTHTCPP
219,1,1,AEPKSCDKTHTCPPC
220,1,1,EPKSCDKTHTCPPCP
221,1,1,PKSCDKTHTCPPCPA
222,1,1,KSCDKTHTCPPCPAP
223,1,1,SCDKTHTCPPCPAPE
224,1,1,CDKTHTCPPCPAPEL
225,1,1,DKTHTCPPCPAPELL
226,1,1,KTHTCPPCPAPELLG
227,1,1,THTCPPCPAPELLGG
228,1,1,HTCPPCPAPELLGGP
229,1,1,TCPPCPAPELLGGPS
230,1,1,CPPCPAPELLGGPSV
231,1,1,PPCPAPELLGGPSVF
232,1,1,PCPAPELLGGPSVFL
233,1,1,CPAPELLGGPSVFLF
234,1,1,PAPELLGGPSVFLFP
235,1,1,APELLGGPSVFLFPP
236,1,1,PELLGGPSVFLFPPK
237,1,1,ELLGGPSVFLFPPKP
238,1,1,LLGGPSVFLFPPKPK
239,1,1,LGGPSVFLFPPKPKD
240,1,1,GGPSVFLFPPKPKDT
241,1,1,GPSVFLFPPKPKDTL
242,1,1,PSVFLFPPKPKDTLM
243,1,1,SVFLFPPKPKDTLMI
244,1,1,VFLFPPKPKDTLMIS
245,1,1,FLFPPKPKDTLMISR
246,1,1,LFPPKPKDTLMISRT
247,1,1,FPPKPKDTLMISRTP
248,1,1,PPKPKDTLMISRTPE
249,1,1,PKPKDTLMISRTPEV
250,1,1,KPKDTLMISRTPEVT
251,1,1,PKDTLMISRTPEVTC
252,1,1,KDTLMISRTPEVTCV
253,1,1,DTLMISRTPEVTCVV
254,1,1,TLMISRTPEVTCVVV
255,1,1,LMISRTPEVTCVVVD
256,1,1,MISRTPEVTCVVVDV
257,1,1,ISRTPEVTCVVVDVS
258,1,1,SRTPEVTCVVVDVSH
259,1,1,RTPEVTCVVVDVSHE
260,1,1,TPEVTCVVVDVSHED
261,1,1,PEVTCVVVDVSHEDP
262,1,1,EVTCVVVDVSHEDPE
263,1,1,VTCVVVDVSHEDPEV
264,1,1,TCVVVDVSHEDPEVK
265,1,1,CVVVDVSHEDPEVKF
266,1,1,VVVDVSHEDPEVKFN
267,1,1,VVDVSHEDPEVKFNW
268,1,1,VDVSHEDPEVKFNWY
269,1,1,DVSHEDPEVKFNWYV
270,1,1,VSHEDPEVKFNWYVD
271,1,1,SHEDPEVKFNWYVDG
272,1,1,HEDPEVKFNWYVDGV
273,1,1,EDPEVKFNWYVDGVE
274,1,1,DPEVKFNWYVDGVEV
275,1,1,PEVKFNWYVDGVEVH
276,1,1,EVKFNWYVDGVEVHN
277,1,1,VKFNWYVDGVEVHNA
278,1,1,KFNWYVDGVEVHNAK
279,1,1,FNWYVDGVEVHNAKT
280,1,1,NWYVDGVEVHNAKTK
281,1,1,WYVDGVEVHNAKTKP
282,1,1,YVDGVEVHNAKTKPR
283,1,1,VDGVEVHNAKTKPRE
284,1,1,DGVEVHNAKTKPREE
285,1,1,GVEVHNAKTKPREEQ
286,1,1,VEVHNAKTKPREEQY
287,1,1,EVHNAKTKPREEQYN
288,1,1,VHNAKTKPREEQYNS
289,1,1,HNAKTKPREEQYNST
290,1,1,NAKTKPREEQYNSTY
291,1,1,AKTKPREEQYNSTYR
292,1,1,KTKPREEQYNSTYRV
293,1,1,TKPREEQYNSTYRVV
294,1,1,KPREEQYNSTYRVVS
295,1,1,PREEQYNSTYRVVSV
296,1,1,REEQYNSTYRVVSVL
297,1,1,EEQYNSTYRVVSVLT
298,1,1,EQYNSTYRVVSVLTV
299,1,1,QYNSTYRVVSVLTVL
300,1,1,YNSTYRVVSVLTVLH
301,1,1,NSTYRVVSVLTVLHQ
302,1,1,STYRVVSVLTVLHQD
303,1,1,TYRVVSVLTVLHQDW
304,1,1,YRVVSVLTVLHQDWL
305,1,1,RVVSVLTVLHQDWLN
306,1,1,VVSVLTVLHQDWLNG
307,1,1,VSVLTVLHQDWLNGK
308,1,1,SVLTVLHQDWLNGKE
309,1,1,VLTVLHQDWLNGKEY
310,1,1,LTVLHQDWLNGKEYK
311,1,1,TVLHQDWLNGKEYKC
312,1,1,VLHQDWLNGKEYKCK
313,1,1,LHQDWLNGKEYKCKV
314,1,1,HQDWLNGKEYKCKVS
315,1,1,QDWLNGKEYKCKVSN
316,1,1,DWLNGKEYKCKVSNK
317,1,1,WLNGKEYKCKVSNKA
318,1,1,LNGKEYKCKVSNKAL
319,1,1,NGKEYKCKVSNKALP
320,1,1,GKEYKCKVSNKALPA
321,1,1,KEYKCKVSNKALPAP
322,1,1,EYKCKVSNKALPAPI
323,1,1,YKCKVSNKALPAPIE
324,1,1,KCKVSNKALPAPIEK
325,1,1,CKVSNKALPAPIEKT
326,1,1,KVSNKALPAPIEKTI
327,1,1,VSNKALPAPIEKTIS
328,1,1,SNKALPAPIEKTISK
329,1,1,NKALPAPIEKTISKA
330,1,1,KALPAPIEKTISKAK
331,1,1,ALPAPIEKTISKAKG
332,1,1,LPAPIEKTISKAKGQ
333,1,1,PAPIEKTISKAKGQP
334,1,1,APIEKTISKAKGQPR
335,1,1,PIEKTISKAKGQPRE
336,1,1,IEKTISKAKGQPREP
337,1,1,EKTISKAKGQPREPQ
338,1,1,KTISKAKGQPREPQV
339,1,1,TISKAKGQPREPQVY
340,1,1,ISKAKGQPREPQVYT
341,1,1,SKAKGQPREPQVYTL
342,1,1,KAKGQPREPQVYTLP
343,1,1,AKGQPREPQVYTLPP
344,1,1,KGQPREPQVYTLPPS
345,1,1,GQPREPQVYTLPPSR
346,1,1,QPREPQVYTLPPSRD
347,1,1,PREPQVYTLPPSRDE
348,1,1,REPQVYTLPPSRDEL
349,1,1,EPQVYTLPPSRDELT
350,1,1,PQVYTLPPSRDELTK
351,1,1,QVYTLPPSRDELTKN
352,1,1,VYTLPPSRDELTKNQ
353,1,1,YTLPPSRDELTKNQV
354,1,1,TLPPSRDELTKNQVS
355,1,1,LPPSRDELTKNQVSL
356,1,1,PPSRDELTKNQVSLT
357,1,1,PSRDELTKNQVSLTC
358,1,1,SRDELTKNQVSLTCL
359,1,1,RDELTKNQVSLTCLV
360,1,1,DELTKNQVSLTCLVK
361,1,1,ELTKNQVSLTCLVKG
362,1,1,LTKNQVSLTCLVKGF
363,1,1,TKNQVSLTCLVKGFY
364,1,1,KNQVSLTCLVKGFYP
365,1,1,NQVSLTCLVKGFYPS
366,1,1,QVSLTCLVKGFYPSD
367,1,1,VSLTCLVKGFYPSDI
368,1,1,SLTCLVKGFYPSDIA
369,1,1,LTCLVKGFYPSDIAV
370,1,1,TCLVKGFYPSDIAVE
371,1,1,CLVKGFYPSDIAVEW
372,1,1,LVKGFYPSDIAVEWE
373,1,1,VKGFYPSDIAVEWES
374,1,1,KGFYPSDIAVEWESN
375,1,1,GFYPSDIAVEWESNG
376,1,1,FYPSDIAVEWESNGQ
377,1,1,YPSDIAVEWESNGQP
378,1,1,PSDIAVEWESNGQPE
379,1,1,SDIAVEWESNGQPEN
380,1,1,DIAVEWESNGQPENN
381,1,1,IAVEWESNGQPENNY
382,1,1,AVEWESNGQPENNYK
383,1,1,VEWESNGQPENNYKT
384,1,1,EWESNGQPENNYKTT
385,1,1,WESNGQPENNYKTTP
386,1,1,ESNGQPENNYKTTPP
387,1,1,SNGQPENNYKTTPPV
388,1,1,NGQPENNYKTTPPVL
389,1,1,GQPENNYKTTPPVLD
390,1,1,QPENNYKTTPPVLDS
391,1,1,PENNYKTTPPVLDSD
392,1,1,ENNYKTTPPVLDSDG
393,1,1,NNYKTTPPVLDSDGS
394,1,1,NYKTTPPVLDSDGSF
395,1,1,YKTTPPVLDSDGSFF
396,1,1,KTTPPVLDSDGSFFL
397,1,1,TTPPVLDSDGSFFLY
398,1,1,TPPVLDSDGSFFLYS
399,1,1,PPVLDSDGSFFLYSK
400,1,1,PVLDSDGSFFLYSKL
401,1,1,VLDSDGSFFLYSKLT
402,1,1,LDSDGSFFLYSKLTV
403,1,1,DSDGSFFLYSKLTVD
404,1,1,SDGSFFLYSKLTVDK
405,1,1,DGSFFLYSKLTVDKS
406,1,1,GSFFLYSKLTVDKSR
407,1,1,SFFLYSKLTVDKSRW
408,1,1,FFLYSKLTVDKSRWQ
409,1,1,FLYSKLTVDKSRWQQ
410,1,1,LYSKLTVDKSRWQQG
411,1,1,YSKLTVDKSRWQQGN
412,1,1,SKLTVDKSRWQQGNV
413,1,1,KLTVDKSRWQQGNVF
414,1,1,LTVDKSRWQQGNVFS
415,1,1,TVDKSRWQQGNVFSC
416,1,1,VDKSRWQQGNVFSCS
417,1,1,DKSRWQQGNVFSCSV
418,1,1,KSRWQQGNVFSCSVM
419,1,1,SRWQQGNVFSCSVMH
420,1,1,RWQQGNVFSCSVMHE
421,1,1,WQQGNVFSCSVMHEA
422,1,1,QQGNVFSCSVMHEAL
423,1,1,QGNVFSCSVMHEALH
424,1,1,GNVFSCSVMHEALHN
425,1,1,NVFSCSVMHEALHNH
426,1,1,VFSCSVMHEALHNHY
427,1,1,FSCSVMHEALHNHYT
428,1,1,SCSVMHEALHNHYTQ
429,1,1,CSVMHEALHNHYTQK
430,1,1,SVMHEALHNHYTQKS
431,1,1,VMHEALHNHYTQKSL
432,1,1,MHEALHNHYTQKSLS
433,1,1,HEALHNHYTQKSLSL
434,1,1,EALHNHYTQKSLSLS
435,1,1,ALHNHYTQKSLSLSP
436,1,1,LHNHYTQKSLSLSPG
437,1,1,HNHYTQKSLSLSPGK
438,2,2,QIVLSQSPAILSASP
439,2,2,IVLSQSPAILSASPG
440,2,2,VLSQSPAILSASPGE
441,2,2,LSQSPAILSASPGEK
442,2,2,SQSPAILSASPGEKV
443,2,2,QSPAILSASPGEKVT
444,2,2,SPAILSASPGEKVTM
445,2,2,PAILSASPGEKVTMT
446,2,2,AILSASPGEKVTMTC
447,2,2,ILSASPGEKVTMTCR
448,2,2,LSASPGEKVTMTCRA
449,2,2,SASPGEKVTMTCRAS
450,2,2,ASPGEKVTMTCRASS
451,2,2,SPGEKVTMTCRASSS
452,2,2,PGEKVTMTCRASSSV
453,2,2,GEKVTMTCRASSSVS
454,2,2,EKVTMTCRASSSVSY
455,2,2,KVTMTCRASSSVSYI
456,2,2,VTMTCRASSSVSYIH
457,2,2,TMTCRASSSVSYIHW
458,2,2,MTCRASSSVSYIHWF
459,2,2,TCRASSSVSYIHWFQ
460,2,2,CRASSSVSYIHWFQQ
461,2,2,RASSSVSYIHWFQQK
462,2,2,ASSSVSYIHWFQQKP
463,2,2,SSSVSYIHWFQQKPG
464,2,2,SSVSYIHWFQQKPGS
465,2,2,SVSYIHWFQQKPGSS
466,2,2,VSYIHWFQQKPGSSP
467,2,2,SYIHWFQQKPGSSPK
468,2,2,YIHWFQQKPGSSPKP
469,2,2,IHWFQQKPGSSPKPW
470,2,2,HWFQQKPGSSPKPWI
471,2,2,WFQQKPGSSPKPWIY
472,2,2,FQQKPGSSPKPWIYA
473,2,2,QQKPGSSPKPWIYAT
474,2,2,QKPGSSPKPWIYATS
475,2,2,KPGSSPKPWIYATSN
476,2,2,PGSSPKPWIYATSNL
477,2,2,GSSPKPWIYATSNLA
478,2,2,SSPKPWIYATSNLAS
479,2,2,SPKPWIYATSNLASG
480,2,2,PKPWIYATSNLASGV
481,2,2,KPWIYATSNLASGVP
482,2,2,PWIYATSNLASGVPV
483,2,2,WIYATSNLASGVPVR
484,2,2,IYATSNLASGVPVRF
485,2,2,YATSNLASGVPVRFS
486,2,2,ATSNLASGVPVRFSG
487,2,2,TSNLASGVPVRFSGS
488,2,2,SNLASGVPVRFSGSG
489,2,2,NLASGVPVRFSGSGS
490,2,2,LASGVPVRFSGSGSG
491,2,2,ASGVPVRFSGSGSGT
492,2,2,SGVPVRFSGSGSGTS
493,2,2,GVPVRFSGSGSGTSY
494,2,2,VPVRFSGSGSGTSYS
495,2,2,PVRFSGSGSGTSYSL
496,2,2,VRFSGSGSGTSYSLT
497,2,2,RFSGSGSGTSYSLTI
498,2,2,FSGSGSGTSYSLTIS
499,2,2,SGSGSGTSYSLTISR
500,2,2,GSGSGTSYSLTISRV
501,2,2,SGSGTSYSLTISRVE
502,2,2,GSGTSYSLTISRVEA
503,2,2,SGTSYSLTISRVEAE
504,2,2,GTSYSLTISRVEAED
505,2,2,TSYSLTISRVEAEDA
506,2,2,SYSLTISRVEAEDAA
507,2,2,YSLTISRVEAEDAAT
508,2,2,SLTISRVEAEDAATY
509,2,2,LTISRVEAEDAATYY
510,2,2,TISRVEAEDAATYYC
511,2,2,ISRVEAEDAATYYCQ
512,2,2,SRVEAEDAATYYCQQ
513,2,2,RVEAEDAATYYCQQW
514,2,2,VEAEDAATYYCQQWT
515,2,2,EAEDAATYYCQQWTS
516,2,2,AEDAATYYCQQWTSN
517,2,2,EDAATYYCQQWTSNP
518,2,2,DAATYYCQQWTSNPP
519,2,2,AATYYCQQWTSNPPT
520,2,2,ATYYCQQWTSNPPTF
521,2,2,TYYCQQWTSNPPTFG
522,2,2,YYCQQWTSNPPTFGG
523,2,2,YCQQWTSNPPTFGGG
524,2,2,CQQWTSNPPTFGGGT
525,2,2,QQWTSNPPTFGGGTK
526,2,2,QWTSNPPTFGGGTKL
527,2,2,WTSNPPTFGGGTKLE
528,2,2,TSNPPTFGGGTKLEI
529,2,2,SNPPTFGGGTKLEIK
530,2,2,NPPTFGGGTKLEIKR
531,2,2,PPTFGGGTKLEIKRT
532,2,2,PTFGGGTKLEIKRTV
533,2,2,TFGGGTKLEIKRTVA
534,2,2,FGGGTKLEIKRTVAA
535,2,2,GGGTKLEIKRTVAAP
536,2,2,GGTKLEIKRTVAAPS
537,2,2,GTKLEIKRTVAAPSV
538,2,2,TKLEIKRTVAAPSVF
539,2,2,KLEIKRTVAAPSVFI
540,2,2,LEIKRTVAAPSVFIF
541,2,2,EIKRTVAAPSVFIFP
542,2,2,IKRTVAAPSVFIFPP
543,2,2,KRTVAAPSVFIFPPS
544,2,2,RTVAAPSVFIFPPSD
545,2,2,TVAAPSVFIFPPSDE
546,2,2,VAAPSVFIFPPSDEQ
547,2,2,AAPSVFIFPPSDEQL
548,2,2,APSVFIFPPSDEQLK
549,2,2,PSVFIFPPSDEQLKS
550,2,2,SVFIFPPSDEQLKSG
551,2,2,VFIFPPSDEQLKSGT
552,2,2,FIFPPSDEQLKSGTA
553,2,2,IFPPSDEQLKSGTAS
554,2,2,FPPSDEQLKSGTASV
555,2,2,PPSDEQLKSGTASVV
556,2,2,PSDEQLKSGTASVVC
557,2,2,SDEQLKSGTASVVCL
558,2,2,DEQLKSGTASVVCLL
559,2,2,EQLKSGTASVVCLLN
560,2,2,QLKSGTASVVCLLNN
561,2,2,LKSGTASVVCLLNNF
562,2,2,KSGTASVVCLLNNFY
563,2,2,SGTASVVCLLNNFYP
564,2,2,GTASVVCLLNNFYPR
565,2,2,TASVVCLLNNFYPRE
566,2,2,ASVVCLLNNFYPREA
567,2,2,SVVCLLNNFYPREAK
568,2,2,VVCLLNNFYPREAKV
569,2,2,VCLLNNFYPREAKVQ
570,2,2,CLLNNFYPREAKVQW
571,2,2,LLNNFYPREAKVQWK
572,2,2,LNNFYPREAKVQWKV
573,2,2,NNFYPREAKVQWKVD
574,2,2,NFYPREAKVQWKVDN
575,2,2,FYPREAKVQWKVDNA
576,2,2,YPREAKVQWKVDNAL
577,2,2,PREAKVQWKVDNALQ
578,2,2,REAKVQWKVDNALQS
579,2,2,EAKVQWKVDNALQSG
580,2,2,AKVQWKVDNALQSGN
581,2,2,KVQWKVDNALQSGNS
582,2,2,VQWKVDNALQSGNSQ
583,2,2,QWKVDNALQSGNSQE
584,2,2,WKVDNALQSGNSQES
585,2,2,KVDNALQSGNSQESV
586,2,2,VDNALQSGNSQESVT
587,2,2,DNALQSGNSQESVTE
588,2,2,NALQSGNSQESVTEQ
589,2,2,ALQSGNSQESVTEQD
590,2,2,LQSGNSQESVTEQDS
591,2,2,QSGNSQESVTEQDSK
592,2,2,SGNSQESVTEQDSKD
593,2,2,GNSQESVTEQDSKDS
594,2,2,NSQESVTEQDSKDST
595,2,2,SQESVTEQDSKDSTY
596,2,2,QESVTEQDSKDSTYS
597,2,2,ESVTEQDSKDSTYSL
598,2,2,SVTEQDSKDSTYSLS
599,2,2,VTEQDSKDSTYSLSS
600,2,2,TEQDSKDSTYSLSST
601,2,2,EQDSKDSTYSLSSTL
602,2,2,QDSKDSTYSLSSTLT
603,2,2,DSKDSTYSLSSTLTL
604,2,2,SKDSTYSLSSTLTLS
605,2,2,KDSTYSLSSTLTLSK
606,2,2,DSTYSLSSTLTLSKA
607,2,2,STYSLSSTLTLSKAD
608,2,2,TYSLSSTLTLSKADY
609,2,2,YSLSSTLTLSKADYE
610,2,2,SLSSTLTLSKADYEK
611,2,2,LSSTLTLSKADYEKH
612,2,2,SSTLTLSKADYEKHK
613,2,2,STLTLSKADYEKHKV
614,2,2,TLTLSKADYEKHKVY
615,2,2,LTLSKADYEKHKVYA
616,2,2,TLSKADYEKHKVYAC
617,2,2,LSKADYEKHKVYACE
618,2,2,SKADYEKHKVYACEV
619,2,2,KADYEKHKVYACEVT
620,2,2,ADYEKHKVYACEVTH
621,2,2,DYEKHKVYACEVTHQ
622,2,2,YEKHKVYACEVTHQG
623,2,2,EKHKVYACEVTHQGL
624,2,2,KHKVYACEVTHQGLS
625,2,2,HKVYACEVTHQGLSS
626,2,2,KVYACEVTHQGLSSP
627,2,2,VYACEVTHQGLSSPV
628,2,2,YACEVTHQGLSSPVT
629,2,2,ACEVTHQGLSSPVTK
630,2,2,CEVTHQGLSSPVTKS
631,2,2,EVTHQGLSSPVTKSF
632,2,2,VTHQGLSSPVTKSFN
633,2,2,THQGLSSPVTKSFNR
634,2,2,HQGLSSPVTKSFNRG
635,2,2,QGLSSPVTKSFNRGE
636,2,2,GLSSPVTKSFNRGEC
637,3,1,QVQLQQPGAELVKPG
638,3,1,VQLQQPGAELVKPGA
639,3,1,QLQQPGAELVKPGAS
640,3,1,LQQPGAELVKPGASV
641,3,1,QQPGAELVKPGASVK
642,3,1,QPGAELVKPGASVKM
643,3,1,PGAELVKPGASVKMS
644,3,1,GAELVKPGASVKMSC
645,3,1,AELVKPGASVKMSCK
646,3,1,ELVKPGASVKMSCKA
647,3,1,LVKPGASVKMSCKAS
648,3,1,VKPGASVKMSCKASG
649,3,1,KPGASVKMSCKASGY
650,3,1,PGASVKMSCKASGYT
651,3,1,GASVKMSCKASGYTF
652,3,1,ASVKMSCKASGYTFT
653,3,1,SVKMSCKASGYTFTS
654,3,1,VKMSCKASGYTFTSY
655,3,1,KMSCKASGYTFTSYN
656,3,1,MSCKASGYTFTSYNM
657,3,1,SCKASGYTFTSYNMH
658,3,1,CKASGYTFTSYNMHW
659,3,1,KASGYTFTSYNMHWV
660,3,1,ASGYTFTSYNMHWVK
661,3,1,SGYTFTSYNMHWVKQ
662,3,1,GYTFTSYNMHWVKQT
663,3,1,YTFTSYNMHWVKQTP
664,3,1,TFTSYNMHWVKQTPG
665,3,1,FTSYNMHWVKQTPGR
666,3,1,TSYNMHWVKQTPGRG
667,3,1,SYNMHWVKQTPGRGL
668,3,1,YNMHWVKQTPGRGLE
669,3,1,NMHWVKQTPGRGLEW
670,3,1,MHWVKQTPGRGLEWI
671,3,1,HWVKQTPGRGLEWIG
672,3,1,WVKQTPGRGLEWIGA
673,3,1,VKQTPGRGLEWIGAI
674,3,1,KQTPGRGLEWIGAIY
675,3,1,QTPGRGLEWIGAIYP
676,3,1,TPGRGLEWIGAIYPG
677,3,1,PGRGLEWIGAIYPGN
678,3,1,GRGLEWIGAIYPGNG
679,3,1,RGLEWIGAIYPGNGD
680,3,1,GLEWIGAIYPGNGDT
681,3,1,LEWIGAIYPGNGDTS
682,3,1,EWIGAIYPGNGDTSY
683,3,1,WIGAIYPGNGDTSYN
684,3,1,IGAIYPGNGDTSYNQ
685,3,1,GAIYPGNGDTSYNQK
686,3,1,AIYPGNGDTSYNQKF
687,3,1,IYPGNGDTSYNQKFK
688,3,1,YPGNGDTSYNQKFKG
689,3,1,PGNGDTSYNQKFKGK
690,3,1,GNGDTSYNQKFKGKA
691,3,1,NGDTSYNQKFKGKAT
692,3,1,GDTSYNQKFKGKATL
693,3,1,DTSYNQKFKGKATLT
694,3,1,TSYNQKFKGKATLTA
695,3,1,SYNQKFKGKATLTAD
696,3,1,YNQKFKGKATLTADK
697,3,1,NQKFKGKATLTADKS
698,3,1,QKFKGKATLTADKSS
699,3,1,KFKGKATLTADKSSS
700,3,1,FKGKATLTADKSSST
701,3,1,KGKATLTADKSSSTA
702,3,1,GKATLTADKSSSTAY
703,3,1,KATLTADKSSSTAYM
704,3,1,ATLTADKSSSTAYMQ
705,3,1,TLTADKSSSTAYMQL
706,3,1,LTADKSSSTAYMQLS
707,3,1,TADKSSSTAYMQLSS
708,3,1,ADKSSSTAYMQLSSL
709,3,1,DKSSSTAYMQLSSLT
710,3,1,KSSSTAYMQLSSLTS
711,3,1,SSSTAYMQLSSLTSE
712,3,1,SSTAYMQLSSLTSED
713,3,1,STAYMQLSSLTSEDS
714,3,1,TAYMQLSSLTSEDSA
715,3,1,AYMQLSSLTSEDSAV
716,3,1,YMQLSSLTSEDSAVY
717,3,1,MQLSSLTSEDSAVYY
718,3,1,QLSSLTSEDSAVYYC
719,3,1,LSSLTSEDSAVYYCA
720,3,1,SSLTSEDSAVYYCAR
721,3,1,SLTSEDSAVYYCARS
722,3,1,LTSEDSAVYYCARST
723,3,1,TSEDSAVYYCARSTY
724,3,1,SEDSAVYYCARSTYY
725,3,1,EDSAVYYCARSTYYG
726,3,1,DSAVYYCARSTYYGG
727,3,1,SAVYYCARSTYYGGD
728,3,1,AVYYCARSTYYGGDW
729,3,1,VYYCARSTYYGGDWY
730,3,1,YYCARSTYYGGDWYF
731,3,1,YCARSTYYGGDWYFN
732,3,1,CARSTYYGGDWYFNV
733,3,1,ARSTYYGGDWYFNVW
734,3,1,RSTYYGGDWYFNVWG
735,3,1,STYYGGDWYFNVWGA
736,3,1,TYYGGDWYFNVWGAG
737,3,1,YYGGDWYFNVWGAGT
738,3,1,YGGDWYFNVWGAGTT
739,3,1,GGDWYFNVWGAGTTV
740,3,1,GDWYFNVWGAGTTVT
741,3,1,DWYFNVWGAGTTVTV
742,3,1,WYFNVWGAGTTVTVS
743,3,1,YFNVWGAGTTVTVSA
744,3,1,FNVWGAGTTVTVSAA
745,3,1,NVWGAGTTVTVSAAS
746,3,1,VWGAGTTVTVSAAST
747,3,1,WGAGTTVTVSAASTK
748,3,1,GAGTTVTVSAASTKG
749,3,1,AGTTVTVSAASTKGP
750,3,1,GTTVTVSAASTKGPS
751,3,1,TTVTVSAASTKGPSV
752,3,1,TVTVSAASTKGPSVF
753,3,1,VTVSAASTKGPSVFP
754,3,1,TVSAASTKGPSVFPL
755,3,1,VSAASTKGPSVFPLA
756,3,1,SAASTKGPSVFPLAP
757,3,1,AASTKGPSVFPLAPS
758,3,1,ASTKGPSVFPLAPSS
759,3,1,STKGPSVFPLAPSSK
760,3,1,TKGPSVFPLAPSSKS
761,3,1,KGPSVFPLAPSSKST
762,3,1,GPSVFPLAPSSKSTS
763,3,1,PSVFPLAPSSKSTSG
764,3,1,SVFPLAPSSKSTSGG
765,3,1,VFPLAPSSKSTSGGT
766,3,1,FPLAPSSKSTSGGTA
767,3,1,PLAPSSKSTSGGTAA
768,3,1,LAPSSKSTSGGTAAL
769,3,1,APSSKSTSGGTAALG
770,3,1,PSSKSTSGGTAALGC
771,3,1,SSKSTSGGTAALGCL
772,3,1,SKSTSGGTAALGCLV
773,3,1,KSTSGGTAALGCLVK
774,3,1,STSGGTAALGCLVKD
775,3,1,TSGGTAALGCLVKDY
776,3,1,SGGTAALGCLVKDYF
777,3,1,GGTAALGCLVKDYFP
778,3,1,GTAALGCLVKDYFPE
779,3,1,TAALGCLVKDYFPEP
780,3,1,AALGCLVKDYFPEPV
781,3,1,ALGCLVKDYFPEPVT
782,3,1,LGCLVKDYFPEPVTV
783,3,1,GCLVKDYFPEPVTVS
784,3,1,CLVKDYFPEPVTVSW
785,3,1,LVKDYFPEPVTVSWN
786,3,1,VKDYFPEPVTVSWNS
787,3,1,KDYFPEPVTVSWNSG
788,3,1,DYFPEPVTVSWNSGA
789,3,1,YFPEPVTVSWNSGAL
790,3,1,FPEPVTVSWNSGALT
791,3,1,PEPVTVSWNSGALTS
792,3,1,EPVTVSWNSGALTSG
793,3,1,PVTVSWNSGALTSGV
794,3,1,VTVSWNSGALTSGVH
795,3,1,TVSWNSGALTSGVHT
796,3,1,VSWNSGALTSGVHTF
797,3,1,SWNSGALTSGVHTFP
798,3,1,WNSGALTSGVHTFPA
799,3,1,NSGALTSGVHTFPAV
800,3,1,SGALTSGVHTFPAVL
801,3,1,GALTSGVHTFPAVLQ
802,3,1,ALTSGVHTFPAVLQS
803,3,1,LTSGVHTFPAVLQSS
804,3,1,TSGVHTFPAVLQSSG
805,3,1,SGVHTFPAVLQSSGL
806,3,1,GVHTFPAVLQSSGLY
807,3,1,VHTFPAVLQSSGLYS
808,3,1,HTFPAVLQSSGLYSL
809,3,1,TFPAVLQSSGLYSLS
810,3,1,FPAVLQSSGLYSLSS
811,3,1,PAVLQSSGLYSLSSV
812,3,1,AVLQSSGLYSLSSVV
813,3,1,VLQSSGLYSLSSVVT
814,3,1,LQSSGLYSLSSVVTV
815,3,1,QSSGLYSLSSVVTVP
816,3,1,SSGLYSLSSVVTVPS
817,3,1,SGLYSLSSVVTVPSS
818,3,1,GLYSLSSVVTVPSSS
819,3,1,LYSLSSVVTVPSSSL
820,3,1,YSLSSVVTVPSSSLG
821,3,1,SLSSVVTVPSSSLGT
822,3,1,LSSVVTVPSSSLGTQ
823,3,1,SSVVTVPSSSLGTQT
824,3,1,SVVTVPSSSLGTQTY
825,3,1,VVTVPSSSLGTQTYI
826,3,1,VTVPSSSLGTQTYIC
827,3,1,TVPSSSLGTQTYICN
828,3,1,VPSSSLGTQTYICNV
829,3,1,PSSSLGTQTYICNVN
830,3,1,SSSLGTQTYICNVNH
831,3,1,SSLGTQTYICNVNHK
832,3,1,SLGTQTYICNVNHKP
833,3,1,LGTQTYICNVNHKPS
834,3,1,GTQTYICNVNHKPSN
835,3,1,TQTYICNVNHKPSNT
836,3,1,QTYICNVNHKPSNTK
837,3,1,TYICNVNHKPSNTKV
838,3,1,YICNVNHKPSNTKVD
839,3,1,ICNVNHKPSNTKVDK
840,3,1,CNVNHKPSNTKVDKK
841,3,1,NVNHKPSNTKVDKKA
842,3,1,VNHKPSNTKVDKKAE
843,3,1,NHKPSNTKVDKKAEP
844,3,1,HKPSNTKVDKKAEPK
845,3,1,KPSNTKVDKKAEPKS
846,3,1,PSNTKVDKKAEPKSC
847,3,1,SNTKVDKKAEPKSCD
848,3,1,NTKVDKKAEPKSCDK
849,3,1,TKVDKKAEPKSCDKT
850,3,1,KVDKKAEPKSCDKTH
851,3,1,VDKKAEPKSCDKTHT
852,3,1,DKKAEPKSCDKTHTC
853,3,1,KKAEPKSCDKTHTCP
854,3,1,KAEPKSCDKTHTCPP
855,3,1,AEPKSCDKTHTCPPC
856,3,1,EPKSCDKTHTCPPCP
857,3,1,PKSCDKTHTCPPCPA
858,3,1,KSCDKTHTCPPCPAP
859,3,1,SCDKTHTCPPCPAPE
860,3,1,CDKTHTCPPCPAPEL
861,3,1,DKTHTCPPCPAPELL
862,3,1,KTHTCPPCPAPELLG
863,3,1,THTCPPCPAPELLGG
864,3,1,HTCPPCPAPELLGGP
865,3,1,TCPPCPAPELLGGPS
866,3,1,CPPCPAPELLGGPSV
867,3,1,PPCPAPELLGGPSVF
868,3,1,PCPAPELLGGPSVFL
869,3,1,CPAPELLGGPSVFLF
870,3,1,PAPELLGGPSVFLFP
871,3,1,APELLGGPSVFLFPP
872,3,1,PELLGGPSVFLFPPK
873,3,1,ELLGGPSVFLFPPKP
874,3,1,LLGGPSVFLFPPKPK
875,3,1,LGGPSVFLFPPKPKD
876,3,1,GGPSVFLFPPKPKDT
877,3,1,GPSVFLFPPKPKDTL
878,3,1,PSVFLFPPKPKDTLM
879,3,1,SVFLFPPKPKDTLMI
880,3,1,VFLFPPKPKDTLMIS
881,3,1,FLFPPKPKDTLMISR
882,3,1,LFPPKPKDTLMISRT
883,3,1,FPPKPKDTLMISRTP
884,3,1,PPKPKDTLMISRTPE
885,3,1,PKPKDTLMISRTPEV
886,3,1,KPKDTLMISRTPEVT
887,3,1,PKDTLMISRTPEVTC
888,3,1,KDTLMISRTPEVTCV
889,3,1,DTLMISRTPEVTCVV
890,3,1,TLMISRTPEVTCVVV
891,3,1,LMISRTPEVTCVVVD
892,3,1,MISRTPEVTCVVVDV
893,3,1,ISRTPEVTCVVVDVS
894,3,1,SRTPEVTCVVVDVSH
895,3,1,RTPEVTCVVVDVSHE
896,3,1,TPEVTCVVVDVSHED
897,3,1,PEVTCVVVDVSHEDP
898,3,1,EVTCVVVDVSHEDPE
899,3,1,VTCVVVDVSHEDPEV
900,3,1,TCVVVDVSHEDPEVK
901,3,1,CVVVDVSHEDPEVKF
902,3,1,VVVDVSHEDPEVKFN
903,3,1,VVDVSHEDPEVKFNW
904,3,1,VDVSHEDPEVKFNWY
905,3,1,DVSHEDPEVKFNWYV
906,3,1,VSHEDPEVKFNWYVD
907,3,1,SHEDPEVKFNWYVDG
908,3,1,HEDPEVKFNWYVDGV
909,3,1,EDPEVKFNWYVDGVE
910,3,1,DPEVKFNWYVDGVEV
911,3,1,PEVKFNWYVDGVEVH
912,3,1,EVKFNWYVDGVEVHN
913,3,1,VKFNWYVDGVEVHNA
914,3,1,KFNWYVDGVEVHNAK
915,3,1,FNWYVDGVEVHNAKT
916,3,1,NWYVDGVEVHNAKTK
917,3,1,WYVDGVEVHNAKTKP
918,3,1,YVDGVEVHNAKTKPR
919,3,1,VDGVEVHNAKTKPRE
920,3,1,DGVEVHNAKTKPREE
921,3,1,GVEVHNAKTKPREEQ
922,3,1,VEVHNAKTKPREEQY
923,3,1,EVHNAKTKPREEQYN
924,3,1,VHNAKTKPREEQYNS
925,3,1,HNAKTKPREEQYNST
926,3,1,NAKTKPREEQYNSTY
927,3,1,AKTKPREEQYNSTYR
928,3,1,KTKPREEQYNSTYRV
929,3,1,TKPREEQYNSTYRVV
930,3,1,KPREEQYNSTYRVVS
931,3,1,PREEQYNSTYRVVSV
932,3,1,REEQYNSTYRVVSVL
933,3,1,EEQYNSTYRVVSVLT
934,3,1,EQYNSTYRVVSVLTV
935,3,1,QYNSTYRVVSVLTVL
936,3,1,YNSTYRVVSVLTVLH
937,3,1,NSTYRVVSVLTVLHQ
938,3,1,STYRVVSVLTVLHQD
939,3,1,TYRVVSVLTVLHQDW
940,3,1,YRVVSVLTVLHQDWL
941,3,1,RVVSVLTVLHQDWLN
942,3,1,VVSVLTVLHQDWLNG
943,3,1,VSVLTVLHQDWLNGK
944,3,1,SVLTVLHQDWLNGKE
945,3,1,VLTVLHQDWLNGKEY
946,3,1,LTVLHQDWLNGKEYK
947,3,1,TVLHQDWLNGKEYKC
948,3,1,VLHQDWLNGKEYKCK
949,3,1,LHQDWLNGKEYKCKV
950,3,1,HQDWLNGKEYKCKVS
951,3,1,QDWLNGKEYKCKVSN
952,3,1,DWLNGKEYKCKVSNK
953,3,1,WLNGKEYKCKVSNKA
954,3,1,LNGKEYKCKVSNKAL
955,3,1,NGKEYKCKVSNKALP
956,3,1,GKEYKCKVSNKALPA
957,3,1,KEYKCKVSNKALPAP
958,3,1,EYKCKVSNKALPAPI
959,3,1,YKCKVSNKALPAPIE
960,3,1,KCKVSNKALPAPIEK
961,3,1,CKVSNKALPAPIEKT
962,3,1,KVSNKALPAPIEKTI
963,3,1,VSNKALPAPIEKTIS
964,3,1,SNKALPAPIEKTISK
965,3,1,NKALPAPIEKTISKA
966,3,1,KALPAPIEKTISKAK
967,3,1,ALPAPIEKTISKAKG
968,3,1,LPAPIEKTISKAKGQ
969,3,1,PAPIEKTISKAKGQP
970,3,1,APIEKTISKAKGQPR
971,3,1,PIEKTISKAKGQPRE
972,3,1,IEKTISKAKGQPREP
973,3,1,EKTISKAKGQPREPQ
974,3,1,KTISKAKGQPREPQV
975,3,1,TISKAKGQPREPQVY
976,3,1,ISKAKGQPREPQVYT
977,3,1,SKAKGQPREPQVYTL
978,3,1,KAKGQPREPQVYTLP
979,3,1,AKGQPREPQVYTLPP
980,3,1,KGQPREPQVYTLPPS
981,3,1,GQPREPQVYTLPPSR
982,3,1,QPREPQVYTLPPSRD
983,3,1,PREPQVYTLPPSRDE
984,3,1,REPQVYTLPPSRDEL
985,3,1,EPQVYTLPPSRDELT
986,3,1,PQVYTLPPSRDELTK
987,3,1,QVYTLPPSRDELTKN
988,3,1,VYTLPPSRDELTKNQ
989,3,1,YTLPPSRDELTKNQV
990,3,1,TLPPSRDELTKNQVS
991,3,1,LPPSRDELTKNQVSL
992,3,1,PPSRDELTKNQVSLT
993,3,1,PSRDELTKNQVSLTC
994,3,1,SRDELTKNQVSLTCL
995,3,1,RDELTKNQVSLTCLV
996,3,1,DELTKNQVSLTCLVK
997,3,1,ELTKNQVSLTCLVKG
998,3,1,LTKNQVSLTCLVKGF
999,3,1,TKNQVSLTCLVKGFY
1000,3,1,KNQVSLTCLVKGFYP
1001,3,1,NQVSLTCLVKGFYPS
1002,3,1,QVSLTCLVKGFYPSD
1003,3,1,VSLTCLVKGFYPSDI
1004,3,1,SLTCLVKGFYPSDIA
1005,3,1,LTCLVKGFYPSDIAV
1006,3,1,TCLVKGFYPSDIAVE
1007,3,1,CLVKGFYPSDIAVEW
1008,3,1,LVKGFYPSDIAVEWE
1009,3,1,VKGFYPSDIAVEWES
1010,3,1,KGFYPSDIAVEWESN
1011,3,1,GFYPSDIAVEWESNG
1012,3,1,FYPSDIAVEWESNGQ
1013,3,1,YPSDIAVEWESNGQP
1014,3,1,PSDIAVEWESNGQPE
1015,3,1,SDIAVEWESNGQPEN
1016,3,1,DIAVEWESNGQPENN
1017,3,1,IAVEWESNGQPENNY
1018,3,1,AVEWESNGQPENNYK
1019,3,1,VEWESNGQPENNYKT
1020,3,1,EWESNGQPENNYKTT
1021,3,1,WESNGQPENNYKTTP
1022,3,1,ESNGQPENNYKTTPP
1023,3,1,SNGQPENNYKTTPPV
1024,3,1,NGQPENNYKTTPPVL
1025,3,1,GQPENNYKTTPPVLD
1026,3,1,QPENNYKTTPPVLDS
1027,3,1,PENNYKTTPPVLDSD
1028,3,1,ENNYKTTPPVLDSDG
1029,3,1,NNYKTTPPVLDSDGS
1030,3,1,NYKTTPPVLDSDGSF
1031,3,1,YKTTPPVLDSDGSFF
1032,3,1,KTTPPVLDSDGSFFL
1033,3,1,TTPPVLDSDGSFFLY
1034,3,1,TPPVLDSDGSFFLYS
1035,3,1,PPVLDSDGSFFLYSK
1036,3,1,PVLDSDGSFFLYSKL
1037,3,1,VLDSDGSFFLYSKLT
1038,3,1,LDSDGSFFLYSKLTV
1039,3,1,DSDGSFFLYSKLTVD
1040,3,1,SDGSFFLYSKLTVDK
1041,3,1,DGSFFLYSKLTVDKS
1042,3,1,GSFFLYSKLTVDKSR
1043,3,1,SFFLYSKLTVDKSRW
1044,3,1,FFLYSKLTVDKSRWQ
1045,3,1,FLYSKLTVDKSRWQQ
1046,3,1,LYSKLTVDKSRWQQG
1047,3,1,YSKLTVDKSRWQQGN
1048,3,1,SKLTVDKSRWQQGNV
1049,3,1,KLTVDKSRWQQGNVF
1050,3,1,LTVDKSRWQQGNVFS
1051,3,1,TVDKSRWQQGNVFSC
1052,3,1,VDKSRWQQGNVFSCS
1053,3,1,DKSRWQQGNVFSCSV
1054,3,1,KSRWQQGNVFSCSVM
1055,3,1,SRWQQGNVFSCSVMH
1056,3,1,RWQQGNVFSCSVMHE
1057,3,1,WQQGNVFSCSVMHEA
1058,3,1,QQGNVFSCSVMHEAL
1059,3,1,QGNVFSCSVMHEALH
1060,3,1,GNVFSCSVMHEALHN
1061,3,1,NVFSCSVMHEALHNH
1062,3,1,VFSCSVMHEALHNHY
1063,3,1,FSCSVMHEALHNHYT
1064,3,1,SCSVMHEALHNHYTQ
1065,3,1,CSVMHEALHNHYTQK
1066,3,1,SVMHEALHNHYTQKS
1067,3,1,VMHEALHNHYTQKSL
1068,3,1,MHEALHNHYTQKSLS
1069,3,1,HEALHNHYTQKSLSL
1070,3,1,EALHNHYTQKSLSLS
1071,3,1,ALHNHYTQKSLSLSP
1072,3,1,LHNHYTQKSLSLSPG
1073,3,1,HNHYTQKSLSLSPGK
1074,4,2,QIVLSQSPAILSASP
1075,4,2,IVLSQSPAILSASPG
1076,4,2,VLSQSPAILSASPGE
1077,4,2,LSQSPAILSASPGEK
1078,4,2,SQSPAILSASPGEKV
1079,4,2,QSPAILSASPGEKVT
1080,4,2,SPAILSASPGEKVTM
1081,4,2,PAILSASPGEKVTMT
1082,4,2,AILSASPGEKVTMTC
1083,4,2,ILSASPGEKVTMTCR
1084,4,2,LSASPGEKVTMTCRA
1085,4,2,SASPGEKVTMTCRAS
1086,4,2,ASPGEKVTMTCRASS
1087,4,2,SPGEKVTMTCRASSS
1088,4,2,PGEKVTMTCRASSSV
1089,4,2,GEKVTMTCRASSSVS
1090,4,2,EKVTMTCRASSSVSY
1091,4,2,KVTMTCRASSSVSYI
1092,4,2,VTMTCRASSSVSYIH
1093,4,2,TMTCRASSSVSYIHW
1094,4,2,MTCRASSSVSYIHWF
1095,4,2,TCRASSSVSYIHWFQ
1096,4,2,CRASSSVSYIHWFQQ
1097,4,2,RASSSVSYIHWFQQK
1098,4,2,ASSSVSYIHWFQQKP
1099,4,2,SSSVSYIHWFQQKPG
1100,4,2,SSVSYIHWFQQKPGS
1101,4,2,SVSYIHWFQQKPGSS
1102,4,2,VSYIHWFQQKPGSSP
1103,4,2,SYIHWFQQKPGSSPK
1104,4,2,YIHWFQQKPGSSPKP
1105,4,2,IHWFQQKPGSSPKPW
1106,4,2,HWFQQKPGSSPKPWI
1107,4,2,WFQQKPGSSPKPWIY
1108,4,2,FQQKPGSSPKPWIYA
1109,4,2,QQKPGSSPKPWIYAT
1110,4,2,QKPGSSPKPWIYATS
1111,4,2,KPGSSPKPWIYATSN
1112,4,2,PGSSPKPWIYATSNL
1113,4,2,GSSPKPWIYATSNLA
1114,4,2,SSPKPWIYATSNLAS
1115,4,2,SPKPWIYATSNLASG
1116,4,2,PKPWIYATSNLASGV
1117,4,2,KPWIYATSNLASGVP
1118,4,2,PWIYATSNLASGVPV
1119,4,2,WIYATSNLASGVPVR
1120,4,2,IYATSNLASGVPVRF
1121,4,2,YATSNLASGVPVRFS
1122,4,2,ATSNLASGVPVRFSG
1123,4,2,TSNLASGVPVRFSGS
1124,4,2,SNLASGVPVRFSGSG
1125,4,2,NLASGVPVRFSGSGS
1126,4,2,LASGVPVRFSGSGSG
1127,4,2,ASGVPVRFSGSGSGT
1128,4,2,SGVPVRFSGSGSGTS
1129,4,2,GVPVRFSGSGSGTSY
1130,4,2,VPVRFSGSGSGTSYS
1131,4,2,PVRFSGSGSGTSYSL
1132,4,2,VRFSGSGSGTSYSLT
1133,4,2,RFSGSGSGTSYSLTI
1134,4,2,FSGSGSGTSYSLTIS
1135,4,2,SGSGSGTSYSLTISR
1136,4,2,GSGSGTSYSLTISRV
1137,4,2,SGSGTSYSLTISRVE
1138,4,2,GSGTSYSLTISRVEA
1139,4,2,SGTSYSLTISRVEAE
1140,4,2,GTSYSLTISRVEAED
1141,4,2,TSYSLTISRVEAEDA
1142,4,2,SYSLTISRVEAEDAA
1143,4,2,YSLTISRVEAEDAAT
1144,4,2,SLTISRVEAEDAATY
1145,4,2,LTISRVEAEDAATYY
1146,4,2,TISRVEAEDAATYYC
1147,4,2,ISRVEAEDAATYYCQ
1148,4,2,SRVEAEDAATYYCQQ
1149,4,2,RVEAEDAATYYCQQW
1150,4,2,VEAEDAATYYCQQWT
1151,4,2,EAEDAATYYCQQWTS
1152,4,2,AEDAATYYCQQWTSN
1153,4,2,EDAATYYCQQWTSNP
1154,4,2,DAATYYCQQWTSNPP
1155,4,2,AATYYCQQWTSNPPT
1156,4,2,ATYYCQQWTSNPPTF
1157,4,2,TYYCQQWTSNPPTFG
1158,4,2,YYCQQWTSNPPTFGG
1159,4,2,YCQQWTSNPPTFGGG
1160,4,2,CQQWTSNPPTFGGGT
1161,4,2,QQWTSNPPTFGGGTK
1162,4,2,QWTSNPPTFGGGTKL
1163,4,2,WTSNPPTFGGGTKLE
1164,4,2,TSNPPTFGGGTKLEI
1165,4,2,SNPPTFGGGTKLEIK
1166,4,2,NPPTFGGGTKLEIKR
1167,4,2,PPTFGGGTKLEIKRT
1168,4,2,PTFGGGTKLEIKRTV
1169,4,2,TFGGGTKLEIKRTVA
1170,4,2,FGGGTKLEIKRTVAA
1171,4,2,GGGTKLEIKRTVAAP
1172,4,2,GGTKLEIKRTVAAPS
1173,4,2,GTKLEIKRTVAAPSV
1174,4,2,TKLEIKRTVAAPSVF
1175,4,2,KLEIKRTVAAPSVFI
1176,4,2,LEIKRTVAAPSVFIF
1177,4,2,EIKRTVAAPSVFIFP
1178,4,2,IKRTVAAPSVFIFPP
1179,4,2,KRTVAAPSVFIFPPS
1180,4,2,RTVAAPSVFIFPPSD
1181,4,2,TVAAPSVFIFPPSDE
1182,4,2,VAAPSVFIFPPSDEQ
1183,4,2,AAPSVFIFPPSDEQL
1184,4,2,APSVFIFPPSDEQLK
1185,4,2,PSVFIFPPSDEQLKS
1186,4,2,SVFIFPPSDEQLKSG
1187,4,2,VFIFPPSDEQLKSGT
1188,4,2,FIFPPSDEQLKSGTA
1189,4,2,IFPPSDEQLKSGTAS
1190,4,2,FPPSDEQLKSGTASV
1191,4,2,PPSDEQLKSGTASVV
1192,4,2,PSDEQLKSGTASVVC
1193,4,2,SDEQLKSGTASVVCL
1194,4,2,DEQLKSGTASVVCLL
1195,4,2,EQLKSGTASVVCLLN
1196,4,2,QLKSGTASVVCLLNN
1197,4,2,LKSGTASVVCLLNNF
1198,4,2,KSGTASVVCLLNNFY
1199,4,2,SGTASVVCLLNNFYP
1200,4,2,GTASVVCLLNNFYPR
1201,4,2,TASVVCLLNNFYPRE
1202,4,2,ASVVCLLNNFYPREA
1203,4,2,SVVCLLNNFYPREAK
1204,4,2,VVCLLNNFYPREAKV
1205,4,2,VCLLNNFYPREAKVQ
1206,4,2,CLLNNFYPREAKVQW
1207,4,2,LLNNFYPREAKVQWK
1208,4,2,LNNFYPREAKVQWKV
1209,4,2,NNFYPREAKVQWKVD
1210,4,2,NFYPREAKVQWKVDN
1211,4,2,FYPREAKVQWKVDNA
1212,4,2,YPREAKVQWKVDNAL
1213,4,2,PREAKVQWKVDNALQ
1214,4,2,REAKVQWKVDNALQS
1215,4,2,EAKVQWKVDNALQSG
1216,4,2,AKVQWKVDNALQSGN
1217,4,2,KVQWKVDNALQSGNS
1218,4,2,VQWKVDNALQSGNSQ
1219,4,2,QWKVDNALQSGNSQE
1220,4,2,WKVDNALQSGNSQES
1221,4,2,KVDNALQSGNSQESV
1222,4,2,VDNALQSGNSQESVT
1223,4,2,DNALQSGNSQESVTE
1224,4,2,NALQSGNSQESVTEQ
1225,4,2,ALQSGNSQESVTEQD
1226,4,2,LQSGNSQESVTEQDS
1227,4,2,QSGNSQESVTEQDSK
1228,4,2,SGNSQESVTEQDSKD
1229,4,2,GNSQESVTEQDSKDS
1230,4,2,NSQESVTEQDSKDST
1231,4,2,SQESVTEQDSKDSTY
1232,4,2,QESVTEQDSKDSTYS
1233,4,2,ESVTEQDSKDSTYSL
1234,4,2,SVTEQDSKDSTYSLS
1235,4,2,VTEQDSKDSTYSLSS
1236,4,2,TEQDSKDSTYSLSST
1237,4,2,EQDSKDSTYSLSSTL
1238,4,2,QDSKDSTYSLSSTLT
1239,4,2,DSKDSTYSLSSTLTL
1240,4,2,SKDSTYSLSSTLTLS
1241,4,2,KDSTYSLSSTLTLSK
1242,4,2,DSTYSLSSTLTLSKA
1243,4,2,STYSLSSTLTLSKAD
1244,4,2,TYSLSSTLTLSKADY
1245,4,2,YSLSSTLTLSKADYE
1246,4,2,SLSSTLTLSKADYEK
1247,4,2,LSSTLTLSKADYEKH
1248,4,2,SSTLTLSKADYEKHK
1249,4,2,STLTLSKADYEKHKV
1250,4,2,TLTLSKADYEKHKVY
1251,4,2,LTLSKADYEKHKVYA
1252,4,2,TLSKADYEKHKVYAC
1253,4,2,LSKADYEKHKVYACE
1254,4,2,SKADYEKHKVYACEV
1255,4,2,KADYEKHKVYACEVT
1256,4,2,ADYEKHKVYACEVTH
1257,4,2,DYEKHKVYACEVTHQ
1258,4,2,YEKHKVYACEVTHQG
1259,4,2,EKHKVYACEVTHQGL
1260,4,2,KHKVYACEVTHQGLS
1261,4,2,HKVYACEVTHQGLSS
1262,4,2,KVYACEVTHQGLSSP
1263,4,2,VYACEVTHQGLSSPV
1264,4,2,YACEVTHQGLSSPVT
1265,4,2,ACEVTHQGLSSPVTK
1266,4,2,CEVTHQGLSSPVTKS
1267,4,2,EVTHQGLSSPVTKSF
1268,4,2,VTHQGLSSPVTKSFN
1269,4,2,THQGLSSPVTKSFNR
1270,4,2,HQGLSSPVTKSFNRG
1271,4,2,QGLSSPVTKSFNRGE
1272,4,2,GLSSPVTKSFNRGEC
