Index,ChainNum,ChainID,xmers
1,1,1,DIQMTQSPSSLSASV
2,1,1,IQMTQSPSSLSASVG
3,1,1,QMTQSPSSLSASVGD
4,1,1,MTQSPSSLSASVGDR
5,1,1,TQSPSSLSASVGDRV
6,1,1,QSPSSLSASVGDRVT
7,1,1,SPSSLSASVGDRVTI
8,1,1,PSSLSASVGDRVTIT
9,1,1,SSLSASVGDRVTITC
10,1,1,SLSASVGDRVTITCR
11,1,1,LSASVGDRVTITCRA
12,1,1,SASVGDRVTITCRAS
13,1,1,ASVGDRVTITCRASQ
14,1,1,SVGDRVTITCRASQD
15,1,1,VGDRVTITCRASQDV
16,1,1,GDRVTITCRASQDVN
17,1,1,DRVTITCRASQDVNT
18,1,1,RVTITCRASQDVNTA
19,1,1,VTITCRASQDVNTAV
20,1,1,TITCRASQDVNTAVA
21,1,1,ITCRASQDVNTAVAW
22,1,1,TCRASQDVNTAVAWY
23,1,1,CRASQDVNTAVAWYQ
24,1,1,RASQDVNTAVAWYQQ
25,1,1,ASQDVNTAVAWYQQK
26,1,1,SQDVNTAVAWYQQKP
27,1,1,QDVNTAVAWYQQKPG
28,1,1,DVNTAVAWYQQKPGK
29,1,1,VNTAVAWYQQKPGKA
30,1,1,NTAVAWYQQKPGKAP
31,1,1,TAVAWYQQKPGKAPK
32,1,1,AVAWYQQKPGKAPKL
33,1,1,VAWYQQKPGKAPKLL
34,1,1,AWYQQKPGKAPKLLI
35,1,1,WYQQKPGKAPKLLIY
36,1,1,YQQKPGKAPKLLIYS
37,1,1,QQKPGKAPKLLIYSA
38,1,1,QKPGKAPKLLIYSAS
39,1,1,KPGKAPKLLIYSASF
40,1,1,PGKAPKLLIYSASFL
41,1,1,GKAPKLLIYSASFLY
42,1,1,KAPKLLIYSASFLYS
43,1,1,APKLLIYSASFLYSG
44,1,1,PKLLIYSASFLYSGV
45,1,1,KLLIYSASFLYSGVP
46,1,1,LLIYSASFLYSGVPS
47,1,1,LIYSASFLYSGVPSR
48,1,1,IYSASFLYSGVPSRF
49,1,1,YSASFLYSGVPSRFS
50,1,1,SASFLYSGVPSRFSG
51,1,1,ASFLYSGVPSRFSGS
52,1,1,SFLYSGVPSRFSGSR
53,1,1,FLYSGVPSRFSGSRS
54,1,1,LYSGVPSRFSGSRSG
55,1,1,YSGVPSRFSGSRSGT
56,1,1,SGVPSRFSGSRSGTD
57,1,1,GVPSRFSGSRSGTDF
58,1,1,VPSRFSGSRSGTDFT
59,1,1,PSRFSGSRSGTDFTL
60,1,1,SRFSGSRSGTDFTLT
61,1,1,RFSGSRSGTDFTLTI
62,1,1,FSGSRSGTDFTLTIS
63,1,1,SGSRSGTDFTLTISS
64,1,1,GSRSGTDFTLTISSL
65,1,1,SRSGTDFTLTISSLQ
66,1,1,RSGTDFTLTISSLQP
67,1,1,SGTDFTLTISSLQPE
68,1,1,GTDFTLTISSLQPED
69,1,1,TDFTLTISSLQPEDF
70,1,1,DFTLTISSLQPEDFA
71,1,1,FTLTISSLQPEDFAT
72,1,1,TLTISSLQPEDFATY
73,1,1,LTISSLQPEDFATYY
74,1,1,TISSLQPEDFATYYC
75,1,1,ISSLQPEDFATYYCQ
76,1,1,SSLQPEDFATYYCQQ
77,1,1,SLQPEDFATYYCQQH
78,1,1,LQPEDFATYYCQQHY
79,1,1,QPEDFATYYCQQHYT
80,1,1,PEDFATYYCQQHYTT
81,1,1,EDFATYYCQQHYTTP
82,1,1,DFATYYCQQHYTTPP
83,1,1,FATYYCQQHYTTPPT
84,1,1,ATYYCQQHYTTPPTF
85,1,1,TYYCQQHYTTPPTFG
86,1,1,YYCQQHYTTPPTFGQ
87,1,1,YCQQHYTTPPTFGQG
88,1,1,CQQHYTTPPTFGQGT
89,1,1,QQHYTTPPTFGQGTK
90,1,1,QHYTTPPTFGQGTKV
91,1,1,HYTTPPTFGQGTKVE
92,1,1,YTTPPTFGQGTKVEI
93,1,1,TTPPTFGQGTKVEIK
94,1,1,TPPTFGQGTKVEIKR
95,1,1,PPTFGQGTKVEIKRT
96,1,1,PTFGQGTKVEIKRTV
97,1,1,TFGQGTKVEIKRTVA
98,1,1,FGQGTKVEIKRTVAA
99,1,1,GQGTKVEIKRTVAAP
100,1,1,QGTKVEIKRTVAAPS
101,1,1,GTKVEIKRTVAAPSV
102,1,1,TKVEIKRTVAAPSVF
103,1,1,KVEIKRTVAAPSVFI
104,1,1,VEIKRTVAAPSVFIF
105,1,1,EIKRTVAAPSVFIFP
106,1,1,IKRTVAAPSVFIFPP
107,1,1,KRTVAAPSVFIFPPS
108,1,1,RTVAAPSVFIFPPSD
109,1,1,TVAAPSVFIFPPSDE
110,1,1,VAAPSVFIFPPSDEQ
111,1,1,AAPSVFIFPPSDEQL
112,1,1,APSVFIFPPSDEQLK
113,1,1,PSVFIFPPSDEQLKS
114,1,1,SVFIFPPSDEQLKSG
115,1,1,VFIFPPSDEQLKSGT
116,1,1,FIFPPSDEQLKSGTA
117,1,1,IFPPSDEQLKSGTAS
118,1,1,FPPSDEQLKSGTASV
119,1,1,PPSDEQLKSGTASVV
120,1,1,PSDEQLKSGTASVVC
121,1,1,SDEQLKSGTASVVCL
122,1,1,DEQLKSGTASVVCLL
123,1,1,EQLKSGTASVVCLLN
124,1,1,QLKSGTASVVCLLNN
125,1,1,LKSGTASVVCLLNNF
126,1,1,KSGTASVVCLLNNFY
127,1,1,SGTASVVCLLNNFYP
128,1,1,GTASVVCLLNNFYPR
129,1,1,TASVVCLLNNFYPRE
130,1,1,ASVVCLLNNFYPREA
131,1,1,SVVCLLNNFYPREAK
132,1,1,VVCLLNNFYPREAKV
133,1,1,VCLLNNFYPREAKVQ
134,1,1,CLLNNFYPREAKVQW
135,1,1,LLNNFYPREAKVQWK
136,1,1,LNNFYPREAKVQWKV
137,1,1,NNFYPREAKVQWKVD
138,1,1,NFYPREAKVQWKVDN
139,1,1,FYPREAKVQWKVDNA
140,1,1,YPREAKVQWKVDNAL
141,1,1,PREAKVQWKVDNALQ
142,1,1,REAKVQWKVDNALQS
143,1,1,EAKVQWKVDNALQSG
144,1,1,AKVQWKVDNALQSGN
145,1,1,KVQWKVDNALQSGNS
146,1,1,VQWKVDNALQSGNSQ
147,1,1,QWKVDNALQSGNSQE
148,1,1,WKVDNALQSGNSQES
149,1,1,KVDNALQSGNSQESV
150,1,1,VDNALQSGNSQESVT
151,1,1,DNALQSGNSQESVTE
152,1,1,NALQSGNSQESVTEQ
153,1,1,ALQSGNSQESVTEQD
154,1,1,LQSGNSQESVTEQDS
155,1,1,QSGNSQESVTEQDSK
156,1,1,SGNSQESVTEQDSKD
157,1,1,GNSQESVTEQDSKDS
158,1,1,NSQESVTEQDSKDST
159,1,1,SQESVTEQDSKDSTY
160,1,1,QESVTEQDSKDSTYS
161,1,1,ESVTEQDSKDSTYSL
162,1,1,SVTEQDSKDSTYSLS
163,1,1,VTEQDSKDSTYSLSS
164,1,1,TEQDSKDSTYSLSST
165,1,1,EQDSKDSTYSLSSTL
166,1,1,QDSKDSTYSLSSTLT
167,1,1,DSKDSTYSLSSTLTL
168,1,1,SKDSTYSLSSTLTLS
169,1,1,KDSTYSLSSTLTLSK
170,1,1,DSTYSLSSTLTLSKA
171,1,1,STYSLSSTLTLSKAD
172,1,1,TYSLSSTLTLSKADY
173,1,1,YSLSSTLTLSKADYE
174,1,1,SLSSTLTLSKADYEK
175,1,1,LSSTLTLSKADYEKH
176,1,1,SSTLTLSKADYEKHK
177,1,1,STLTLSKADYEKHKV
178,1,1,TLTLSKADYEKHKVY
179,1,1,LTLSKADYEKHKVYA
180,1,1,TLSKADYEKHKVYAC
181,1,1,LSKADYEKHKVYACE
182,1,1,SKADYEKHKVYACEV
183,1,1,KADYEKHKVYACEVT
184,1,1,ADYEKHKVYACEVTH
185,1,1,DYEKHKVYACEVTHQ
186,1,1,YEKHKVYACEVTHQG
187,1,1,EKHKVYACEVTHQGL
188,1,1,KHKVYACEVTHQGLS
189,1,1,HKVYACEVTHQGLSS
190,1,1,KVYACEVTHQGLSSP
191,1,1,VYACEVTHQGLSSPV
192,1,1,YACEVTHQGLSSPVT
193,1,1,ACEVTHQGLSSPVTK
194,1,1,CEVTHQGLSSPVTKS
195,1,1,EVTHQGLSSPVTKSF
196,1,1,VTHQGLSSPVTKSFN
197,1,1,THQGLSSPVTKSFNR
198,1,1,HQGLSSPVTKSFNRG
199,1,1,QGLSSPVTKSFNRGE
200,1,1,GLSSPVTKSFNRGEC
201,2,2,EVQLVESGGGLVQPG
202,2,2,VQLVESGGGLVQPGG
203,2,2,QLVESGGGLVQPGGS
204,2,2,LVESGGGLVQPGGSL
205,2,2,VESGGGLVQPGGSLR
206,2,2,ESGGGLVQPGGSLRL
207,2,2,SGGGLVQPGGSLRLS
208,2,2,GGGLVQPGGSLRLSC
209,2,2,GGLVQPGGSLRLSCA
210,2,2,GLVQPGGSLRLSCAA
211,2,2,LVQPGGSLRLSCAAS
212,2,2,VQPGGSLRLSCAASG
213,2,2,QPGGSLRLSCAASGF
214,2,2,PGGSLRLSCAASGFN
215,2,2,GGSLRLSCAASGFNI
216,2,2,GSLRLSCAASGFNIK
217,2,2,SLRLSCAASGFNIKD
218,2,2,LRLSCAASGFNIKDT
219,2,2,RLSCAASGFNIKDTY
220,2,2,LSCAASGFNIKDTYI
221,2,2,SCAASGFNIKDTYIH
222,2,2,CAASGFNIKDTYIHW
223,2,2,AASGFNIKDTYIHWV
224,2,2,ASGFNIKDTYIHWVR
225,2,2,SGFNIKDTYIHWVRQ
226,2,2,GFNIKDTYIHWVRQA
227,2,2,FNIKDTYIHWVRQAP
228,2,2,NIKDTYIHWVRQAPG
229,2,2,IKDTYIHWVRQAPGK
230,2,2,KDTYIHWVRQAPGKG
231,2,2,DTYIHWVRQAPGKGL
232,2,2,TYIHWVRQAPGKGLE
233,2,2,YIHWVRQAPGKGLEW
234,2,2,IHWVRQAPGKGLEWV
235,2,2,HWVRQAPGKGLEWVA
236,2,2,WVRQAPGKGLEWVAR
237,2,2,VRQAPGKGLEWVARI
238,2,2,RQAPGKGLEWVARIY
239,2,2,QAPGKGLEWVARIYP
240,2,2,APGKGLEWVARIYPT
241,2,2,PGKGLEWVARIYPTN
242,2,2,GKGLEWVARIYPTNG
243,2,2,KGLEWVARIYPTNGY
244,2,2,GLEWVARIYPTNGYT
245,2,2,LEWVARIYPTNGYTR
246,2,2,EWVARIYPTNGYTRY
247,2,2,WVARIYPTNGYTRYA
248,2,2,VARIYPTNGYTRYAD
249,2,2,ARIYPTNGYTRYADS
250,2,2,RIYPTNGYTRYADSV
251,2,2,IYPTNGYTRYADSVK
252,2,2,YPTNGYTRYADSVKG
253,2,2,PTNGYTRYADSVKGR
254,2,2,TNGYTRYADSVKGRF
255,2,2,NGYTRYADSVKGRFT
256,2,2,GYTRYADSVKGRFTI
257,2,2,YTRYADSVKGRFTIS
258,2,2,TRYADSVKGRFTISA
259,2,2,RYADSVKGRFTISAD
260,2,2,YADSVKGRFTISADT
261,2,2,ADSVKGRFTISADTS
262,2,2,DSVKGRFTISADTSK
263,2,2,SVKGRFTISADTSKN
264,2,2,VKGRFTISADTSKNT
265,2,2,KGRFTISADTSKNTA
266,2,2,GRFTISADTSKNTAY
267,2,2,RFTISADTSKNTAYL
268,2,2,FTISADTSKNTAYLQ
269,2,2,TISADTSKNTAYLQM
270,2,2,ISADTSKNTAYLQMN
271,2,2,SADTSKNTAYLQMNS
272,2,2,ADTSKNTAYLQMNSL
273,2,2,DTSKNTAYLQMNSLR
274,2,2,TSKNTAYLQMNSLRA
275,2,2,SKNTAYLQMNSLRAE
276,2,2,KNTAYLQMNSLRAED
277,2,2,NTAYLQMNSLRAEDT
278,2,2,TAYLQMNSLRAEDTA
279,2,2,AYLQMNSLRAEDTAV
280,2,2,YLQMNSLRAEDTAVY
281,2,2,LQMNSLRAEDTAVYY
282,2,2,QMNSLRAEDTAVYYC
283,2,2,MNSLRAEDTAVYYCS
284,2,2,NSLRAEDTAVYYCSR
285,2,2,SLRAEDTAVYYCSRW
286,2,2,LRAEDTAVYYCSRWG
287,2,2,RAEDTAVYYCSRWGG
288,2,2,AEDTAVYYCSRWGGD
289,2,2,EDTAVYYCSRWGGDG
290,2,2,DTAVYYCSRWGGDGF
291,2,2,TAVYYCSRWGGDGFY
292,2,2,AVYYCSRWGGDGFYA
293,2,2,VYYCSRWGGDGFYAM
294,2,2,YYCSRWGGDGFYAMD
295,2,2,YCSRWGGDGFYAMDY
296,2,2,CSRWGGDGFYAMDYW
297,2,2,SRWGGDGFYAMDYWG
298,2,2,RWGGDGFYAMDYWGQ
299,2,2,WGGDGFYAMDYWGQG
300,2,2,GGDGFYAMDYWGQGT
301,2,2,GDGFYAMDYWGQGTL
302,2,2,DGFYAMDYWGQGTLV
303,2,2,GFYAMDYWGQGTLVT
304,2,2,FYAMDYWGQGTLVTV
305,2,2,YAMDYWGQGTLVTVS
306,2,2,AMDYWGQGTLVTVSS
307,2,2,MDYWGQGTLVTVSSA
308,2,2,DYWGQGTLVTVSSAS
309,2,2,YWGQGTLVTVSSAST
310,2,2,WGQGTLVTVSSASTK
311,2,2,GQGTLVTVSSASTKG
312,2,2,QGTLVTVSSASTKGP
313,2,2,GTLVTVSSASTKGPS
314,2,2,TLVTVSSASTKGPSV
315,2,2,LVTVSSASTKGPSVF
316,2,2,VTVSSASTKGPSVFP
317,2,2,TVSSASTKGPSVFPL
318,2,2,VSSASTKGPSVFPLA
319,2,2,SSASTKGPSVFPLAP
320,2,2,SASTKGPSVFPLAPS
321,2,2,ASTKGPSVFPLAPSS
322,2,2,STKGPSVFPLAPSSK
323,2,2,TKGPSVFPLAPSSKS
324,2,2,KGPSVFPLAPSSKST
325,2,2,GPSVFPLAPSSKSTS
326,2,2,PSVFPLAPSSKSTSG
327,2,2,SVFPLAPSSKSTSGG
328,2,2,VFPLAPSSKSTSGGT
329,2,2,FPLAPSSKSTSGGTA
330,2,2,PLAPSSKSTSGGTAA
331,2,2,LAPSSKSTSGGTAAL
332,2,2,APSSKSTSGGTAALG
333,2,2,PSSKSTSGGTAALGC
334,2,2,SSKSTSGGTAALGCL
335,2,2,SKSTSGGTAALGCLV
336,2,2,KSTSGGTAALGCLVK
337,2,2,STSGGTAALGCLVKD
338,2,2,TSGGTAALGCLVKDY
339,2,2,SGGTAALGCLVKDYF
340,2,2,GGTAALGCLVKDYFP
341,2,2,GTAALGCLVKDYFPE
342,2,2,TAALGCLVKDYFPEP
343,2,2,AALGCLVKDYFPEPV
344,2,2,ALGCLVKDYFPEPVT
345,2,2,LGCLVKDYFPEPVTV
346,2,2,GCLVKDYFPEPVTVS
347,2,2,CLVKDYFPEPVTVSW
348,2,2,LVKDYFPEPVTVSWN
349,2,2,VKDYFPEPVTVSWNS
350,2,2,KDYFPEPVTVSWNSG
351,2,2,DYFPEPVTVSWNSGA
352,2,2,YFPEPVTVSWNSGAL
353,2,2,FPEPVTVSWNSGALT
354,2,2,PEPVTVSWNSGALTS
355,2,2,EPVTVSWNSGALTSG
356,2,2,PVTVSWNSGALTSGV
357,2,2,VTVSWNSGALTSGVH
358,2,2,TVSWNSGALTSGVHT
359,2,2,VSWNSGALTSGVHTF
360,2,2,SWNSGALTSGVHTFP
361,2,2,WNSGALTSGVHTFPA
362,2,2,NSGALTSGVHTFPAV
363,2,2,SGALTSGVHTFPAVL
364,2,2,GALTSGVHTFPAVLQ
365,2,2,ALTSGVHTFPAVLQS
366,2,2,LTSGVHTFPAVLQSS
367,2,2,TSGVHTFPAVLQSSG
368,2,2,SGVHTFPAVLQSSGL
369,2,2,GVHTFPAVLQSSGLY
370,2,2,VHTFPAVLQSSGLYS
371,2,2,HTFPAVLQSSGLYSL
372,2,2,TFPAVLQSSGLYSLS
373,2,2,FPAVLQSSGLYSLSS
374,2,2,PAVLQSSGLYSLSSV
375,2,2,AVLQSSGLYSLSSVV
376,2,2,VLQSSGLYSLSSVVT
377,2,2,LQSSGLYSLSSVVTV
378,2,2,QSSGLYSLSSVVTVP
379,2,2,SSGLYSLSSVVTVPS
380,2,2,SGLYSLSSVVTVPSS
381,2,2,GLYSLSSVVTVPSSS
382,2,2,LYSLSSVVTVPSSSL
383,2,2,YSLSSVVTVPSSSLG
384,2,2,SLSSVVTVPSSSLGT
385,2,2,LSSVVTVPSSSLGTQ
386,2,2,SSVVTVPSSSLGTQT
387,2,2,SVVTVPSSSLGTQTY
388,2,2,VVTVPSSSLGTQTYI
389,2,2,VTVPSSSLGTQTYIC
390,2,2,TVPSSSLGTQTYICN
391,2,2,VPSSSLGTQTYICNV
392,2,2,PSSSLGTQTYICNVN
393,2,2,SSSLGTQTYICNVNH
394,2,2,SSLGTQTYICNVNHK
395,2,2,SLGTQTYICNVNHKP
396,2,2,LGTQTYICNVNHKPS
397,2,2,GTQTYICNVNHKPSN
398,2,2,TQTYICNVNHKPSNT
399,2,2,QTYICNVNHKPSNTK
400,2,2,TYICNVNHKPSNTKV
401,2,2,YICNVNHKPSNTKVD
402,2,2,ICNVNHKPSNTKVDK
403,2,2,CNVNHKPSNTKVDKK
404,2,2,NVNHKPSNTKVDKKV
405,2,2,VNHKPSNTKVDKKVE
406,2,2,NHKPSNTKVDKKVEP
407,2,2,HKPSNTKVDKKVEPK
408,2,2,KPSNTKVDKKVEPKS
409,2,2,PSNTKVDKKVEPKSC
410,2,2,SNTKVDKKVEPKSCD
411,2,2,NTKVDKKVEPKSCDK
412,2,2,TKVDKKVEPKSCDKT
413,2,2,KVDKKVEPKSCDKTH
414,2,2,VDKKVEPKSCDKTHT
415,2,2,DKKVEPKSCDKTHTC
416,2,2,KKVEPKSCDKTHTCP
417,2,2,KVEPKSCDKTHTCPP
418,2,2,VEPKSCDKTHTCPPC
419,2,2,EPKSCDKTHTCPPCP
420,2,2,PKSCDKTHTCPPCPA
421,2,2,KSCDKTHTCPPCPAP
422,2,2,SCDKTHTCPPCPAPE
423,2,2,CDKTHTCPPCPAPEL
424,2,2,DKTHTCPPCPAPELL
425,2,2,KTHTCPPCPAPELLG
426,2,2,THTCPPCPAPELLGG
427,2,2,HTCPPCPAPELLGGP
428,2,2,TCPPCPAPELLGGPS
429,2,2,CPPCPAPELLGGPSV
430,2,2,PPCPAPELLGGPSVF
431,2,2,PCPAPELLGGPSVFL
432,2,2,CPAPELLGGPSVFLF
433,2,2,PAPELLGGPSVFLFP
434,2,2,APELLGGPSVFLFPP
435,2,2,PELLGGPSVFLFPPK
436,2,2,ELLGGPSVFLFPPKP
437,2,2,LLGGPSVFLFPPKPK
438,2,2,LGGPSVFLFPPKPKD
439,2,2,GGPSVFLFPPKPKDT
440,2,2,GPSVFLFPPKPKDTL
441,2,2,PSVFLFPPKPKDTLM
442,2,2,SVFLFPPKPKDTLMI
443,2,2,VFLFPPKPKDTLMIS
444,2,2,FLFPPKPKDTLMISR
445,2,2,LFPPKPKDTLMISRT
446,2,2,FPPKPKDTLMISRTP
447,2,2,PPKPKDTLMISRTPE
448,2,2,PKPKDTLMISRTPEV
449,2,2,KPKDTLMISRTPEVT
450,2,2,PKDTLMISRTPEVTC
451,2,2,KDTLMISRTPEVTCV
452,2,2,DTLMISRTPEVTCVV
453,2,2,TLMISRTPEVTCVVV
454,2,2,LMISRTPEVTCVVVD
455,2,2,MISRTPEVTCVVVDV
456,2,2,ISRTPEVTCVVVDVS
457,2,2,SRTPEVTCVVVDVSH
458,2,2,RTPEVTCVVVDVSHE
459,2,2,TPEVTCVVVDVSHED
460,2,2,PEVTCVVVDVSHEDP
461,2,2,EVTCVVVDVSHEDPE
462,2,2,VTCVVVDVSHEDPEV
463,2,2,TCVVVDVSHEDPEVK
464,2,2,CVVVDVSHEDPEVKF
465,2,2,VVVDVSHEDPEVKFN
466,2,2,VVDVSHEDPEVKFNW
467,2,2,VDVSHEDPEVKFNWY
468,2,2,DVSHEDPEVKFNWYV
469,2,2,VSHEDPEVKFNWYVD
470,2,2,SHEDPEVKFNWYVDG
471,2,2,HEDPEVKFNWYVDGV
472,2,2,EDPEVKFNWYVDGVE
473,2,2,DPEVKFNWYVDGVEV
474,2,2,PEVKFNWYVDGVEVH
475,2,2,EVKFNWYVDGVEVHN
476,2,2,VKFNWYVDGVEVHNA
477,2,2,KFNWYVDGVEVHNAK
478,2,2,FNWYVDGVEVHNAKT
479,2,2,NWYVDGVEVHNAKTK
480,2,2,WYVDGVEVHNAKTKP
481,2,2,YVDGVEVHNAKTKPR
482,2,2,VDGVEVHNAKTKPRE
483,2,2,DGVEVHNAKTKPREE
484,2,2,GVEVHNAKTKPREEQ
485,2,2,VEVHNAKTKPREEQY
486,2,2,EVHNAKTKPREEQYN
487,2,2,VHNAKTKPREEQYNS
488,2,2,HNAKTKPREEQYNST
489,2,2,NAKTKPREEQYNSTY
490,2,2,AKTKPREEQYNSTYR
491,2,2,KTKPREEQYNSTYRV
492,2,2,TKPREEQYNSTYRVV
493,2,2,KPREEQYNSTYRVVS
494,2,2,PREEQYNSTYRVVSV
495,2,2,REEQYNSTYRVVSVL
496,2,2,EEQYNSTYRVVSVLT
497,2,2,EQYNSTYRVVSVLTV
498,2,2,QYNSTYRVVSVLTVL
499,2,2,YNSTYRVVSVLTVLH
500,2,2,NSTYRVVSVLTVLHQ
501,2,2,STYRVVSVLTVLHQD
502,2,2,TYRVVSVLTVLHQDW
503,2,2,YRVVSVLTVLHQDWL
504,2,2,RVVSVLTVLHQDWLN
505,2,2,VVSVLTVLHQDWLNG
506,2,2,VSVLTVLHQDWLNGK
507,2,2,SVLTVLHQDWLNGKE
508,2,2,VLTVLHQDWLNGKEY
509,2,2,LTVLHQDWLNGKEYK
510,2,2,TVLHQDWLNGKEYKC
511,2,2,VLHQDWLNGKEYKCK
512,2,2,LHQDWLNGKEYKCKV
513,2,2,HQDWLNGKEYKCKVS
514,2,2,QDWLNGKEYKCKVSN
515,2,2,DWLNGKEYKCKVSNK
516,2,2,WLNGKEYKCKVSNKA
517,2,2,LNGKEYKCKVSNKAL
518,2,2,NGKEYKCKVSNKALP
519,2,2,GKEYKCKVSNKALPA
520,2,2,KEYKCKVSNKALPAP
521,2,2,EYKCKVSNKALPAPI
522,2,2,YKCKVSNKALPAPIE
523,2,2,KCKVSNKALPAPIEK
524,2,2,CKVSNKALPAPIEKT
525,2,2,KVSNKALPAPIEKTI
526,2,2,VSNKALPAPIEKTIS
527,2,2,SNKALPAPIEKTISK
528,2,2,NKALPAPIEKTISKA
529,2,2,KALPAPIEKTISKAK
530,2,2,ALPAPIEKTISKAKG
531,2,2,LPAPIEKTISKAKGQ
532,2,2,PAPIEKTISKAKGQP
533,2,2,APIEKTISKAKGQPR
534,2,2,PIEKTISKAKGQPRE
535,2,2,IEKTISKAKGQPREP
536,2,2,EKTISKAKGQPREPQ
537,2,2,KTISKAKGQPREPQV
538,2,2,TISKAKGQPREPQVY
539,2,2,ISKAKGQPREPQVYT
540,2,2,SKAKGQPREPQVYTL
541,2,2,KAKGQPREPQVYTLP
542,2,2,AKGQPREPQVYTLPP
543,2,2,KGQPREPQVYTLPPS
544,2,2,GQPREPQVYTLPPSR
545,2,2,QPREPQVYTLPPSRE
546,2,2,PREPQVYTLPPSREE
547,2,2,REPQVYTLPPSREEM
548,2,2,EPQVYTLPPSREEMT
549,2,2,PQVYTLPPSREEMTK
550,2,2,QVYTLPPSREEMTKN
551,2,2,VYTLPPSREEMTKNQ
552,2,2,YTLPPSREEMTKNQV
553,2,2,TLPPSREEMTKNQVS
554,2,2,LPPSREEMTKNQVSL
555,2,2,PPSREEMTKNQVSLT
556,2,2,PSREEMTKNQVSLTC
557,2,2,SREEMTKNQVSLTCL
558,2,2,REEMTKNQVSLTCLV
559,2,2,EEMTKNQVSLTCLVK
560,2,2,EMTKNQVSLTCLVKG
561,2,2,MTKNQVSLTCLVKGF
562,2,2,TKNQVSLTCLVKGFY
563,2,2,KNQVSLTCLVKGFYP
564,2,2,NQVSLTCLVKGFYPS
565,2,2,QVSLTCLVKGFYPSD
566,2,2,VSLTCLVKGFYPSDI
567,2,2,SLTCLVKGFYPSDIA
568,2,2,LTCLVKGFYPSDIAV
569,2,2,TCLVKGFYPSDIAVE
570,2,2,CLVKGFYPSDIAVEW
571,2,2,LVKGFYPSDIAVEWE
572,2,2,VKGFYPSDIAVEWES
573,2,2,KGFYPSDIAVEWESN
574,2,2,GFYPSDIAVEWESNG
575,2,2,FYPSDIAVEWESNGQ
576,2,2,YPSDIAVEWESNGQP
577,2,2,PSDIAVEWESNGQPE
578,2,2,SDIAVEWESNGQPEN
579,2,2,DIAVEWESNGQPENN
580,2,2,IAVEWESNGQPENNY
581,2,2,AVEWESNGQPENNYK
582,2,2,VEWESNGQPENNYKT
583,2,2,EWESNGQPENNYKTT
584,2,2,WESNGQPENNYKTTP
585,2,2,ESNGQPENNYKTTPP
586,2,2,SNGQPENNYKTTPPV
587,2,2,NGQPENNYKTTPPVL
588,2,2,GQPENNYKTTPPVLD
589,2,2,QPENNYKTTPPVLDS
590,2,2,PENNYKTTPPVLDSD
591,2,2,ENNYKTTPPVLDSDG
592,2,2,NNYKTTPPVLDSDGS
593,2,2,NYKTTPPVLDSDGSF
594,2,2,YKTTPPVLDSDGSFF
595,2,2,KTTPPVLDSDGSFFL
596,2,2,TTPPVLDSDGSFFLY
597,2,2,TPPVLDSDGSFFLYS
598,2,2,PPVLDSDGSFFLYSK
599,2,2,PVLDSDGSFFLYSKL
600,2,2,VLDSDGSFFLYSKLT
601,2,2,LDSDGSFFLYSKLTV
602,2,2,DSDGSFFLYSKLTVD
603,2,2,SDGSFFLYSKLTVDK
604,2,2,DGSFFLYSKLTVDKS
605,2,2,GSFFLYSKLTVDKSR
606,2,2,SFFLYSKLTVDKSRW
607,2,2,FFLYSKLTVDKSRWQ
608,2,2,FLYSKLTVDKSRWQQ
609,2,2,LYSKLTVDKSRWQQG
610,2,2,YSKLTVDKSRWQQGN
611,2,2,SKLTVDKSRWQQGNV
612,2,2,KLTVDKSRWQQGNVF
613,2,2,LTVDKSRWQQGNVFS
614,2,2,TVDKSRWQQGNVFSC
615,2,2,VDKSRWQQGNVFSCS
616,2,2,DKSRWQQGNVFSCSV
617,2,2,KSRWQQGNVFSCSVM
618,2,2,SRWQQGNVFSCSVMH
619,2,2,RWQQGNVFSCSVMHE
620,2,2,WQQGNVFSCSVMHEA
621,2,2,QQGNVFSCSVMHEAL
622,2,2,QGNVFSCSVMHEALH
623,2,2,GNVFSCSVMHEALHN
624,2,2,NVFSCSVMHEALHNH
625,2,2,VFSCSVMHEALHNHY
626,2,2,FSCSVMHEALHNHYT
627,2,2,SCSVMHEALHNHYTQ
628,2,2,CSVMHEALHNHYTQK
629,2,2,SVMHEALHNHYTQKS
630,2,2,VMHEALHNHYTQKSL
631,2,2,MHEALHNHYTQKSLS
632,2,2,HEALHNHYTQKSLSL
633,2,2,EALHNHYTQKSLSLS
634,2,2,ALHNHYTQKSLSLSP
635,2,2,LHNHYTQKSLSLSPG
636,2,2,HNHYTQKSLSLSPGK
637,3,1,DIQMTQSPSSLSASV
638,3,1,IQMTQSPSSLSASVG
639,3,1,QMTQSPSSLSASVGD
640,3,1,MTQSPSSLSASVGDR
641,3,1,TQSPSSLSASVGDRV
642,3,1,QSPSSLSASVGDRVT
643,3,1,SPSSLSASVGDRVTI
644,3,1,PSSLSASVGDRVTIT
645,3,1,SSLSASVGDRVTITC
646,3,1,SLSASVGDRVTITCR
647,3,1,LSASVGDRVTITCRA
648,3,1,SASVGDRVTITCRAS
649,3,1,ASVGDRVTITCRASQ
650,3,1,SVGDRVTITCRASQD
651,3,1,VGDRVTITCRASQDV
652,3,1,GDRVTITCRASQDVN
653,3,1,DRVTITCRASQDVNT
654,3,1,RVTITCRASQDVNTA
655,3,1,VTITCRASQDVNTAV
656,3,1,TITCRASQDVNTAVA
657,3,1,ITCRASQDVNTAVAW
658,3,1,TCRASQDVNTAVAWY
659,3,1,CRASQDVNTAVAWYQ
660,3,1,RASQDVNTAVAWYQQ
661,3,1,ASQDVNTAVAWYQQK
662,3,1,SQDVNTAVAWYQQKP
663,3,1,QDVNTAVAWYQQKPG
664,3,1,DVNTAVAWYQQKPGK
665,3,1,VNTAVAWYQQKPGKA
666,3,1,NTAVAWYQQKPGKAP
667,3,1,TAVAWYQQKPGKAPK
668,3,1,AVAWYQQKPGKAPKL
669,3,1,VAWYQQKPGKAPKLL
670,3,1,AWYQQKPGKAPKLLI
671,3,1,WYQQKPGKAPKLLIY
672,3,1,YQQKPGKAPKLLIYS
673,3,1,QQKPGKAPKLLIYSA
674,3,1,QKPGKAPKLLIYSAS
675,3,1,KPGKAPKLLIYSASF
676,3,1,PGKAPKLLIYSASFL
677,3,1,GKAPKLLIYSASFLY
678,3,1,KAPKLLIYSASFLYS
679,3,1,APKLLIYSASFLYSG
680,3,1,PKLLIYSASFLYSGV
681,3,1,KLLIYSASFLYSGVP
682,3,1,LLIYSASFLYSGVPS
683,3,1,LIYSASFLYSGVPSR
684,3,1,IYSASFLYSGVPSRF
685,3,1,YSASFLYSGVPSRFS
686,3,1,SASFLYSGVPSRFSG
687,3,1,ASFLYSGVPSRFSGS
688,3,1,SFLYSGVPSRFSGSR
689,3,1,FLYSGVPSRFSGSRS
690,3,1,LYSGVPSRFSGSRSG
691,3,1,YSGVPSRFSGSRSGT
692,3,1,SGVPSRFSGSRSGTD
693,3,1,GVPSRFSGSRSGTDF
694,3,1,VPSRFSGSRSGTDFT
695,3,1,PSRFSGSRSGTDFTL
696,3,1,SRFSGSRSGTDFTLT
697,3,1,RFSGSRSGTDFTLTI
698,3,1,FSGSRSGTDFTLTIS
699,3,1,SGSRSGTDFTLTISS
700,3,1,GSRSGTDFTLTISSL
701,3,1,SRSGTDFTLTISSLQ
702,3,1,RSGTDFTLTISSLQP
703,3,1,SGTDFTLTISSLQPE
704,3,1,GTDFTLTISSLQPED
705,3,1,TDFTLTISSLQPEDF
706,3,1,DFTLTISSLQPEDFA
707,3,1,FTLTISSLQPEDFAT
708,3,1,TLTISSLQPEDFATY
709,3,1,LTISSLQPEDFATYY
710,3,1,TISSLQPEDFATYYC
711,3,1,ISSLQPEDFATYYCQ
712,3,1,SSLQPEDFATYYCQQ
713,3,1,SLQPEDFATYYCQQH
714,3,1,LQPEDFATYYCQQHY
715,3,1,QPEDFATYYCQQHYT
716,3,1,PEDFATYYCQQHYTT
717,3,1,EDFATYYCQQHYTTP
718,3,1,DFATYYCQQHYTTPP
719,3,1,FATYYCQQHYTTPPT
720,3,1,ATYYCQQHYTTPPTF
721,3,1,TYYCQQHYTTPPTFG
722,3,1,YYCQQHYTTPPTFGQ
723,3,1,YCQQHYTTPPTFGQG
724,3,1,CQQHYTTPPTFGQGT
725,3,1,QQHYTTPPTFGQGTK
726,3,1,QHYTTPPTFGQGTKV
727,3,1,HYTTPPTFGQGTKVE
728,3,1,YTTPPTFGQGTKVEI
729,3,1,TTPPTFGQGTKVEIK
730,3,1,TPPTFGQGTKVEIKR
731,3,1,PPTFGQGTKVEIKRT
732,3,1,PTFGQGTKVEIKRTV
733,3,1,TFGQGTKVEIKRTVA
734,3,1,FGQGTKVEIKRTVAA
735,3,1,GQGTKVEIKRTVAAP
736,3,1,QGTKVEIKRTVAAPS
737,3,1,GTKVEIKRTVAAPSV
738,3,1,TKVEIKRTVAAPSVF
739,3,1,KVEIKRTVAAPSVFI
740,3,1,VEIKRTVAAPSVFIF
741,3,1,EIKRTVAAPSVFIFP
742,3,1,IKRTVAAPSVFIFPP
743,3,1,KRTVAAPSVFIFPPS
744,3,1,RTVAAPSVFIFPPSD
745,3,1,TVAAPSVFIFPPSDE
746,3,1,VAAPSVFIFPPSDEQ
747,3,1,AAPSVFIFPPSDEQL
748,3,1,APSVFIFPPSDEQLK
749,3,1,PSVFIFPPSDEQLKS
750,3,1,SVFIFPPSDEQLKSG
751,3,1,VFIFPPSDEQLKSGT
752,3,1,FIFPPSDEQLKSGTA
753,3,1,IFPPSDEQLKSGTAS
754,3,1,FPPSDEQLKSGTASV
755,3,1,PPSDEQLKSGTASVV
756,3,1,PSDEQLKSGTASVVC
757,3,1,SDEQLKSGTASVVCL
758,3,1,DEQLKSGTASVVCLL
759,3,1,EQLKSGTASVVCLLN
760,3,1,QLKSGTASVVCLLNN
761,3,1,LKSGTASVVCLLNNF
762,3,1,KSGTASVVCLLNNFY
763,3,1,SGTASVVCLLNNFYP
764,3,1,GTASVVCLLNNFYPR
765,3,1,TASVVCLLNNFYPRE
766,3,1,ASVVCLLNNFYPREA
767,3,1,SVVCLLNNFYPREAK
768,3,1,VVCLLNNFYPREAKV
769,3,1,VCLLNNFYPREAKVQ
770,3,1,CLLNNFYPREAKVQW
771,3,1,LLNNFYPREAKVQWK
772,3,1,LNNFYPREAKVQWKV
773,3,1,NNFYPREAKVQWKVD
774,3,1,NFYPREAKVQWKVDN
775,3,1,FYPREAKVQWKVDNA
776,3,1,YPREAKVQWKVDNAL
777,3,1,PREAKVQWKVDNALQ
778,3,1,REAKVQWKVDNALQS
779,3,1,EAKVQWKVDNALQSG
780,3,1,AKVQWKVDNALQSGN
781,3,1,KVQWKVDNALQSGNS
782,3,1,VQWKVDNALQSGNSQ
783,3,1,QWKVDNALQSGNSQE
784,3,1,WKVDNALQSGNSQES
785,3,1,KVDNALQSGNSQESV
786,3,1,VDNALQSGNSQESVT
787,3,1,DNALQSGNSQESVTE
788,3,1,NALQSGNSQESVTEQ
789,3,1,ALQSGNSQESVTEQD
790,3,1,LQSGNSQESVTEQDS
791,3,1,QSGNSQESVTEQDSK
792,3,1,SGNSQESVTEQDSKD
793,3,1,GNSQESVTEQDSKDS
794,3,1,NSQESVTEQDSKDST
795,3,1,SQESVTEQDSKDSTY
796,3,1,QESVTEQDSKDSTYS
797,3,1,ESVTEQDSKDSTYSL
798,3,1,SVTEQDSKDSTYSLS
799,3,1,VTEQDSKDSTYSLSS
800,3,1,TEQDSKDSTYSLSST
801,3,1,EQDSKDSTYSLSSTL
802,3,1,QDSKDSTYSLSSTLT
803,3,1,DSKDSTYSLSSTLTL
804,3,1,SKDSTYSLSSTLTLS
805,3,1,KDSTYSLSSTLTLSK
806,3,1,DSTYSLSSTLTLSKA
807,3,1,STYSLSSTLTLSKAD
808,3,1,TYSLSSTLTLSKADY
809,3,1,YSLSSTLTLSKADYE
810,3,1,SLSSTLTLSKADYEK
811,3,1,LSSTLTLSKADYEKH
812,3,1,SSTLTLSKADYEKHK
813,3,1,STLTLSKADYEKHKV
814,3,1,TLTLSKADYEKHKVY
815,3,1,LTLSKADYEKHKVYA
816,3,1,TLSKADYEKHKVYAC
817,3,1,LSKADYEKHKVYACE
818,3,1,SKADYEKHKVYACEV
819,3,1,KADYEKHKVYACEVT
820,3,1,ADYEKHKVYACEVTH
821,3,1,DYEKHKVYACEVTHQ
822,3,1,YEKHKVYACEVTHQG
823,3,1,EKHKVYACEVTHQGL
824,3,1,KHKVYACEVTHQGLS
825,3,1,HKVYACEVTHQGLSS
826,3,1,KVYACEVTHQGLSSP
827,3,1,VYACEVTHQGLSSPV
828,3,1,YACEVTHQGLSSPVT
829,3,1,ACEVTHQGLSSPVTK
830,3,1,CEVTHQGLSSPVTKS
831,3,1,EVTHQGLSSPVTKSF
832,3,1,VTHQGLSSPVTKSFN
833,3,1,THQGLSSPVTKSFNR
834,3,1,HQGLSSPVTKSFNRG
835,3,1,QGLSSPVTKSFNRGE
836,3,1,GLSSPVTKSFNRGEC
837,4,2,EVQLVESGGGLVQPG
838,4,2,VQLVESGGGLVQPGG
839,4,2,QLVESGGGLVQPGGS
840,4,2,LVESGGGLVQPGGSL
841,4,2,VESGGGLVQPGGSLR
842,4,2,ESGGGLVQPGGSLRL
843,4,2,SGGGLVQPGGSLRLS
844,4,2,GGGLVQPGGSLRLSC
845,4,2,GGLVQPGGSLRLSCA
846,4,2,GLVQPGGSLRLSCAA
847,4,2,LVQPGGSLRLSCAAS
848,4,2,VQPGGSLRLSCAASG
849,4,2,QPGGSLRLSCAASGF
850,4,2,PGGSLRLSCAASGFN
851,4,2,GGSLRLSCAASGFNI
852,4,2,GSLRLSCAASGFNIK
853,4,2,SLRLSCAASGFNIKD
854,4,2,LRLSCAASGFNIKDT
855,4,2,RLSCAASGFNIKDTY
856,4,2,LSCAASGFNIKDTYI
857,4,2,SCAASGFNIKDTYIH
858,4,2,CAASGFNIKDTYIHW
859,4,2,AASGFNIKDTYIHWV
860,4,2,ASGFNIKDTYIHWVR
861,4,2,SGFNIKDTYIHWVRQ
862,4,2,GFNIKDTYIHWVRQA
863,4,2,FNIKDTYIHWVRQAP
864,4,2,NIKDTYIHWVRQAPG
865,4,2,IKDTYIHWVRQAPGK
866,4,2,KDTYIHWVRQAPGKG
867,4,2,DTYIHWVRQAPGKGL
868,4,2,TYIHWVRQAPGKGLE
869,4,2,YIHWVRQAPGKGLEW
870,4,2,IHWVRQAPGKGLEWV
871,4,2,HWVRQAPGKGLEWVA
872,4,2,WVRQAPGKGLEWVAR
873,4,2,VRQAPGKGLEWVARI
874,4,2,RQAPGKGLEWVARIY
875,4,2,QAPGKGLEWVARIYP
876,4,2,APGKGLEWVARIYPT
877,4,2,PGKGLEWVARIYPTN
878,4,2,GKGLEWVARIYPTNG
879,4,2,KGLEWVARIYPTNGY
880,4,2,GLEWVARIYPTNGYT
881,4,2,LEWVARIYPTNGYTR
882,4,2,EWVARIYPTNGYTRY
883,4,2,WVARIYPTNGYTRYA
884,4,2,VARIYPTNGYTRYAD
885,4,2,ARIYPTNGYTRYADS
886,4,2,RIYPTNGYTRYADSV
887,4,2,IYPTNGYTRYADSVK
888,4,2,YPTNGYTRYADSVKG
889,4,2,PTNGYTRYADSVKGR
890,4,2,TNGYTRYADSVKGRF
891,4,2,NGYTRYADSVKGRFT
892,4,2,GYTRYADSVKGRFTI
893,4,2,YTRYADSVKGRFTIS
894,4,2,TRYADSVKGRFTISA
895,4,2,RYADSVKGRFTISAD
896,4,2,YADSVKGRFTISADT
897,4,2,ADSVKGRFTISADTS
898,4,2,DSVKGRFTISADTSK
899,4,2,SVKGRFTISADTSKN
900,4,2,VKGRFTISADTSKNT
901,4,2,KGRFTISADTSKNTA
902,4,2,GRFTISADTSKNTAY
903,4,2,RFTISADTSKNTAYL
904,4,2,FTISADTSKNTAYLQ
905,4,2,TISADTSKNTAYLQM
906,4,2,ISADTSKNTAYLQMN
907,4,2,SADTSKNTAYLQMNS
908,4,2,ADTSKNTAYLQMNSL
909,4,2,DTSKNTAYLQMNSLR
910,4,2,TSKNTAYLQMNSLRA
911,4,2,SKNTAYLQMNSLRAE
912,4,2,KNTAYLQMNSLRAED
913,4,2,NTAYLQMNSLRAEDT
914,4,2,TAYLQMNSLRAEDTA
915,4,2,AYLQMNSLRAEDTAV
916,4,2,YLQMNSLRAEDTAVY
917,4,2,LQMNSLRAEDTAVYY
918,4,2,QMNSLRAEDTAVYYC
919,4,2,MNSLRAEDTAVYYCS
920,4,2,NSLRAEDTAVYYCSR
921,4,2,SLRAEDTAVYYCSRW
922,4,2,LRAEDTAVYYCSRWG
923,4,2,RAEDTAVYYCSRWGG
924,4,2,AEDTAVYYCSRWGGD
925,4,2,EDTAVYYCSRWGGDG
926,4,2,DTAVYYCSRWGGDGF
927,4,2,TAVYYCSRWGGDGFY
928,4,2,AVYYCSRWGGDGFYA
929,4,2,VYYCSRWGGDGFYAM
930,4,2,YYCSRWGGDGFYAMD
931,4,2,YCSRWGGDGFYAMDY
932,4,2,CSRWGGDGFYAMDYW
933,4,2,SRWGGDGFYAMDYWG
934,4,2,RWGGDGFYAMDYWGQ
935,4,2,WGGDGFYAMDYWGQG
936,4,2,GGDGFYAMDYWGQGT
937,4,2,GDGFYAMDYWGQGTL
938,4,2,DGFYAMDYWGQGTLV
939,4,2,GFYAMDYWGQGTLVT
940,4,2,FYAMDYWGQGTLVTV
941,4,2,YAMDYWGQGTLVTVS
942,4,2,AMDYWGQGTLVTVSS
943,4,2,MDYWGQGTLVTVSSA
944,4,2,DYWGQGTLVTVSSAS
945,4,2,YWGQGTLVTVSSAST
946,4,2,WGQGTLVTVSSASTK
947,4,2,GQGTLVTVSSASTKG
948,4,2,QGTLVTVSSASTKGP
949,4,2,GTLVTVSSASTKGPS
950,4,2,TLVTVSSASTKGPSV
951,4,2,LVTVSSASTKGPSVF
952,4,2,VTVSSASTKGPSVFP
953,4,2,TVSSASTKGPSVFPL
954,4,2,VSSASTKGPSVFPLA
955,4,2,SSASTKGPSVFPLAP
956,4,2,SASTKGPSVFPLAPS
957,4,2,ASTKGPSVFPLAPSS
958,4,2,STKGPSVFPLAPSSK
959,4,2,TKGPSVFPLAPSSKS
960,4,2,KGPSVFPLAPSSKST
961,4,2,GPSVFPLAPSSKSTS
962,4,2,PSVFPLAPSSKSTSG
963,4,2,SVFPLAPSSKSTSGG
964,4,2,VFPLAPSSKSTSGGT
965,4,2,FPLAPSSKSTSGGTA
966,4,2,PLAPSSKSTSGGTAA
967,4,2,LAPSSKSTSGGTAAL
968,4,2,APSSKSTSGGTAALG
969,4,2,PSSKSTSGGTAALGC
970,4,2,SSKSTSGGTAALGCL
971,4,2,SKSTSGGTAALGCLV
972,4,2,KSTSGGTAALGCLVK
973,4,2,STSGGTAALGCLVKD
974,4,2,TSGGTAALGCLVKDY
975,4,2,SGGTAALGCLVKDYF
976,4,2,GGTAALGCLVKDYFP
977,4,2,GTAALGCLVKDYFPE
978,4,2,TAALGCLVKDYFPEP
979,4,2,AALGCLVKDYFPEPV
980,4,2,ALGCLVKDYFPEPVT
981,4,2,LGCLVKDYFPEPVTV
982,4,2,GCLVKDYFPEPVTVS
983,4,2,CLVKDYFPEPVTVSW
984,4,2,LVKDYFPEPVTVSWN
985,4,2,VKDYFPEPVTVSWNS
986,4,2,KDYFPEPVTVSWNSG
987,4,2,DYFPEPVTVSWNSGA
988,4,2,YFPEPVTVSWNSGAL
989,4,2,FPEPVTVSWNSGALT
990,4,2,PEPVTVSWNSGALTS
991,4,2,EPVTVSWNSGALTSG
992,4,2,PVTVSWNSGALTSGV
993,4,2,VTVSWNSGALTSGVH
994,4,2,TVSWNSGALTSGVHT
995,4,2,VSWNSGALTSGVHTF
996,4,2,SWNSGALTSGVHTFP
997,4,2,WNSGALTSGVHTFPA
998,4,2,NSGALTSGVHTFPAV
999,4,2,SGALTSGVHTFPAVL
1000,4,2,GALTSGVHTFPAVLQ
1001,4,2,ALTSGVHTFPAVLQS
1002,4,2,LTSGVHTFPAVLQSS
1003,4,2,TSGVHTFPAVLQSSG
1004,4,2,SGVHTFPAVLQSSGL
1005,4,2,GVHTFPAVLQSSGLY
1006,4,2,VHTFPAVLQSSGLYS
1007,4,2,HTFPAVLQSSGLYSL
1008,4,2,TFPAVLQSSGLYSLS
1009,4,2,FPAVLQSSGLYSLSS
1010,4,2,PAVLQSSGLYSLSSV
1011,4,2,AVLQSSGLYSLSSVV
1012,4,2,VLQSSGLYSLSSVVT
1013,4,2,LQSSGLYSLSSVVTV
1014,4,2,QSSGLYSLSSVVTVP
1015,4,2,SSGLYSLSSVVTVPS
1016,4,2,SGLYSLSSVVTVPSS
1017,4,2,GLYSLSSVVTVPSSS
1018,4,2,LYSLSSVVTVPSSSL
1019,4,2,YSLSSVVTVPSSSLG
1020,4,2,SLSSVVTVPSSSLGT
1021,4,2,LSSVVTVPSSSLGTQ
1022,4,2,SSVVTVPSSSLGTQT
1023,4,2,SVVTVPSSSLGTQTY
1024,4,2,VVTVPSSSLGTQTYI
1025,4,2,VTVPSSSLGTQTYIC
1026,4,2,TVPSSSLGTQTYICN
1027,4,2,VPSSSLGTQTYICNV
1028,4,2,PSSSLGTQTYICNVN
1029,4,2,SSSLGTQTYICNVNH
1030,4,2,SSLGTQTYICNVNHK
1031,4,2,SLGTQTYICNVNHKP
1032,4,2,LGTQTYICNVNHKPS
1033,4,2,GTQTYICNVNHKPSN
1034,4,2,TQTYICNVNHKPSNT
1035,4,2,QTYICNVNHKPSNTK
1036,4,2,TYICNVNHKPSNTKV
1037,4,2,YICNVNHKPSNTKVD
1038,4,2,ICNVNHKPSNTKVDK
1039,4,2,CNVNHKPSNTKVDKK
1040,4,2,NVNHKPSNTKVDKKV
1041,4,2,VNHKPSNTKVDKKVE
1042,4,2,NHKPSNTKVDKKVEP
1043,4,2,HKPSNTKVDKKVEPK
1044,4,2,KPSNTKVDKKVEPKS
1045,4,2,PSNTKVDKKVEPKSC
1046,4,2,SNTKVDKKVEPKSCD
1047,4,2,NTKVDKKVEPKSCDK
1048,4,2,TKVDKKVEPKSCDKT
1049,4,2,KVDKKVEPKSCDKTH
1050,4,2,VDKKVEPKSCDKTHT
1051,4,2,DKKVEPKSCDKTHTC
1052,4,2,KKVEPKSCDKTHTCP
1053,4,2,KVEPKSCDKTHTCPP
1054,4,2,VEPKSCDKTHTCPPC
1055,4,2,EPKSCDKTHTCPPCP
1056,4,2,PKSCDKTHTCPPCPA
1057,4,2,KSCDKTHTCPPCPAP
1058,4,2,SCDKTHTCPPCPAPE
1059,4,2,CDKTHTCPPCPAPEL
1060,4,2,DKTHTCPPCPAPELL
1061,4,2,KTHTCPPCPAPELLG
1062,4,2,THTCPPCPAPELLGG
1063,4,2,HTCPPCPAPELLGGP
1064,4,2,TCPPCPAPELLGGPS
1065,4,2,CPPCPAPELLGGPSV
1066,4,2,PPCPAPELLGGPSVF
1067,4,2,PCPAPELLGGPSVFL
1068,4,2,CPAPELLGGPSVFLF
1069,4,2,PAPELLGGPSVFLFP
1070,4,2,APELLGGPSVFLFPP
1071,4,2,PELLGGPSVFLFPPK
1072,4,2,ELLGGPSVFLFPPKP
1073,4,2,LLGGPSVFLFPPKPK
1074,4,2,LGGPSVFLFPPKPKD
1075,4,2,GGPSVFLFPPKPKDT
1076,4,2,GPSVFLFPPKPKDTL
1077,4,2,PSVFLFPPKPKDTLM
1078,4,2,SVFLFPPKPKDTLMI
1079,4,2,VFLFPPKPKDTLMIS
1080,4,2,FLFPPKPKDTLMISR
1081,4,2,LFPPKPKDTLMISRT
1082,4,2,FPPKPKDTLMISRTP
1083,4,2,PPKPKDTLMISRTPE
1084,4,2,PKPKDTLMISRTPEV
1085,4,2,KPKDTLMISRTPEVT
1086,4,2,PKDTLMISRTPEVTC
1087,4,2,KDTLMISRTPEVTCV
1088,4,2,DTLMISRTPEVTCVV
1089,4,2,TLMISRTPEVTCVVV
1090,4,2,LMISRTPEVTCVVVD
1091,4,2,MISRTPEVTCVVVDV
1092,4,2,ISRTPEVTCVVVDVS
1093,4,2,SRTPEVTCVVVDVSH
1094,4,2,RTPEVTCVVVDVSHE
1095,4,2,TPEVTCVVVDVSHED
1096,4,2,PEVTCVVVDVSHEDP
1097,4,2,EVTCVVVDVSHEDPE
1098,4,2,VTCVVVDVSHEDPEV
1099,4,2,TCVVVDVSHEDPEVK
1100,4,2,CVVVDVSHEDPEVKF
1101,4,2,VVVDVSHEDPEVKFN
1102,4,2,VVDVSHEDPEVKFNW
1103,4,2,VDVSHEDPEVKFNWY
1104,4,2,DVSHEDPEVKFNWYV
1105,4,2,VSHEDPEVKFNWYVD
1106,4,2,SHEDPEVKFNWYVDG
1107,4,2,HEDPEVKFNWYVDGV
1108,4,2,EDPEVKFNWYVDGVE
1109,4,2,DPEVKFNWYVDGVEV
1110,4,2,PEVKFNWYVDGVEVH
1111,4,2,EVKFNWYVDGVEVHN
1112,4,2,VKFNWYVDGVEVHNA
1113,4,2,KFNWYVDGVEVHNAK
1114,4,2,FNWYVDGVEVHNAKT
1115,4,2,NWYVDGVEVHNAKTK
1116,4,2,WYVDGVEVHNAKTKP
1117,4,2,YVDGVEVHNAKTKPR
1118,4,2,VDGVEVHNAKTKPRE
1119,4,2,DGVEVHNAKTKPREE
1120,4,2,GVEVHNAKTKPREEQ
1121,4,2,VEVHNAKTKPREEQY
1122,4,2,EVHNAKTKPREEQYN
1123,4,2,VHNAKTKPREEQYNS
1124,4,2,HNAKTKPREEQYNST
1125,4,2,NAKTKPREEQYNSTY
1126,4,2,AKTKPREEQYNSTYR
1127,4,2,KTKPREEQYNSTYRV
1128,4,2,TKPREEQYNSTYRVV
1129,4,2,KPREEQYNSTYRVVS
1130,4,2,PREEQYNSTYRVVSV
1131,4,2,REEQYNSTYRVVSVL
1132,4,2,EEQYNSTYRVVSVLT
1133,4,2,EQYNSTYRVVSVLTV
1134,4,2,QYNSTYRVVSVLTVL
1135,4,2,YNSTYRVVSVLTVLH
1136,4,2,NSTYRVVSVLTVLHQ
1137,4,2,STYRVVSVLTVLHQD
1138,4,2,TYRVVSVLTVLHQDW
1139,4,2,YRVVSVLTVLHQDWL
1140,4,2,RVVSVLTVLHQDWLN
1141,4,2,VVSVLTVLHQDWLNG
1142,4,2,VSVLTVLHQDWLNGK
1143,4,2,SVLTVLHQDWLNGKE
1144,4,2,VLTVLHQDWLNGKEY
1145,4,2,LTVLHQDWLNGKEYK
1146,4,2,TVLHQDWLNGKEYKC
1147,4,2,VLHQDWLNGKEYKCK
1148,4,2,LHQDWLNGKEYKCKV
1149,4,2,HQDWLNGKEYKCKVS
1150,4,2,QDWLNGKEYKCKVSN
1151,4,2,DWLNGKEYKCKVSNK
1152,4,2,WLNGKEYKCKVSNKA
1153,4,2,LNGKEYKCKVSNKAL
1154,4,2,NGKEYKCKVSNKALP
1155,4,2,GKEYKCKVSNKALPA
1156,4,2,KEYKCKVSNKALPAP
1157,4,2,EYKCKVSNKALPAPI
1158,4,2,YKCKVSNKALPAPIE
1159,4,2,KCKVSNKALPAPIEK
1160,4,2,CKVSNKALPAPIEKT
1161,4,2,KVSNKALPAPIEKTI
1162,4,2,VSNKALPAPIEKTIS
1163,4,2,SNKALPAPIEKTISK
1164,4,2,NKALPAPIEKTISKA
1165,4,2,KALPAPIEKTISKAK
1166,4,2,ALPAPIEKTISKAKG
1167,4,2,LPAPIEKTISKAKGQ
1168,4,2,PAPIEKTISKAKGQP
1169,4,2,APIEKTISKAKGQPR
1170,4,2,PIEKTISKAKGQPRE
1171,4,2,IEKTISKAKGQPREP
1172,4,2,EKTISKAKGQPREPQ
1173,4,2,KTISKAKGQPREPQV
1174,4,2,TISKAKGQPREPQVY
1175,4,2,ISKAKGQPREPQVYT
1176,4,2,SKAKGQPREPQVYTL
1177,4,2,KAKGQPREPQVYTLP
1178,4,2,AKGQPREPQVYTLPP
1179,4,2,KGQPREPQVYTLPPS
1180,4,2,GQPREPQVYTLPPSR
1181,4,2,QPREPQVYTLPPSRE
1182,4,2,PREPQVYTLPPSREE
1183,4,2,REPQVYTLPPSREEM
1184,4,2,EPQVYTLPPSREEMT
1185,4,2,PQVYTLPPSREEMTK
1186,4,2,QVYTLPPSREEMTKN
1187,4,2,VYTLPPSREEMTKNQ
1188,4,2,YTLPPSREEMTKNQV
1189,4,2,TLPPSREEMTKNQVS
1190,4,2,LPPSREEMTKNQVSL
1191,4,2,PPSREEMTKNQVSLT
1192,4,2,PSREEMTKNQVSLTC
1193,4,2,SREEMTKNQVSLTCL
1194,4,2,REEMTKNQVSLTCLV
1195,4,2,EEMTKNQVSLTCLVK
1196,4,2,EMTKNQVSLTCLVKG
1197,4,2,MTKNQVSLTCLVKGF
1198,4,2,TKNQVSLTCLVKGFY
1199,4,2,KNQVSLTCLVKGFYP
1200,4,2,NQVSLTCLVKGFYPS
1201,4,2,QVSLTCLVKGFYPSD
1202,4,2,VSLTCLVKGFYPSDI
1203,4,2,SLTCLVKGFYPSDIA
1204,4,2,LTCLVKGFYPSDIAV
1205,4,2,TCLVKGFYPSDIAVE
1206,4,2,CLVKGFYPSDIAVEW
1207,4,2,LVKGFYPSDIAVEWE
1208,4,2,VKGFYPSDIAVEWES
1209,4,2,KGFYPSDIAVEWESN
1210,4,2,GFYPSDIAVEWESNG
1211,4,2,FYPSDIAVEWESNGQ
1212,4,2,YPSDIAVEWESNGQP
1213,4,2,PSDIAVEWESNGQPE
1214,4,2,SDIAVEWESNGQPEN
1215,4,2,DIAVEWESNGQPENN
1216,4,2,IAVEWESNGQPENNY
1217,4,2,AVEWESNGQPENNYK
1218,4,2,VEWESNGQPENNYKT
1219,4,2,EWESNGQPENNYKTT
1220,4,2,WESNGQPENNYKTTP
1221,4,2,ESNGQPENNYKTTPP
1222,4,2,SNGQPENNYKTTPPV
1223,4,2,NGQPENNYKTTPPVL
1224,4,2,GQPENNYKTTPPVLD
1225,4,2,QPENNYKTTPPVLDS
1226,4,2,PENNYKTTPPVLDSD
1227,4,2,ENNYKTTPPVLDSDG
1228,4,2,NNYKTTPPVLDSDGS
1229,4,2,NYKTTPPVLDSDGSF
1230,4,2,YKTTPPVLDSDGSFF
1231,4,2,KTTPPVLDSDGSFFL
1232,4,2,TTPPVLDSDGSFFLY
1233,4,2,TPPVLDSDGSFFLYS
1234,4,2,PPVLDSDGSFFLYSK
1235,4,2,PVLDSDGSFFLYSKL
1236,4,2,VLDSDGSFFLYSKLT
1237,4,2,LDSDGSFFLYSKLTV
1238,4,2,DSDGSFFLYSKLTVD
1239,4,2,SDGSFFLYSKLTVDK
1240,4,2,DGSFFLYSKLTVDKS
1241,4,2,GSFFLYSKLTVDKSR
1242,4,2,SFFLYSKLTVDKSRW
1243,4,2,FFLYSKLTVDKSRWQ
1244,4,2,FLYSKLTVDKSRWQQ
1245,4,2,LYSKLTVDKSRWQQG
1246,4,2,YSKLTVDKSRWQQGN
1247,4,2,SKLTVDKSRWQQGNV
1248,4,2,KLTVDKSRWQQGNVF
1249,4,2,LTVDKSRWQQGNVFS
1250,4,2,TVDKSRWQQGNVFSC
1251,4,2,VDKSRWQQGNVFSCS
1252,4,2,DKSRWQQGNVFSCSV
1253,4,2,KSRWQQGNVFSCSVM
1254,4,2,SRWQQGNVFSCSVMH
1255,4,2,RWQQGNVFSCSVMHE
1256,4,2,WQQGNVFSCSVMHEA
1257,4,2,QQGNVFSCSVMHEAL
1258,4,2,QGNVFSCSVMHEALH
1259,4,2,GNVFSCSVMHEALHN
1260,4,2,NVFSCSVMHEALHNH
1261,4,2,VFSCSVMHEALHNHY
1262,4,2,FSCSVMHEALHNHYT
1263,4,2,SCSVMHEALHNHYTQ
1264,4,2,CSVMHEALHNHYTQK
1265,4,2,SVMHEALHNHYTQKS
1266,4,2,VMHEALHNHYTQKSL
1267,4,2,MHEALHNHYTQKSLS
1268,4,2,HEALHNHYTQKSLSL
1269,4,2,EALHNHYTQKSLSLS
1270,4,2,ALHNHYTQKSLSLSP
1271,4,2,LHNHYTQKSLSLSPG
1272,4,2,HNHYTQKSLSLSPGK
