Index,ChainNum,ChainID,xmers
1,1,1,QVQLVQSGAEVKKPG
2,1,1,VQLVQSGAEVKKPGA
3,1,1,QLVQSGAEVKKPGAS
4,1,1,LVQSGAEVKKPGASV
5,1,1,VQSGAEVKKPGASVK
6,1,1,QSGAEVKKPGASVKV
7,1,1,SGAEVKKPGASVKVS
8,1,1,GAEVKKPGASVKVSC
9,1,1,AEVKKPGASVKVSCK
10,1,1,EVKKPGASVKVSCKA
11,1,1,VKKPGASVKVSCKAS
12,1,1,KKPGASVKVSCKASG
13,1,1,KPGASVKVSCKASGF
14,1,1,PGASVKVSCKASGFN
15,1,1,GASVKVSCKASGFNI
16,1,1,ASVKVSCKASGFNIK
17,1,1,SVKVSCKASGFNIKD
18,1,1,VKVSCKASGFNIKDT
19,1,1,KVSCKASGFNIKDTY
20,1,1,VSCKASGFNIKDTYI
21,1,1,SCKASGFNIKDTYIH
22,1,1,CKASGFNIKDTYIHW
23,1,1,KASGFNIKDTYIHWV
24,1,1,ASGFNIKDTYIHWVR
25,1,1,SGFNIKDTYIHWVRQ
26,1,1,GFNIKDTYIHWVRQA
27,1,1,FNIKDTYIHWVRQAP
28,1,1,NIKDTYIHWVRQAPG
29,1,1,IKDTYIHWVRQAPGQ
30,1,1,KDTYIHWVRQAPGQR
31,1,1,DTYIHWVRQAPGQRL
32,1,1,TYIHWVRQAPGQRLE
33,1,1,YIHWVRQAPGQRLEW
34,1,1,IHWVRQAPGQRLEWM
35,1,1,HWVRQAPGQRLEWMG
36,1,1,WVRQAPGQRLEWMGR
37,1,1,VRQAPGQRLEWMGRI
38,1,1,RQAPGQRLEWMGRID
39,1,1,QAPGQRLEWMGRIDP
40,1,1,APGQRLEWMGRIDPA
41,1,1,PGQRLEWMGRIDPAN
42,1,1,GQRLEWMGRIDPANG
43,1,1,QRLEWMGRIDPANGY
44,1,1,RLEWMGRIDPANGYT
45,1,1,LEWMGRIDPANGYTK
46,1,1,EWMGRIDPANGYTKY
47,1,1,WMGRIDPANGYTKYD
48,1,1,MGRIDPANGYTKYDP
49,1,1,GRIDPANGYTKYDPK
50,1,1,RIDPANGYTKYDPKF
51,1,1,IDPANGYTKYDPKFQ
52,1,1,DPANGYTKYDPKFQG
53,1,1,PANGYTKYDPKFQGR
54,1,1,ANGYTKYDPKFQGRV
55,1,1,NGYTKYDPKFQGRVT
56,1,1,GYTKYDPKFQGRVTI
57,1,1,YTKYDPKFQGRVTIT
58,1,1,TKYDPKFQGRVTITA
59,1,1,KYDPKFQGRVTITAD
60,1,1,YDPKFQGRVTITADT
61,1,1,DPKFQGRVTITADTS
62,1,1,PKFQGRVTITADTSA
63,1,1,KFQGRVTITADTSAS
64,1,1,FQGRVTITADTSAST
65,1,1,QGRVTITADTSASTA
66,1,1,GRVTITADTSASTAY
67,1,1,RVTITADTSASTAYM
68,1,1,VTITADTSASTAYME
69,1,1,TITADTSASTAYMEL
70,1,1,ITADTSASTAYMELS
71,1,1,TADTSASTAYMELSS
72,1,1,ADTSASTAYMELSSL
73,1,1,DTSASTAYMELSSLR
74,1,1,TSASTAYMELSSLRS
75,1,1,SASTAYMELSSLRSE
76,1,1,ASTAYMELSSLRSED
77,1,1,STAYMELSSLRSEDT
78,1,1,TAYMELSSLRSEDTA
79,1,1,AYMELSSLRSEDTAV
80,1,1,YMELSSLRSEDTAVY
81,1,1,MELSSLRSEDTAVYY
82,1,1,ELSSLRSEDTAVYYC
83,1,1,LSSLRSEDTAVYYCA
84,1,1,SSLRSEDTAVYYCAR
85,1,1,SLRSEDTAVYYCARE
86,1,1,LRSEDTAVYYCAREG
87,1,1,RSEDTAVYYCAREGY
88,1,1,SEDTAVYYCAREGYY
89,1,1,EDTAVYYCAREGYYG
90,1,1,DTAVYYCAREGYYGN
91,1,1,TAVYYCAREGYYGNY
92,1,1,AVYYCAREGYYGNYG
93,1,1,VYYCAREGYYGNYGV
94,1,1,YYCAREGYYGNYGVY
95,1,1,YCAREGYYGNYGVYA
96,1,1,CAREGYYGNYGVYAM
97,1,1,AREGYYGNYGVYAMD
98,1,1,REGYYGNYGVYAMDY
99,1,1,EGYYGNYGVYAMDYW
100,1,1,GYYGNYGVYAMDYWG
101,1,1,YYGNYGVYAMDYWGQ
102,1,1,YGNYGVYAMDYWGQG
103,1,1,GNYGVYAMDYWGQGT
104,1,1,NYGVYAMDYWGQGTL
105,1,1,YGVYAMDYWGQGTLV
106,1,1,GVYAMDYWGQGTLVT
107,1,1,VYAMDYWGQGTLVTV
108,1,1,YAMDYWGQGTLVTVS
109,1,1,AMDYWGQGTLVTVSS
110,1,1,MDYWGQGTLVTVSSA
111,1,1,DYWGQGTLVTVSSAS
112,1,1,YWGQGTLVTVSSAST
113,1,1,WGQGTLVTVSSASTK
114,1,1,GQGTLVTVSSASTKG
115,1,1,QGTLVTVSSASTKGP
116,1,1,GTLVTVSSASTKGPS
117,1,1,TLVTVSSASTKGPSV
118,1,1,LVTVSSASTKGPSVF
119,1,1,VTVSSASTKGPSVFP
120,1,1,TVSSASTKGPSVFPL
121,1,1,VSSASTKGPSVFPLA
122,1,1,SSASTKGPSVFPLAP
123,1,1,SASTKGPSVFPLAPC
124,1,1,ASTKGPSVFPLAPCS
125,1,1,STKGPSVFPLAPCSR
126,1,1,TKGPSVFPLAPCSRS
127,1,1,KGPSVFPLAPCSRST
128,1,1,GPSVFPLAPCSRSTS
129,1,1,PSVFPLAPCSRSTSE
130,1,1,SVFPLAPCSRSTSES
131,1,1,VFPLAPCSRSTSEST
132,1,1,FPLAPCSRSTSESTA
133,1,1,PLAPCSRSTSESTAA
134,1,1,LAPCSRSTSESTAAL
135,1,1,APCSRSTSESTAALG
136,1,1,PCSRSTSESTAALGC
137,1,1,CSRSTSESTAALGCL
138,1,1,SRSTSESTAALGCLV
139,1,1,RSTSESTAALGCLVK
140,1,1,STSESTAALGCLVKD
141,1,1,TSESTAALGCLVKDY
142,1,1,SESTAALGCLVKDYF
143,1,1,ESTAALGCLVKDYFP
144,1,1,STAALGCLVKDYFPE
145,1,1,TAALGCLVKDYFPEP
146,1,1,AALGCLVKDYFPEPV
147,1,1,ALGCLVKDYFPEPVT
148,1,1,LGCLVKDYFPEPVTV
149,1,1,GCLVKDYFPEPVTVS
150,1,1,CLVKDYFPEPVTVSW
151,1,1,LVKDYFPEPVTVSWN
152,1,1,VKDYFPEPVTVSWNS
153,1,1,KDYFPEPVTVSWNSG
154,1,1,DYFPEPVTVSWNSGA
155,1,1,YFPEPVTVSWNSGAL
156,1,1,FPEPVTVSWNSGALT
157,1,1,PEPVTVSWNSGALTS
158,1,1,EPVTVSWNSGALTSG
159,1,1,PVTVSWNSGALTSGV
160,1,1,VTVSWNSGALTSGVH
161,1,1,TVSWNSGALTSGVHT
162,1,1,VSWNSGALTSGVHTF
163,1,1,SWNSGALTSGVHTFP
164,1,1,WNSGALTSGVHTFPA
165,1,1,NSGALTSGVHTFPAV
166,1,1,SGALTSGVHTFPAVL
167,1,1,GALTSGVHTFPAVLQ
168,1,1,ALTSGVHTFPAVLQS
169,1,1,LTSGVHTFPAVLQSS
170,1,1,TSGVHTFPAVLQSSG
171,1,1,SGVHTFPAVLQSSGL
172,1,1,GVHTFPAVLQSSGLY
173,1,1,VHTFPAVLQSSGLYS
174,1,1,HTFPAVLQSSGLYSL
175,1,1,TFPAVLQSSGLYSLS
176,1,1,FPAVLQSSGLYSLSS
177,1,1,PAVLQSSGLYSLSSV
178,1,1,AVLQSSGLYSLSSVV
179,1,1,VLQSSGLYSLSSVVT
180,1,1,LQSSGLYSLSSVVTV
181,1,1,QSSGLYSLSSVVTVP
182,1,1,SSGLYSLSSVVTVPS
183,1,1,SGLYSLSSVVTVPSS
184,1,1,GLYSLSSVVTVPSSS
185,1,1,LYSLSSVVTVPSSSL
186,1,1,YSLSSVVTVPSSSLG
187,1,1,SLSSVVTVPSSSLGT
188,1,1,LSSVVTVPSSSLGTK
189,1,1,SSVVTVPSSSLGTKT
190,1,1,SVVTVPSSSLGTKTY
191,1,1,VVTVPSSSLGTKTYT
192,1,1,VTVPSSSLGTKTYTC
193,1,1,TVPSSSLGTKTYTCN
194,1,1,VPSSSLGTKTYTCNV
195,1,1,PSSSLGTKTYTCNVD
196,1,1,SSSLGTKTYTCNVDH
197,1,1,SSLGTKTYTCNVDHK
198,1,1,SLGTKTYTCNVDHKP
199,1,1,LGTKTYTCNVDHKPS
200,1,1,GTKTYTCNVDHKPSN
201,1,1,TKTYTCNVDHKPSNT
202,1,1,KTYTCNVDHKPSNTK
203,1,1,TYTCNVDHKPSNTKV
204,1,1,YTCNVDHKPSNTKVD
205,1,1,TCNVDHKPSNTKVDK
206,1,1,CNVDHKPSNTKVDKR
207,1,1,NVDHKPSNTKVDKRV
208,1,1,VDHKPSNTKVDKRVE
209,1,1,DHKPSNTKVDKRVES
210,1,1,HKPSNTKVDKRVESK
211,1,1,KPSNTKVDKRVESKY
212,1,1,PSNTKVDKRVESKYG
213,1,1,SNTKVDKRVESKYGP
214,1,1,NTKVDKRVESKYGPP
215,1,1,TKVDKRVESKYGPPC
216,1,1,KVDKRVESKYGPPCP
217,1,1,VDKRVESKYGPPCPS
218,1,1,DKRVESKYGPPCPSC
219,1,1,KRVESKYGPPCPSCP
220,1,1,RVESKYGPPCPSCPA
221,1,1,VESKYGPPCPSCPAP
222,1,1,ESKYGPPCPSCPAPE
223,1,1,SKYGPPCPSCPAPEF
224,1,1,KYGPPCPSCPAPEFL
225,1,1,YGPPCPSCPAPEFLG
226,1,1,GPPCPSCPAPEFLGG
227,1,1,PPCPSCPAPEFLGGP
228,1,1,PCPSCPAPEFLGGPS
229,1,1,CPSCPAPEFLGGPSV
230,1,1,PSCPAPEFLGGPSVF
231,1,1,SCPAPEFLGGPSVFL
232,1,1,CPAPEFLGGPSVFLF
233,1,1,PAPEFLGGPSVFLFP
234,1,1,APEFLGGPSVFLFPP
235,1,1,PEFLGGPSVFLFPPK
236,1,1,EFLGGPSVFLFPPKP
237,1,1,FLGGPSVFLFPPKPK
238,1,1,LGGPSVFLFPPKPKD
239,1,1,GGPSVFLFPPKPKDT
240,1,1,GPSVFLFPPKPKDTL
241,1,1,PSVFLFPPKPKDTLM
242,1,1,SVFLFPPKPKDTLMI
243,1,1,VFLFPPKPKDTLMIS
244,1,1,FLFPPKPKDTLMISR
245,1,1,LFPPKPKDTLMISRT
246,1,1,FPPKPKDTLMISRTP
247,1,1,PPKPKDTLMISRTPE
248,1,1,PKPKDTLMISRTPEV
249,1,1,KPKDTLMISRTPEVT
250,1,1,PKDTLMISRTPEVTC
251,1,1,KDTLMISRTPEVTCV
252,1,1,DTLMISRTPEVTCVV
253,1,1,TLMISRTPEVTCVVV
254,1,1,LMISRTPEVTCVVVD
255,1,1,MISRTPEVTCVVVDV
256,1,1,ISRTPEVTCVVVDVS
257,1,1,SRTPEVTCVVVDVSQ
258,1,1,RTPEVTCVVVDVSQE
259,1,1,TPEVTCVVVDVSQED
260,1,1,PEVTCVVVDVSQEDP
261,1,1,EVTCVVVDVSQEDPE
262,1,1,VTCVVVDVSQEDPEV
263,1,1,TCVVVDVSQEDPEVQ
264,1,1,CVVVDVSQEDPEVQF
265,1,1,VVVDVSQEDPEVQFN
266,1,1,VVDVSQEDPEVQFNW
267,1,1,VDVSQEDPEVQFNWY
268,1,1,DVSQEDPEVQFNWYV
269,1,1,VSQEDPEVQFNWYVD
270,1,1,SQEDPEVQFNWYVDG
271,1,1,QEDPEVQFNWYVDGV
272,1,1,EDPEVQFNWYVDGVE
273,1,1,DPEVQFNWYVDGVEV
274,1,1,PEVQFNWYVDGVEVH
275,1,1,EVQFNWYVDGVEVHN
276,1,1,VQFNWYVDGVEVHNA
277,1,1,QFNWYVDGVEVHNAK
278,1,1,FNWYVDGVEVHNAKT
279,1,1,NWYVDGVEVHNAKTK
280,1,1,WYVDGVEVHNAKTKP
281,1,1,YVDGVEVHNAKTKPR
282,1,1,VDGVEVHNAKTKPRE
283,1,1,DGVEVHNAKTKPREE
284,1,1,GVEVHNAKTKPREEQ
285,1,1,VEVHNAKTKPREEQF
286,1,1,EVHNAKTKPREEQFN
287,1,1,VHNAKTKPREEQFNS
288,1,1,HNAKTKPREEQFNST
289,1,1,NAKTKPREEQFNSTY
290,1,1,AKTKPREEQFNSTYR
291,1,1,KTKPREEQFNSTYRV
292,1,1,TKPREEQFNSTYRVV
293,1,1,KPREEQFNSTYRVVS
294,1,1,PREEQFNSTYRVVSV
295,1,1,REEQFNSTYRVVSVL
296,1,1,EEQFNSTYRVVSVLT
297,1,1,EQFNSTYRVVSVLTV
298,1,1,QFNSTYRVVSVLTVL
299,1,1,FNSTYRVVSVLTVLH
300,1,1,NSTYRVVSVLTVLHQ
301,1,1,STYRVVSVLTVLHQD
302,1,1,TYRVVSVLTVLHQDW
303,1,1,YRVVSVLTVLHQDWL
304,1,1,RVVSVLTVLHQDWLN
305,1,1,VVSVLTVLHQDWLNG
306,1,1,VSVLTVLHQDWLNGK
307,1,1,SVLTVLHQDWLNGKE
308,1,1,VLTVLHQDWLNGKEY
309,1,1,LTVLHQDWLNGKEYK
310,1,1,TVLHQDWLNGKEYKC
311,1,1,VLHQDWLNGKEYKCK
312,1,1,LHQDWLNGKEYKCKV
313,1,1,HQDWLNGKEYKCKVS
314,1,1,QDWLNGKEYKCKVSN
315,1,1,DWLNGKEYKCKVSNK
316,1,1,WLNGKEYKCKVSNKG
317,1,1,LNGKEYKCKVSNKGL
318,1,1,NGKEYKCKVSNKGLP
319,1,1,GKEYKCKVSNKGLPS
320,1,1,KEYKCKVSNKGLPSS
321,1,1,EYKCKVSNKGLPSSI
322,1,1,YKCKVSNKGLPSSIE
323,1,1,KCKVSNKGLPSSIEK
324,1,1,CKVSNKGLPSSIEKT
325,1,1,KVSNKGLPSSIEKTI
326,1,1,VSNKGLPSSIEKTIS
327,1,1,SNKGLPSSIEKTISK
328,1,1,NKGLPSSIEKTISKA
329,1,1,KGLPSSIEKTISKAK
330,1,1,GLPSSIEKTISKAKG
331,1,1,LPSSIEKTISKAKGQ
332,1,1,PSSIEKTISKAKGQP
333,1,1,SSIEKTISKAKGQPR
334,1,1,SIEKTISKAKGQPRE
335,1,1,IEKTISKAKGQPREP
336,1,1,EKTISKAKGQPREPQ
337,1,1,KTISKAKGQPREPQV
338,1,1,TISKAKGQPREPQVY
339,1,1,ISKAKGQPREPQVYT
340,1,1,SKAKGQPREPQVYTL
341,1,1,KAKGQPREPQVYTLP
342,1,1,AKGQPREPQVYTLPP
343,1,1,KGQPREPQVYTLPPS
344,1,1,GQPREPQVYTLPPSQ
345,1,1,QPREPQVYTLPPSQE
346,1,1,PREPQVYTLPPSQEE
347,1,1,REPQVYTLPPSQEEM
348,1,1,EPQVYTLPPSQEEMT
349,1,1,PQVYTLPPSQEEMTK
350,1,1,QVYTLPPSQEEMTKN
351,1,1,VYTLPPSQEEMTKNQ
352,1,1,YTLPPSQEEMTKNQV
353,1,1,TLPPSQEEMTKNQVS
354,1,1,LPPSQEEMTKNQVSL
355,1,1,PPSQEEMTKNQVSLT
356,1,1,PSQEEMTKNQVSLTC
357,1,1,SQEEMTKNQVSLTCL
358,1,1,QEEMTKNQVSLTCLV
359,1,1,EEMTKNQVSLTCLVK
360,1,1,EMTKNQVSLTCLVKG
361,1,1,MTKNQVSLTCLVKGF
362,1,1,TKNQVSLTCLVKGFY
363,1,1,KNQVSLTCLVKGFYP
364,1,1,NQVSLTCLVKGFYPS
365,1,1,QVSLTCLVKGFYPSD
366,1,1,VSLTCLVKGFYPSDI
367,1,1,SLTCLVKGFYPSDIA
368,1,1,LTCLVKGFYPSDIAV
369,1,1,TCLVKGFYPSDIAVE
370,1,1,CLVKGFYPSDIAVEW
371,1,1,LVKGFYPSDIAVEWE
372,1,1,VKGFYPSDIAVEWES
373,1,1,KGFYPSDIAVEWESN
374,1,1,GFYPSDIAVEWESNG
375,1,1,FYPSDIAVEWESNGQ
376,1,1,YPSDIAVEWESNGQP
377,1,1,PSDIAVEWESNGQPE
378,1,1,SDIAVEWESNGQPEN
379,1,1,DIAVEWESNGQPENN
380,1,1,IAVEWESNGQPENNY
381,1,1,AVEWESNGQPENNYK
382,1,1,VEWESNGQPENNYKT
383,1,1,EWESNGQPENNYKTT
384,1,1,WESNGQPENNYKTTP
385,1,1,ESNGQPENNYKTTPP
386,1,1,SNGQPENNYKTTPPV
387,1,1,NGQPENNYKTTPPVL
388,1,1,GQPENNYKTTPPVLD
389,1,1,QPENNYKTTPPVLDS
390,1,1,PENNYKTTPPVLDSD
391,1,1,ENNYKTTPPVLDSDG
392,1,1,NNYKTTPPVLDSDGS
393,1,1,NYKTTPPVLDSDGSF
394,1,1,YKTTPPVLDSDGSFF
395,1,1,KTTPPVLDSDGSFFL
396,1,1,TTPPVLDSDGSFFLY
397,1,1,TPPVLDSDGSFFLYS
398,1,1,PPVLDSDGSFFLYSR
399,1,1,PVLDSDGSFFLYSRL
400,1,1,VLDSDGSFFLYSRLT
401,1,1,LDSDGSFFLYSRLTV
402,1,1,DSDGSFFLYSRLTVD
403,1,1,SDGSFFLYSRLTVDK
404,1,1,DGSFFLYSRLTVDKS
405,1,1,GSFFLYSRLTVDKSR
406,1,1,SFFLYSRLTVDKSRW
407,1,1,FFLYSRLTVDKSRWQ
408,1,1,FLYSRLTVDKSRWQE
409,1,1,LYSRLTVDKSRWQEG
410,1,1,YSRLTVDKSRWQEGN
411,1,1,SRLTVDKSRWQEGNV
412,1,1,RLTVDKSRWQEGNVF
413,1,1,LTVDKSRWQEGNVFS
414,1,1,TVDKSRWQEGNVFSC
415,1,1,VDKSRWQEGNVFSCS
416,1,1,DKSRWQEGNVFSCSV
417,1,1,KSRWQEGNVFSCSVM
418,1,1,SRWQEGNVFSCSVMH
419,1,1,RWQEGNVFSCSVMHE
420,1,1,WQEGNVFSCSVMHEA
421,1,1,QEGNVFSCSVMHEAL
422,1,1,EGNVFSCSVMHEALH
423,1,1,GNVFSCSVMHEALHN
424,1,1,NVFSCSVMHEALHNH
425,1,1,VFSCSVMHEALHNHY
426,1,1,FSCSVMHEALHNHYT
427,1,1,SCSVMHEALHNHYTQ
428,1,1,CSVMHEALHNHYTQK
429,1,1,SVMHEALHNHYTQKS
430,1,1,VMHEALHNHYTQKSL
431,1,1,MHEALHNHYTQKSLS
432,1,1,HEALHNHYTQKSLSL
433,1,1,EALHNHYTQKSLSLS
434,1,1,ALHNHYTQKSLSLSL
435,1,1,LHNHYTQKSLSLSLG
436,1,1,HNHYTQKSLSLSLGK
437,2,2,DIQMTQSPSSLSASV
438,2,2,IQMTQSPSSLSASVG
439,2,2,QMTQSPSSLSASVGD
440,2,2,MTQSPSSLSASVGDR
441,2,2,TQSPSSLSASVGDRV
442,2,2,QSPSSLSASVGDRVT
443,2,2,SPSSLSASVGDRVTI
444,2,2,PSSLSASVGDRVTIT
445,2,2,SSLSASVGDRVTITC
446,2,2,SLSASVGDRVTITCK
447,2,2,LSASVGDRVTITCKT
448,2,2,SASVGDRVTITCKTS
449,2,2,ASVGDRVTITCKTSQ
450,2,2,SVGDRVTITCKTSQD
451,2,2,VGDRVTITCKTSQDI
452,2,2,GDRVTITCKTSQDIN
453,2,2,DRVTITCKTSQDINK
454,2,2,RVTITCKTSQDINKY
455,2,2,VTITCKTSQDINKYM
456,2,2,TITCKTSQDINKYMA
457,2,2,ITCKTSQDINKYMAW
458,2,2,TCKTSQDINKYMAWY
459,2,2,CKTSQDINKYMAWYQ
460,2,2,KTSQDINKYMAWYQQ
461,2,2,TSQDINKYMAWYQQT
462,2,2,SQDINKYMAWYQQTP
463,2,2,QDINKYMAWYQQTPG
464,2,2,DINKYMAWYQQTPGK
465,2,2,INKYMAWYQQTPGKA
466,2,2,NKYMAWYQQTPGKAP
467,2,2,KYMAWYQQTPGKAPR
468,2,2,YMAWYQQTPGKAPRL
469,2,2,MAWYQQTPGKAPRLL
470,2,2,AWYQQTPGKAPRLLI
471,2,2,WYQQTPGKAPRLLIH
472,2,2,YQQTPGKAPRLLIHY
473,2,2,QQTPGKAPRLLIHYT
474,2,2,QTPGKAPRLLIHYTS
475,2,2,TPGKAPRLLIHYTSA
476,2,2,PGKAPRLLIHYTSAL
477,2,2,GKAPRLLIHYTSALQ
478,2,2,KAPRLLIHYTSALQP
479,2,2,APRLLIHYTSALQPG
480,2,2,PRLLIHYTSALQPGI
481,2,2,RLLIHYTSALQPGIP
482,2,2,LLIHYTSALQPGIPS
483,2,2,LIHYTSALQPGIPSR
484,2,2,IHYTSALQPGIPSRF
485,2,2,HYTSALQPGIPSRFS
486,2,2,YTSALQPGIPSRFSG
487,2,2,TSALQPGIPSRFSGS
488,2,2,SALQPGIPSRFSGSG
489,2,2,ALQPGIPSRFSGSGS
490,2,2,LQPGIPSRFSGSGSG
491,2,2,QPGIPSRFSGSGSGR
492,2,2,PGIPSRFSGSGSGRD
493,2,2,GIPSRFSGSGSGRDY
494,2,2,IPSRFSGSGSGRDYT
495,2,2,PSRFSGSGSGRDYTF
496,2,2,SRFSGSGSGRDYTFT
497,2,2,RFSGSGSGRDYTFTI
498,2,2,FSGSGSGRDYTFTIS
499,2,2,SGSGSGRDYTFTISS
500,2,2,GSGSGRDYTFTISSL
501,2,2,SGSGRDYTFTISSLQ
502,2,2,GSGRDYTFTISSLQP
503,2,2,SGRDYTFTISSLQPE
504,2,2,GRDYTFTISSLQPED
505,2,2,RDYTFTISSLQPEDI
506,2,2,DYTFTISSLQPEDIA
507,2,2,YTFTISSLQPEDIAT
508,2,2,TFTISSLQPEDIATY
509,2,2,FTISSLQPEDIATYY
510,2,2,TISSLQPEDIATYYC
511,2,2,ISSLQPEDIATYYCL
512,2,2,SSLQPEDIATYYCLQ
513,2,2,SLQPEDIATYYCLQY
514,2,2,LQPEDIATYYCLQYD
515,2,2,QPEDIATYYCLQYDN
516,2,2,PEDIATYYCLQYDNL
517,2,2,EDIATYYCLQYDNLW
518,2,2,DIATYYCLQYDNLWT
519,2,2,IATYYCLQYDNLWTF
520,2,2,ATYYCLQYDNLWTFG
521,2,2,TYYCLQYDNLWTFGQ
522,2,2,YYCLQYDNLWTFGQG
523,2,2,YCLQYDNLWTFGQGT
524,2,2,CLQYDNLWTFGQGTK
525,2,2,LQYDNLWTFGQGTKV
526,2,2,QYDNLWTFGQGTKVE
527,2,2,YDNLWTFGQGTKVEI
528,2,2,DNLWTFGQGTKVEIK
529,2,2,NLWTFGQGTKVEIKR
530,2,2,LWTFGQGTKVEIKRT
531,2,2,WTFGQGTKVEIKRTV
532,2,2,TFGQGTKVEIKRTVA
533,2,2,FGQGTKVEIKRTVAA
534,2,2,GQGTKVEIKRTVAAP
535,2,2,QGTKVEIKRTVAAPS
536,2,2,GTKVEIKRTVAAPSV
537,2,2,TKVEIKRTVAAPSVF
538,2,2,KVEIKRTVAAPSVFI
539,2,2,VEIKRTVAAPSVFIF
540,2,2,EIKRTVAAPSVFIFP
541,2,2,IKRTVAAPSVFIFPP
542,2,2,KRTVAAPSVFIFPPS
543,2,2,RTVAAPSVFIFPPSD
544,2,2,TVAAPSVFIFPPSDE
545,2,2,VAAPSVFIFPPSDEQ
546,2,2,AAPSVFIFPPSDEQL
547,2,2,APSVFIFPPSDEQLK
548,2,2,PSVFIFPPSDEQLKS
549,2,2,SVFIFPPSDEQLKSG
550,2,2,VFIFPPSDEQLKSGT
551,2,2,FIFPPSDEQLKSGTA
552,2,2,IFPPSDEQLKSGTAS
553,2,2,FPPSDEQLKSGTASV
554,2,2,PPSDEQLKSGTASVV
555,2,2,PSDEQLKSGTASVVC
556,2,2,SDEQLKSGTASVVCL
557,2,2,DEQLKSGTASVVCLL
558,2,2,EQLKSGTASVVCLLN
559,2,2,QLKSGTASVVCLLNN
560,2,2,LKSGTASVVCLLNNF
561,2,2,KSGTASVVCLLNNFY
562,2,2,SGTASVVCLLNNFYP
563,2,2,GTASVVCLLNNFYPR
564,2,2,TASVVCLLNNFYPRE
565,2,2,ASVVCLLNNFYPREA
566,2,2,SVVCLLNNFYPREAK
567,2,2,VVCLLNNFYPREAKV
568,2,2,VCLLNNFYPREAKVQ
569,2,2,CLLNNFYPREAKVQW
570,2,2,LLNNFYPREAKVQWK
571,2,2,LNNFYPREAKVQWKV
572,2,2,NNFYPREAKVQWKVD
573,2,2,NFYPREAKVQWKVDN
574,2,2,FYPREAKVQWKVDNA
575,2,2,YPREAKVQWKVDNAL
576,2,2,PREAKVQWKVDNALQ
577,2,2,REAKVQWKVDNALQS
578,2,2,EAKVQWKVDNALQSG
579,2,2,AKVQWKVDNALQSGN
580,2,2,KVQWKVDNALQSGNS
581,2,2,VQWKVDNALQSGNSQ
582,2,2,QWKVDNALQSGNSQE
583,2,2,WKVDNALQSGNSQES
584,2,2,KVDNALQSGNSQESV
585,2,2,VDNALQSGNSQESVT
586,2,2,DNALQSGNSQESVTE
587,2,2,NALQSGNSQESVTEQ
588,2,2,ALQSGNSQESVTEQD
589,2,2,LQSGNSQESVTEQDS
590,2,2,QSGNSQESVTEQDSK
591,2,2,SGNSQESVTEQDSKD
592,2,2,GNSQESVTEQDSKDS
593,2,2,NSQESVTEQDSKDST
594,2,2,SQESVTEQDSKDSTY
595,2,2,QESVTEQDSKDSTYS
596,2,2,ESVTEQDSKDSTYSL
597,2,2,SVTEQDSKDSTYSLS
598,2,2,VTEQDSKDSTYSLSS
599,2,2,TEQDSKDSTYSLSST
600,2,2,EQDSKDSTYSLSSTL
601,2,2,QDSKDSTYSLSSTLT
602,2,2,DSKDSTYSLSSTLTL
603,2,2,SKDSTYSLSSTLTLS
604,2,2,KDSTYSLSSTLTLSK
605,2,2,DSTYSLSSTLTLSKA
606,2,2,STYSLSSTLTLSKAD
607,2,2,TYSLSSTLTLSKADY
608,2,2,YSLSSTLTLSKADYE
609,2,2,SLSSTLTLSKADYEK
610,2,2,LSSTLTLSKADYEKH
611,2,2,SSTLTLSKADYEKHK
612,2,2,STLTLSKADYEKHKV
613,2,2,TLTLSKADYEKHKVY
614,2,2,LTLSKADYEKHKVYA
615,2,2,TLSKADYEKHKVYAC
616,2,2,LSKADYEKHKVYACE
617,2,2,SKADYEKHKVYACEV
618,2,2,KADYEKHKVYACEVT
619,2,2,ADYEKHKVYACEVTH
620,2,2,DYEKHKVYACEVTHQ
621,2,2,YEKHKVYACEVTHQG
622,2,2,EKHKVYACEVTHQGL
623,2,2,KHKVYACEVTHQGLS
624,2,2,HKVYACEVTHQGLSS
625,2,2,KVYACEVTHQGLSSP
626,2,2,VYACEVTHQGLSSPV
627,2,2,YACEVTHQGLSSPVT
628,2,2,ACEVTHQGLSSPVTK
629,2,2,CEVTHQGLSSPVTKS
630,2,2,EVTHQGLSSPVTKSF
631,2,2,VTHQGLSSPVTKSFN
632,2,2,THQGLSSPVTKSFNR
633,2,2,HQGLSSPVTKSFNRG
634,2,2,QGLSSPVTKSFNRGE
635,2,2,GLSSPVTKSFNRGEC
636,3,1,QVQLVQSGAEVKKPG
637,3,1,VQLVQSGAEVKKPGA
638,3,1,QLVQSGAEVKKPGAS
639,3,1,LVQSGAEVKKPGASV
640,3,1,VQSGAEVKKPGASVK
641,3,1,QSGAEVKKPGASVKV
642,3,1,SGAEVKKPGASVKVS
643,3,1,GAEVKKPGASVKVSC
644,3,1,AEVKKPGASVKVSCK
645,3,1,EVKKPGASVKVSCKA
646,3,1,VKKPGASVKVSCKAS
647,3,1,KKPGASVKVSCKASG
648,3,1,KPGASVKVSCKASGF
649,3,1,PGASVKVSCKASGFN
650,3,1,GASVKVSCKASGFNI
651,3,1,ASVKVSCKASGFNIK
652,3,1,SVKVSCKASGFNIKD
653,3,1,VKVSCKASGFNIKDT
654,3,1,KVSCKASGFNIKDTY
655,3,1,VSCKASGFNIKDTYI
656,3,1,SCKASGFNIKDTYIH
657,3,1,CKASGFNIKDTYIHW
658,3,1,KASGFNIKDTYIHWV
659,3,1,ASGFNIKDTYIHWVR
660,3,1,SGFNIKDTYIHWVRQ
661,3,1,GFNIKDTYIHWVRQA
662,3,1,FNIKDTYIHWVRQAP
663,3,1,NIKDTYIHWVRQAPG
664,3,1,IKDTYIHWVRQAPGQ
665,3,1,KDTYIHWVRQAPGQR
666,3,1,DTYIHWVRQAPGQRL
667,3,1,TYIHWVRQAPGQRLE
668,3,1,YIHWVRQAPGQRLEW
669,3,1,IHWVRQAPGQRLEWM
670,3,1,HWVRQAPGQRLEWMG
671,3,1,WVRQAPGQRLEWMGR
672,3,1,VRQAPGQRLEWMGRI
673,3,1,RQAPGQRLEWMGRID
674,3,1,QAPGQRLEWMGRIDP
675,3,1,APGQRLEWMGRIDPA
676,3,1,PGQRLEWMGRIDPAN
677,3,1,GQRLEWMGRIDPANG
678,3,1,QRLEWMGRIDPANGY
679,3,1,RLEWMGRIDPANGYT
680,3,1,LEWMGRIDPANGYTK
681,3,1,EWMGRIDPANGYTKY
682,3,1,WMGRIDPANGYTKYD
683,3,1,MGRIDPANGYTKYDP
684,3,1,GRIDPANGYTKYDPK
685,3,1,RIDPANGYTKYDPKF
686,3,1,IDPANGYTKYDPKFQ
687,3,1,DPANGYTKYDPKFQG
688,3,1,PANGYTKYDPKFQGR
689,3,1,ANGYTKYDPKFQGRV
690,3,1,NGYTKYDPKFQGRVT
691,3,1,GYTKYDPKFQGRVTI
692,3,1,YTKYDPKFQGRVTIT
693,3,1,TKYDPKFQGRVTITA
694,3,1,KYDPKFQGRVTITAD
695,3,1,YDPKFQGRVTITADT
696,3,1,DPKFQGRVTITADTS
697,3,1,PKFQGRVTITADTSA
698,3,1,KFQGRVTITADTSAS
699,3,1,FQGRVTITADTSAST
700,3,1,QGRVTITADTSASTA
701,3,1,GRVTITADTSASTAY
702,3,1,RVTITADTSASTAYM
703,3,1,VTITADTSASTAYME
704,3,1,TITADTSASTAYMEL
705,3,1,ITADTSASTAYMELS
706,3,1,TADTSASTAYMELSS
707,3,1,ADTSASTAYMELSSL
708,3,1,DTSASTAYMELSSLR
709,3,1,TSASTAYMELSSLRS
710,3,1,SASTAYMELSSLRSE
711,3,1,ASTAYMELSSLRSED
712,3,1,STAYMELSSLRSEDT
713,3,1,TAYMELSSLRSEDTA
714,3,1,AYMELSSLRSEDTAV
715,3,1,YMELSSLRSEDTAVY
716,3,1,MELSSLRSEDTAVYY
717,3,1,ELSSLRSEDTAVYYC
718,3,1,LSSLRSEDTAVYYCA
719,3,1,SSLRSEDTAVYYCAR
720,3,1,SLRSEDTAVYYCARE
721,3,1,LRSEDTAVYYCAREG
722,3,1,RSEDTAVYYCAREGY
723,3,1,SEDTAVYYCAREGYY
724,3,1,EDTAVYYCAREGYYG
725,3,1,DTAVYYCAREGYYGN
726,3,1,TAVYYCAREGYYGNY
727,3,1,AVYYCAREGYYGNYG
728,3,1,VYYCAREGYYGNYGV
729,3,1,YYCAREGYYGNYGVY
730,3,1,YCAREGYYGNYGVYA
731,3,1,CAREGYYGNYGVYAM
732,3,1,AREGYYGNYGVYAMD
733,3,1,REGYYGNYGVYAMDY
734,3,1,EGYYGNYGVYAMDYW
735,3,1,GYYGNYGVYAMDYWG
736,3,1,YYGNYGVYAMDYWGQ
737,3,1,YGNYGVYAMDYWGQG
738,3,1,GNYGVYAMDYWGQGT
739,3,1,NYGVYAMDYWGQGTL
740,3,1,YGVYAMDYWGQGTLV
741,3,1,GVYAMDYWGQGTLVT
742,3,1,VYAMDYWGQGTLVTV
743,3,1,YAMDYWGQGTLVTVS
744,3,1,AMDYWGQGTLVTVSS
745,3,1,MDYWGQGTLVTVSSA
746,3,1,DYWGQGTLVTVSSAS
747,3,1,YWGQGTLVTVSSAST
748,3,1,WGQGTLVTVSSASTK
749,3,1,GQGTLVTVSSASTKG
750,3,1,QGTLVTVSSASTKGP
751,3,1,GTLVTVSSASTKGPS
752,3,1,TLVTVSSASTKGPSV
753,3,1,LVTVSSASTKGPSVF
754,3,1,VTVSSASTKGPSVFP
755,3,1,TVSSASTKGPSVFPL
756,3,1,VSSASTKGPSVFPLA
757,3,1,SSASTKGPSVFPLAP
758,3,1,SASTKGPSVFPLAPC
759,3,1,ASTKGPSVFPLAPCS
760,3,1,STKGPSVFPLAPCSR
761,3,1,TKGPSVFPLAPCSRS
762,3,1,KGPSVFPLAPCSRST
763,3,1,GPSVFPLAPCSRSTS
764,3,1,PSVFPLAPCSRSTSE
765,3,1,SVFPLAPCSRSTSES
766,3,1,VFPLAPCSRSTSEST
767,3,1,FPLAPCSRSTSESTA
768,3,1,PLAPCSRSTSESTAA
769,3,1,LAPCSRSTSESTAAL
770,3,1,APCSRSTSESTAALG
771,3,1,PCSRSTSESTAALGC
772,3,1,CSRSTSESTAALGCL
773,3,1,SRSTSESTAALGCLV
774,3,1,RSTSESTAALGCLVK
775,3,1,STSESTAALGCLVKD
776,3,1,TSESTAALGCLVKDY
777,3,1,SESTAALGCLVKDYF
778,3,1,ESTAALGCLVKDYFP
779,3,1,STAALGCLVKDYFPE
780,3,1,TAALGCLVKDYFPEP
781,3,1,AALGCLVKDYFPEPV
782,3,1,ALGCLVKDYFPEPVT
783,3,1,LGCLVKDYFPEPVTV
784,3,1,GCLVKDYFPEPVTVS
785,3,1,CLVKDYFPEPVTVSW
786,3,1,LVKDYFPEPVTVSWN
787,3,1,VKDYFPEPVTVSWNS
788,3,1,KDYFPEPVTVSWNSG
789,3,1,DYFPEPVTVSWNSGA
790,3,1,YFPEPVTVSWNSGAL
791,3,1,FPEPVTVSWNSGALT
792,3,1,PEPVTVSWNSGALTS
793,3,1,EPVTVSWNSGALTSG
794,3,1,PVTVSWNSGALTSGV
795,3,1,VTVSWNSGALTSGVH
796,3,1,TVSWNSGALTSGVHT
797,3,1,VSWNSGALTSGVHTF
798,3,1,SWNSGALTSGVHTFP
799,3,1,WNSGALTSGVHTFPA
800,3,1,NSGALTSGVHTFPAV
801,3,1,SGALTSGVHTFPAVL
802,3,1,GALTSGVHTFPAVLQ
803,3,1,ALTSGVHTFPAVLQS
804,3,1,LTSGVHTFPAVLQSS
805,3,1,TSGVHTFPAVLQSSG
806,3,1,SGVHTFPAVLQSSGL
807,3,1,GVHTFPAVLQSSGLY
808,3,1,VHTFPAVLQSSGLYS
809,3,1,HTFPAVLQSSGLYSL
810,3,1,TFPAVLQSSGLYSLS
811,3,1,FPAVLQSSGLYSLSS
812,3,1,PAVLQSSGLYSLSSV
813,3,1,AVLQSSGLYSLSSVV
814,3,1,VLQSSGLYSLSSVVT
815,3,1,LQSSGLYSLSSVVTV
816,3,1,QSSGLYSLSSVVTVP
817,3,1,SSGLYSLSSVVTVPS
818,3,1,SGLYSLSSVVTVPSS
819,3,1,GLYSLSSVVTVPSSS
820,3,1,LYSLSSVVTVPSSSL
821,3,1,YSLSSVVTVPSSSLG
822,3,1,SLSSVVTVPSSSLGT
823,3,1,LSSVVTVPSSSLGTK
824,3,1,SSVVTVPSSSLGTKT
825,3,1,SVVTVPSSSLGTKTY
826,3,1,VVTVPSSSLGTKTYT
827,3,1,VTVPSSSLGTKTYTC
828,3,1,TVPSSSLGTKTYTCN
829,3,1,VPSSSLGTKTYTCNV
830,3,1,PSSSLGTKTYTCNVD
831,3,1,SSSLGTKTYTCNVDH
832,3,1,SSLGTKTYTCNVDHK
833,3,1,SLGTKTYTCNVDHKP
834,3,1,LGTKTYTCNVDHKPS
835,3,1,GTKTYTCNVDHKPSN
836,3,1,TKTYTCNVDHKPSNT
837,3,1,KTYTCNVDHKPSNTK
838,3,1,TYTCNVDHKPSNTKV
839,3,1,YTCNVDHKPSNTKVD
840,3,1,TCNVDHKPSNTKVDK
841,3,1,CNVDHKPSNTKVDKR
842,3,1,NVDHKPSNTKVDKRV
843,3,1,VDHKPSNTKVDKRVE
844,3,1,DHKPSNTKVDKRVES
845,3,1,HKPSNTKVDKRVESK
846,3,1,KPSNTKVDKRVESKY
847,3,1,PSNTKVDKRVESKYG
848,3,1,SNTKVDKRVESKYGP
849,3,1,NTKVDKRVESKYGPP
850,3,1,TKVDKRVESKYGPPC
851,3,1,KVDKRVESKYGPPCP
852,3,1,VDKRVESKYGPPCPS
853,3,1,DKRVESKYGPPCPSC
854,3,1,KRVESKYGPPCPSCP
855,3,1,RVESKYGPPCPSCPA
856,3,1,VESKYGPPCPSCPAP
857,3,1,ESKYGPPCPSCPAPE
858,3,1,SKYGPPCPSCPAPEF
859,3,1,KYGPPCPSCPAPEFL
860,3,1,YGPPCPSCPAPEFLG
861,3,1,GPPCPSCPAPEFLGG
862,3,1,PPCPSCPAPEFLGGP
863,3,1,PCPSCPAPEFLGGPS
864,3,1,CPSCPAPEFLGGPSV
865,3,1,PSCPAPEFLGGPSVF
866,3,1,SCPAPEFLGGPSVFL
867,3,1,CPAPEFLGGPSVFLF
868,3,1,PAPEFLGGPSVFLFP
869,3,1,APEFLGGPSVFLFPP
870,3,1,PEFLGGPSVFLFPPK
871,3,1,EFLGGPSVFLFPPKP
872,3,1,FLGGPSVFLFPPKPK
873,3,1,LGGPSVFLFPPKPKD
874,3,1,GGPSVFLFPPKPKDT
875,3,1,GPSVFLFPPKPKDTL
876,3,1,PSVFLFPPKPKDTLM
877,3,1,SVFLFPPKPKDTLMI
878,3,1,VFLFPPKPKDTLMIS
879,3,1,FLFPPKPKDTLMISR
880,3,1,LFPPKPKDTLMISRT
881,3,1,FPPKPKDTLMISRTP
882,3,1,PPKPKDTLMISRTPE
883,3,1,PKPKDTLMISRTPEV
884,3,1,KPKDTLMISRTPEVT
885,3,1,PKDTLMISRTPEVTC
886,3,1,KDTLMISRTPEVTCV
887,3,1,DTLMISRTPEVTCVV
888,3,1,TLMISRTPEVTCVVV
889,3,1,LMISRTPEVTCVVVD
890,3,1,MISRTPEVTCVVVDV
891,3,1,ISRTPEVTCVVVDVS
892,3,1,SRTPEVTCVVVDVSQ
893,3,1,RTPEVTCVVVDVSQE
894,3,1,TPEVTCVVVDVSQED
895,3,1,PEVTCVVVDVSQEDP
896,3,1,EVTCVVVDVSQEDPE
897,3,1,VTCVVVDVSQEDPEV
898,3,1,TCVVVDVSQEDPEVQ
899,3,1,CVVVDVSQEDPEVQF
900,3,1,VVVDVSQEDPEVQFN
901,3,1,VVDVSQEDPEVQFNW
902,3,1,VDVSQEDPEVQFNWY
903,3,1,DVSQEDPEVQFNWYV
904,3,1,VSQEDPEVQFNWYVD
905,3,1,SQEDPEVQFNWYVDG
906,3,1,QEDPEVQFNWYVDGV
907,3,1,EDPEVQFNWYVDGVE
908,3,1,DPEVQFNWYVDGVEV
909,3,1,PEVQFNWYVDGVEVH
910,3,1,EVQFNWYVDGVEVHN
911,3,1,VQFNWYVDGVEVHNA
912,3,1,QFNWYVDGVEVHNAK
913,3,1,FNWYVDGVEVHNAKT
914,3,1,NWYVDGVEVHNAKTK
915,3,1,WYVDGVEVHNAKTKP
916,3,1,YVDGVEVHNAKTKPR
917,3,1,VDGVEVHNAKTKPRE
918,3,1,DGVEVHNAKTKPREE
919,3,1,GVEVHNAKTKPREEQ
920,3,1,VEVHNAKTKPREEQF
921,3,1,EVHNAKTKPREEQFN
922,3,1,VHNAKTKPREEQFNS
923,3,1,HNAKTKPREEQFNST
924,3,1,NAKTKPREEQFNSTY
925,3,1,AKTKPREEQFNSTYR
926,3,1,KTKPREEQFNSTYRV
927,3,1,TKPREEQFNSTYRVV
928,3,1,KPREEQFNSTYRVVS
929,3,1,PREEQFNSTYRVVSV
930,3,1,REEQFNSTYRVVSVL
931,3,1,EEQFNSTYRVVSVLT
932,3,1,EQFNSTYRVVSVLTV
933,3,1,QFNSTYRVVSVLTVL
934,3,1,FNSTYRVVSVLTVLH
935,3,1,NSTYRVVSVLTVLHQ
936,3,1,STYRVVSVLTVLHQD
937,3,1,TYRVVSVLTVLHQDW
938,3,1,YRVVSVLTVLHQDWL
939,3,1,RVVSVLTVLHQDWLN
940,3,1,VVSVLTVLHQDWLNG
941,3,1,VSVLTVLHQDWLNGK
942,3,1,SVLTVLHQDWLNGKE
943,3,1,VLTVLHQDWLNGKEY
944,3,1,LTVLHQDWLNGKEYK
945,3,1,TVLHQDWLNGKEYKC
946,3,1,VLHQDWLNGKEYKCK
947,3,1,LHQDWLNGKEYKCKV
948,3,1,HQDWLNGKEYKCKVS
949,3,1,QDWLNGKEYKCKVSN
950,3,1,DWLNGKEYKCKVSNK
951,3,1,WLNGKEYKCKVSNKG
952,3,1,LNGKEYKCKVSNKGL
953,3,1,NGKEYKCKVSNKGLP
954,3,1,GKEYKCKVSNKGLPS
955,3,1,KEYKCKVSNKGLPSS
956,3,1,EYKCKVSNKGLPSSI
957,3,1,YKCKVSNKGLPSSIE
958,3,1,KCKVSNKGLPSSIEK
959,3,1,CKVSNKGLPSSIEKT
960,3,1,KVSNKGLPSSIEKTI
961,3,1,VSNKGLPSSIEKTIS
962,3,1,SNKGLPSSIEKTISK
963,3,1,NKGLPSSIEKTISKA
964,3,1,KGLPSSIEKTISKAK
965,3,1,GLPSSIEKTISKAKG
966,3,1,LPSSIEKTISKAKGQ
967,3,1,PSSIEKTISKAKGQP
968,3,1,SSIEKTISKAKGQPR
969,3,1,SIEKTISKAKGQPRE
970,3,1,IEKTISKAKGQPREP
971,3,1,EKTISKAKGQPREPQ
972,3,1,KTISKAKGQPREPQV
973,3,1,TISKAKGQPREPQVY
974,3,1,ISKAKGQPREPQVYT
975,3,1,SKAKGQPREPQVYTL
976,3,1,KAKGQPREPQVYTLP
977,3,1,AKGQPREPQVYTLPP
978,3,1,KGQPREPQVYTLPPS
979,3,1,GQPREPQVYTLPPSQ
980,3,1,QPREPQVYTLPPSQE
981,3,1,PREPQVYTLPPSQEE
982,3,1,REPQVYTLPPSQEEM
983,3,1,EPQVYTLPPSQEEMT
984,3,1,PQVYTLPPSQEEMTK
985,3,1,QVYTLPPSQEEMTKN
986,3,1,VYTLPPSQEEMTKNQ
987,3,1,YTLPPSQEEMTKNQV
988,3,1,TLPPSQEEMTKNQVS
989,3,1,LPPSQEEMTKNQVSL
990,3,1,PPSQEEMTKNQVSLT
991,3,1,PSQEEMTKNQVSLTC
992,3,1,SQEEMTKNQVSLTCL
993,3,1,QEEMTKNQVSLTCLV
994,3,1,EEMTKNQVSLTCLVK
995,3,1,EMTKNQVSLTCLVKG
996,3,1,MTKNQVSLTCLVKGF
997,3,1,TKNQVSLTCLVKGFY
998,3,1,KNQVSLTCLVKGFYP
999,3,1,NQVSLTCLVKGFYPS
1000,3,1,QVSLTCLVKGFYPSD
1001,3,1,VSLTCLVKGFYPSDI
1002,3,1,SLTCLVKGFYPSDIA
1003,3,1,LTCLVKGFYPSDIAV
1004,3,1,TCLVKGFYPSDIAVE
1005,3,1,CLVKGFYPSDIAVEW
1006,3,1,LVKGFYPSDIAVEWE
1007,3,1,VKGFYPSDIAVEWES
1008,3,1,KGFYPSDIAVEWESN
1009,3,1,GFYPSDIAVEWESNG
1010,3,1,FYPSDIAVEWESNGQ
1011,3,1,YPSDIAVEWESNGQP
1012,3,1,PSDIAVEWESNGQPE
1013,3,1,SDIAVEWESNGQPEN
1014,3,1,DIAVEWESNGQPENN
1015,3,1,IAVEWESNGQPENNY
1016,3,1,AVEWESNGQPENNYK
1017,3,1,VEWESNGQPENNYKT
1018,3,1,EWESNGQPENNYKTT
1019,3,1,WESNGQPENNYKTTP
1020,3,1,ESNGQPENNYKTTPP
1021,3,1,SNGQPENNYKTTPPV
1022,3,1,NGQPENNYKTTPPVL
1023,3,1,GQPENNYKTTPPVLD
1024,3,1,QPENNYKTTPPVLDS
1025,3,1,PENNYKTTPPVLDSD
1026,3,1,ENNYKTTPPVLDSDG
1027,3,1,NNYKTTPPVLDSDGS
1028,3,1,NYKTTPPVLDSDGSF
1029,3,1,YKTTPPVLDSDGSFF
1030,3,1,KTTPPVLDSDGSFFL
1031,3,1,TTPPVLDSDGSFFLY
1032,3,1,TPPVLDSDGSFFLYS
1033,3,1,PPVLDSDGSFFLYSR
1034,3,1,PVLDSDGSFFLYSRL
1035,3,1,VLDSDGSFFLYSRLT
1036,3,1,LDSDGSFFLYSRLTV
1037,3,1,DSDGSFFLYSRLTVD
1038,3,1,SDGSFFLYSRLTVDK
1039,3,1,DGSFFLYSRLTVDKS
1040,3,1,GSFFLYSRLTVDKSR
1041,3,1,SFFLYSRLTVDKSRW
1042,3,1,FFLYSRLTVDKSRWQ
1043,3,1,FLYSRLTVDKSRWQE
1044,3,1,LYSRLTVDKSRWQEG
1045,3,1,YSRLTVDKSRWQEGN
1046,3,1,SRLTVDKSRWQEGNV
1047,3,1,RLTVDKSRWQEGNVF
1048,3,1,LTVDKSRWQEGNVFS
1049,3,1,TVDKSRWQEGNVFSC
1050,3,1,VDKSRWQEGNVFSCS
1051,3,1,DKSRWQEGNVFSCSV
1052,3,1,KSRWQEGNVFSCSVM
1053,3,1,SRWQEGNVFSCSVMH
1054,3,1,RWQEGNVFSCSVMHE
1055,3,1,WQEGNVFSCSVMHEA
1056,3,1,QEGNVFSCSVMHEAL
1057,3,1,EGNVFSCSVMHEALH
1058,3,1,GNVFSCSVMHEALHN
1059,3,1,NVFSCSVMHEALHNH
1060,3,1,VFSCSVMHEALHNHY
1061,3,1,FSCSVMHEALHNHYT
1062,3,1,SCSVMHEALHNHYTQ
1063,3,1,CSVMHEALHNHYTQK
1064,3,1,SVMHEALHNHYTQKS
1065,3,1,VMHEALHNHYTQKSL
1066,3,1,MHEALHNHYTQKSLS
1067,3,1,HEALHNHYTQKSLSL
1068,3,1,EALHNHYTQKSLSLS
1069,3,1,ALHNHYTQKSLSLSL
1070,3,1,LHNHYTQKSLSLSLG
1071,3,1,HNHYTQKSLSLSLGK
1072,4,2,DIQMTQSPSSLSASV
1073,4,2,IQMTQSPSSLSASVG
1074,4,2,QMTQSPSSLSASVGD
1075,4,2,MTQSPSSLSASVGDR
1076,4,2,TQSPSSLSASVGDRV
1077,4,2,QSPSSLSASVGDRVT
1078,4,2,SPSSLSASVGDRVTI
1079,4,2,PSSLSASVGDRVTIT
1080,4,2,SSLSASVGDRVTITC
1081,4,2,SLSASVGDRVTITCK
1082,4,2,LSASVGDRVTITCKT
1083,4,2,SASVGDRVTITCKTS
1084,4,2,ASVGDRVTITCKTSQ
1085,4,2,SVGDRVTITCKTSQD
1086,4,2,VGDRVTITCKTSQDI
1087,4,2,GDRVTITCKTSQDIN
1088,4,2,DRVTITCKTSQDINK
1089,4,2,RVTITCKTSQDINKY
1090,4,2,VTITCKTSQDINKYM
1091,4,2,TITCKTSQDINKYMA
1092,4,2,ITCKTSQDINKYMAW
1093,4,2,TCKTSQDINKYMAWY
1094,4,2,CKTSQDINKYMAWYQ
1095,4,2,KTSQDINKYMAWYQQ
1096,4,2,TSQDINKYMAWYQQT
1097,4,2,SQDINKYMAWYQQTP
1098,4,2,QDINKYMAWYQQTPG
1099,4,2,DINKYMAWYQQTPGK
1100,4,2,INKYMAWYQQTPGKA
1101,4,2,NKYMAWYQQTPGKAP
1102,4,2,KYMAWYQQTPGKAPR
1103,4,2,YMAWYQQTPGKAPRL
1104,4,2,MAWYQQTPGKAPRLL
1105,4,2,AWYQQTPGKAPRLLI
1106,4,2,WYQQTPGKAPRLLIH
1107,4,2,YQQTPGKAPRLLIHY
1108,4,2,QQTPGKAPRLLIHYT
1109,4,2,QTPGKAPRLLIHYTS
1110,4,2,TPGKAPRLLIHYTSA
1111,4,2,PGKAPRLLIHYTSAL
1112,4,2,GKAPRLLIHYTSALQ
1113,4,2,KAPRLLIHYTSALQP
1114,4,2,APRLLIHYTSALQPG
1115,4,2,PRLLIHYTSALQPGI
1116,4,2,RLLIHYTSALQPGIP
1117,4,2,LLIHYTSALQPGIPS
1118,4,2,LIHYTSALQPGIPSR
1119,4,2,IHYTSALQPGIPSRF
1120,4,2,HYTSALQPGIPSRFS
1121,4,2,YTSALQPGIPSRFSG
1122,4,2,TSALQPGIPSRFSGS
1123,4,2,SALQPGIPSRFSGSG
1124,4,2,ALQPGIPSRFSGSGS
1125,4,2,LQPGIPSRFSGSGSG
1126,4,2,QPGIPSRFSGSGSGR
1127,4,2,PGIPSRFSGSGSGRD
1128,4,2,GIPSRFSGSGSGRDY
1129,4,2,IPSRFSGSGSGRDYT
1130,4,2,PSRFSGSGSGRDYTF
1131,4,2,SRFSGSGSGRDYTFT
1132,4,2,RFSGSGSGRDYTFTI
1133,4,2,FSGSGSGRDYTFTIS
1134,4,2,SGSGSGRDYTFTISS
1135,4,2,GSGSGRDYTFTISSL
1136,4,2,SGSGRDYTFTISSLQ
1137,4,2,GSGRDYTFTISSLQP
1138,4,2,SGRDYTFTISSLQPE
1139,4,2,GRDYTFTISSLQPED
1140,4,2,RDYTFTISSLQPEDI
1141,4,2,DYTFTISSLQPEDIA
1142,4,2,YTFTISSLQPEDIAT
1143,4,2,TFTISSLQPEDIATY
1144,4,2,FTISSLQPEDIATYY
1145,4,2,TISSLQPEDIATYYC
1146,4,2,ISSLQPEDIATYYCL
1147,4,2,SSLQPEDIATYYCLQ
1148,4,2,SLQPEDIATYYCLQY
1149,4,2,LQPEDIATYYCLQYD
1150,4,2,QPEDIATYYCLQYDN
1151,4,2,PEDIATYYCLQYDNL
1152,4,2,EDIATYYCLQYDNLW
1153,4,2,DIATYYCLQYDNLWT
1154,4,2,IATYYCLQYDNLWTF
1155,4,2,ATYYCLQYDNLWTFG
1156,4,2,TYYCLQYDNLWTFGQ
1157,4,2,YYCLQYDNLWTFGQG
1158,4,2,YCLQYDNLWTFGQGT
1159,4,2,CLQYDNLWTFGQGTK
1160,4,2,LQYDNLWTFGQGTKV
1161,4,2,QYDNLWTFGQGTKVE
1162,4,2,YDNLWTFGQGTKVEI
1163,4,2,DNLWTFGQGTKVEIK
1164,4,2,NLWTFGQGTKVEIKR
1165,4,2,LWTFGQGTKVEIKRT
1166,4,2,WTFGQGTKVEIKRTV
1167,4,2,TFGQGTKVEIKRTVA
1168,4,2,FGQGTKVEIKRTVAA
1169,4,2,GQGTKVEIKRTVAAP
1170,4,2,QGTKVEIKRTVAAPS
1171,4,2,GTKVEIKRTVAAPSV
1172,4,2,TKVEIKRTVAAPSVF
1173,4,2,KVEIKRTVAAPSVFI
1174,4,2,VEIKRTVAAPSVFIF
1175,4,2,EIKRTVAAPSVFIFP
1176,4,2,IKRTVAAPSVFIFPP
1177,4,2,KRTVAAPSVFIFPPS
1178,4,2,RTVAAPSVFIFPPSD
1179,4,2,TVAAPSVFIFPPSDE
1180,4,2,VAAPSVFIFPPSDEQ
1181,4,2,AAPSVFIFPPSDEQL
1182,4,2,APSVFIFPPSDEQLK
1183,4,2,PSVFIFPPSDEQLKS
1184,4,2,SVFIFPPSDEQLKSG
1185,4,2,VFIFPPSDEQLKSGT
1186,4,2,FIFPPSDEQLKSGTA
1187,4,2,IFPPSDEQLKSGTAS
1188,4,2,FPPSDEQLKSGTASV
1189,4,2,PPSDEQLKSGTASVV
1190,4,2,PSDEQLKSGTASVVC
1191,4,2,SDEQLKSGTASVVCL
1192,4,2,DEQLKSGTASVVCLL
1193,4,2,EQLKSGTASVVCLLN
1194,4,2,QLKSGTASVVCLLNN
1195,4,2,LKSGTASVVCLLNNF
1196,4,2,KSGTASVVCLLNNFY
1197,4,2,SGTASVVCLLNNFYP
1198,4,2,GTASVVCLLNNFYPR
1199,4,2,TASVVCLLNNFYPRE
1200,4,2,ASVVCLLNNFYPREA
1201,4,2,SVVCLLNNFYPREAK
1202,4,2,VVCLLNNFYPREAKV
1203,4,2,VCLLNNFYPREAKVQ
1204,4,2,CLLNNFYPREAKVQW
1205,4,2,LLNNFYPREAKVQWK
1206,4,2,LNNFYPREAKVQWKV
1207,4,2,NNFYPREAKVQWKVD
1208,4,2,NFYPREAKVQWKVDN
1209,4,2,FYPREAKVQWKVDNA
1210,4,2,YPREAKVQWKVDNAL
1211,4,2,PREAKVQWKVDNALQ
1212,4,2,REAKVQWKVDNALQS
1213,4,2,EAKVQWKVDNALQSG
1214,4,2,AKVQWKVDNALQSGN
1215,4,2,KVQWKVDNALQSGNS
1216,4,2,VQWKVDNALQSGNSQ
1217,4,2,QWKVDNALQSGNSQE
1218,4,2,WKVDNALQSGNSQES
1219,4,2,KVDNALQSGNSQESV
1220,4,2,VDNALQSGNSQESVT
1221,4,2,DNALQSGNSQESVTE
1222,4,2,NALQSGNSQESVTEQ
1223,4,2,ALQSGNSQESVTEQD
1224,4,2,LQSGNSQESVTEQDS
1225,4,2,QSGNSQESVTEQDSK
1226,4,2,SGNSQESVTEQDSKD
1227,4,2,GNSQESVTEQDSKDS
1228,4,2,NSQESVTEQDSKDST
1229,4,2,SQESVTEQDSKDSTY
1230,4,2,QESVTEQDSKDSTYS
1231,4,2,ESVTEQDSKDSTYSL
1232,4,2,SVTEQDSKDSTYSLS
1233,4,2,VTEQDSKDSTYSLSS
1234,4,2,TEQDSKDSTYSLSST
1235,4,2,EQDSKDSTYSLSSTL
1236,4,2,QDSKDSTYSLSSTLT
1237,4,2,DSKDSTYSLSSTLTL
1238,4,2,SKDSTYSLSSTLTLS
1239,4,2,KDSTYSLSSTLTLSK
1240,4,2,DSTYSLSSTLTLSKA
1241,4,2,STYSLSSTLTLSKAD
1242,4,2,TYSLSSTLTLSKADY
1243,4,2,YSLSSTLTLSKADYE
1244,4,2,SLSSTLTLSKADYEK
1245,4,2,LSSTLTLSKADYEKH
1246,4,2,SSTLTLSKADYEKHK
1247,4,2,STLTLSKADYEKHKV
1248,4,2,TLTLSKADYEKHKVY
1249,4,2,LTLSKADYEKHKVYA
1250,4,2,TLSKADYEKHKVYAC
1251,4,2,LSKADYEKHKVYACE
1252,4,2,SKADYEKHKVYACEV
1253,4,2,KADYEKHKVYACEVT
1254,4,2,ADYEKHKVYACEVTH
1255,4,2,DYEKHKVYACEVTHQ
1256,4,2,YEKHKVYACEVTHQG
1257,4,2,EKHKVYACEVTHQGL
1258,4,2,KHKVYACEVTHQGLS
1259,4,2,HKVYACEVTHQGLSS
1260,4,2,KVYACEVTHQGLSSP
1261,4,2,VYACEVTHQGLSSPV
1262,4,2,YACEVTHQGLSSPVT
1263,4,2,ACEVTHQGLSSPVTK
1264,4,2,CEVTHQGLSSPVTKS
1265,4,2,EVTHQGLSSPVTKSF
1266,4,2,VTHQGLSSPVTKSFN
1267,4,2,THQGLSSPVTKSFNR
1268,4,2,HQGLSSPVTKSFNRG
1269,4,2,QGLSSPVTKSFNRGE
1270,4,2,GLSSPVTKSFNRGEC
