Index,ChainNum,ChainID,xmers
1,1,1,DIQMTQSPSSLSASV
2,1,1,IQMTQSPSSLSASVG
3,1,1,QMTQSPSSLSASVGD
4,1,1,MTQSPSSLSASVGDR
5,1,1,TQSPSSLSASVGDRV
6,1,1,QSPSSLSASVGDRVT
7,1,1,SPSSLSASVGDRVTI
8,1,1,PSSLSASVGDRVTIT
9,1,1,SSLSASVGDRVTITC
10,1,1,SLSASVGDRVTITCR
11,1,1,LSASVGDRVTITCRA
12,1,1,SASVGDRVTITCRAS
13,1,1,ASVGDRVTITCRASQ
14,1,1,SVGDRVTITCRASQG
15,1,1,VGDRVTITCRASQGI
16,1,1,GDRVTITCRASQGIS
17,1,1,DRVTITCRASQGISS
18,1,1,RVTITCRASQGISSW
19,1,1,VTITCRASQGISSWL
20,1,1,TITCRASQGISSWLA
21,1,1,ITCRASQGISSWLAW
22,1,1,TCRASQGISSWLAWY
23,1,1,CRASQGISSWLAWYQ
24,1,1,RASQGISSWLAWYQQ
25,1,1,ASQGISSWLAWYQQK
26,1,1,SQGISSWLAWYQQKP
27,1,1,QGISSWLAWYQQKPE
28,1,1,GISSWLAWYQQKPEK
29,1,1,ISSWLAWYQQKPEKA
30,1,1,SSWLAWYQQKPEKAP
31,1,1,SWLAWYQQKPEKAPK
32,1,1,WLAWYQQKPEKAPKS
33,1,1,LAWYQQKPEKAPKSL
34,1,1,AWYQQKPEKAPKSLI
35,1,1,WYQQKPEKAPKSLIY
36,1,1,YQQKPEKAPKSLIYA
37,1,1,QQKPEKAPKSLIYAA
38,1,1,QKPEKAPKSLIYAAS
39,1,1,KPEKAPKSLIYAASS
40,1,1,PEKAPKSLIYAASSL
41,1,1,EKAPKSLIYAASSLQ
42,1,1,KAPKSLIYAASSLQS
43,1,1,APKSLIYAASSLQSG
44,1,1,PKSLIYAASSLQSGV
45,1,1,KSLIYAASSLQSGVP
46,1,1,SLIYAASSLQSGVPS
47,1,1,LIYAASSLQSGVPSR
48,1,1,IYAASSLQSGVPSRF
49,1,1,YAASSLQSGVPSRFS
50,1,1,AASSLQSGVPSRFSG
51,1,1,ASSLQSGVPSRFSGS
52,1,1,SSLQSGVPSRFSGSG
53,1,1,SLQSGVPSRFSGSGS
54,1,1,LQSGVPSRFSGSGSG
55,1,1,QSGVPSRFSGSGSGT
56,1,1,SGVPSRFSGSGSGTD
57,1,1,GVPSRFSGSGSGTDF
58,1,1,VPSRFSGSGSGTDFT
59,1,1,PSRFSGSGSGTDFTL
60,1,1,SRFSGSGSGTDFTLT
61,1,1,RFSGSGSGTDFTLTI
62,1,1,FSGSGSGTDFTLTIS
63,1,1,SGSGSGTDFTLTISS
64,1,1,GSGSGTDFTLTISSL
65,1,1,SGSGTDFTLTISSLQ
66,1,1,GSGTDFTLTISSLQP
67,1,1,SGTDFTLTISSLQPE
68,1,1,GTDFTLTISSLQPED
69,1,1,TDFTLTISSLQPEDF
70,1,1,DFTLTISSLQPEDFA
71,1,1,FTLTISSLQPEDFAT
72,1,1,TLTISSLQPEDFATY
73,1,1,LTISSLQPEDFATYY
74,1,1,TISSLQPEDFATYYC
75,1,1,ISSLQPEDFATYYCQ
76,1,1,SSLQPEDFATYYCQQ
77,1,1,SLQPEDFATYYCQQY
78,1,1,LQPEDFATYYCQQYN
79,1,1,QPEDFATYYCQQYNI
80,1,1,PEDFATYYCQQYNIY
81,1,1,EDFATYYCQQYNIYP
82,1,1,DFATYYCQQYNIYPY
83,1,1,FATYYCQQYNIYPYT
84,1,1,ATYYCQQYNIYPYTF
85,1,1,TYYCQQYNIYPYTFG
86,1,1,YYCQQYNIYPYTFGQ
87,1,1,YCQQYNIYPYTFGQG
88,1,1,CQQYNIYPYTFGQGT
89,1,1,QQYNIYPYTFGQGTK
90,1,1,QYNIYPYTFGQGTKL
91,1,1,YNIYPYTFGQGTKLE
92,1,1,NIYPYTFGQGTKLEI
93,1,1,IYPYTFGQGTKLEIK
94,1,1,YPYTFGQGTKLEIKR
95,1,1,PYTFGQGTKLEIKRT
96,1,1,YTFGQGTKLEIKRTV
97,1,1,TFGQGTKLEIKRTVA
98,1,1,FGQGTKLEIKRTVAA
99,1,1,GQGTKLEIKRTVAAP
100,1,1,QGTKLEIKRTVAAPS
101,1,1,GTKLEIKRTVAAPSV
102,1,1,TKLEIKRTVAAPSVF
103,1,1,KLEIKRTVAAPSVFI
104,1,1,LEIKRTVAAPSVFIF
105,1,1,EIKRTVAAPSVFIFP
106,1,1,IKRTVAAPSVFIFPP
107,1,1,KRTVAAPSVFIFPPS
108,1,1,RTVAAPSVFIFPPSD
109,1,1,TVAAPSVFIFPPSDE
110,1,1,VAAPSVFIFPPSDEQ
111,1,1,AAPSVFIFPPSDEQL
112,1,1,APSVFIFPPSDEQLK
113,1,1,PSVFIFPPSDEQLKS
114,1,1,SVFIFPPSDEQLKSG
115,1,1,VFIFPPSDEQLKSGT
116,1,1,FIFPPSDEQLKSGTA
117,1,1,IFPPSDEQLKSGTAS
118,1,1,FPPSDEQLKSGTASV
119,1,1,PPSDEQLKSGTASVV
120,1,1,PSDEQLKSGTASVVC
121,1,1,SDEQLKSGTASVVCL
122,1,1,DEQLKSGTASVVCLL
123,1,1,EQLKSGTASVVCLLN
124,1,1,QLKSGTASVVCLLNN
125,1,1,LKSGTASVVCLLNNF
126,1,1,KSGTASVVCLLNNFY
127,1,1,SGTASVVCLLNNFYP
128,1,1,GTASVVCLLNNFYPR
129,1,1,TASVVCLLNNFYPRE
130,1,1,ASVVCLLNNFYPREA
131,1,1,SVVCLLNNFYPREAK
132,1,1,VVCLLNNFYPREAKV
133,1,1,VCLLNNFYPREAKVQ
134,1,1,CLLNNFYPREAKVQW
135,1,1,LLNNFYPREAKVQWK
136,1,1,LNNFYPREAKVQWKV
137,1,1,NNFYPREAKVQWKVD
138,1,1,NFYPREAKVQWKVDN
139,1,1,FYPREAKVQWKVDNA
140,1,1,YPREAKVQWKVDNAL
141,1,1,PREAKVQWKVDNALQ
142,1,1,REAKVQWKVDNALQS
143,1,1,EAKVQWKVDNALQSG
144,1,1,AKVQWKVDNALQSGN
145,1,1,KVQWKVDNALQSGNS
146,1,1,VQWKVDNALQSGNSQ
147,1,1,QWKVDNALQSGNSQE
148,1,1,WKVDNALQSGNSQES
149,1,1,KVDNALQSGNSQESV
150,1,1,VDNALQSGNSQESVT
151,1,1,DNALQSGNSQESVTE
152,1,1,NALQSGNSQESVTEQ
153,1,1,ALQSGNSQESVTEQD
154,1,1,LQSGNSQESVTEQDS
155,1,1,QSGNSQESVTEQDSK
156,1,1,SGNSQESVTEQDSKD
157,1,1,GNSQESVTEQDSKDS
158,1,1,NSQESVTEQDSKDST
159,1,1,SQESVTEQDSKDSTY
160,1,1,QESVTEQDSKDSTYS
161,1,1,ESVTEQDSKDSTYSL
162,1,1,SVTEQDSKDSTYSLS
163,1,1,VTEQDSKDSTYSLSS
164,1,1,TEQDSKDSTYSLSST
165,1,1,EQDSKDSTYSLSSTL
166,1,1,QDSKDSTYSLSSTLT
167,1,1,DSKDSTYSLSSTLTL
168,1,1,SKDSTYSLSSTLTLS
169,1,1,KDSTYSLSSTLTLSK
170,1,1,DSTYSLSSTLTLSKA
171,1,1,STYSLSSTLTLSKAD
172,1,1,TYSLSSTLTLSKADY
173,1,1,YSLSSTLTLSKADYE
174,1,1,SLSSTLTLSKADYEK
175,1,1,LSSTLTLSKADYEKH
176,1,1,SSTLTLSKADYEKHK
177,1,1,STLTLSKADYEKHKV
178,1,1,TLTLSKADYEKHKVY
179,1,1,LTLSKADYEKHKVYA
180,1,1,TLSKADYEKHKVYAC
181,1,1,LSKADYEKHKVYACE
182,1,1,SKADYEKHKVYACEV
183,1,1,KADYEKHKVYACEVT
184,1,1,ADYEKHKVYACEVTH
185,1,1,DYEKHKVYACEVTHQ
186,1,1,YEKHKVYACEVTHQG
187,1,1,EKHKVYACEVTHQGL
188,1,1,KHKVYACEVTHQGLS
189,1,1,HKVYACEVTHQGLSS
190,1,1,KVYACEVTHQGLSSP
191,1,1,VYACEVTHQGLSSPV
192,1,1,YACEVTHQGLSSPVT
193,1,1,ACEVTHQGLSSPVTK
194,1,1,CEVTHQGLSSPVTKS
195,1,1,EVTHQGLSSPVTKSF
196,1,1,VTHQGLSSPVTKSFN
197,1,1,THQGLSSPVTKSFNR
198,1,1,HQGLSSPVTKSFNRG
199,1,1,QGLSSPVTKSFNRGE
200,1,1,GLSSPVTKSFNRGEC
201,2,2,EVQLVQSGAEVKKPG
202,2,2,VQLVQSGAEVKKPGE
203,2,2,QLVQSGAEVKKPGES
204,2,2,LVQSGAEVKKPGESL
205,2,2,VQSGAEVKKPGESLK
206,2,2,QSGAEVKKPGESLKI
207,2,2,SGAEVKKPGESLKIS
208,2,2,GAEVKKPGESLKISC
209,2,2,AEVKKPGESLKISCK
210,2,2,EVKKPGESLKISCKG
211,2,2,VKKPGESLKISCKGS
212,2,2,KKPGESLKISCKGSG
213,2,2,KPGESLKISCKGSGY
214,2,2,PGESLKISCKGSGYS
215,2,2,GESLKISCKGSGYSF
216,2,2,ESLKISCKGSGYSFT
217,2,2,SLKISCKGSGYSFTT
218,2,2,LKISCKGSGYSFTTY
219,2,2,KISCKGSGYSFTTYW
220,2,2,ISCKGSGYSFTTYWL
221,2,2,SCKGSGYSFTTYWLG
222,2,2,CKGSGYSFTTYWLGW
223,2,2,KGSGYSFTTYWLGWV
224,2,2,GSGYSFTTYWLGWVR
225,2,2,SGYSFTTYWLGWVRQ
226,2,2,GYSFTTYWLGWVRQM
227,2,2,YSFTTYWLGWVRQMP
228,2,2,SFTTYWLGWVRQMPG
229,2,2,FTTYWLGWVRQMPGK
230,2,2,TTYWLGWVRQMPGKG
231,2,2,TYWLGWVRQMPGKGL
232,2,2,YWLGWVRQMPGKGLD
233,2,2,WLGWVRQMPGKGLDW
234,2,2,LGWVRQMPGKGLDWI
235,2,2,GWVRQMPGKGLDWIG
236,2,2,WVRQMPGKGLDWIGI
237,2,2,VRQMPGKGLDWIGIM
238,2,2,RQMPGKGLDWIGIMS
239,2,2,QMPGKGLDWIGIMSP
240,2,2,MPGKGLDWIGIMSPV
241,2,2,PGKGLDWIGIMSPVD
242,2,2,GKGLDWIGIMSPVDS
243,2,2,KGLDWIGIMSPVDSD
244,2,2,GLDWIGIMSPVDSDI
245,2,2,LDWIGIMSPVDSDIR
246,2,2,DWIGIMSPVDSDIRY
247,2,2,WIGIMSPVDSDIRYS
248,2,2,IGIMSPVDSDIRYSP
249,2,2,GIMSPVDSDIRYSPS
250,2,2,IMSPVDSDIRYSPSF
251,2,2,MSPVDSDIRYSPSFQ
252,2,2,SPVDSDIRYSPSFQG
253,2,2,PVDSDIRYSPSFQGQ
254,2,2,VDSDIRYSPSFQGQV
255,2,2,DSDIRYSPSFQGQVT
256,2,2,SDIRYSPSFQGQVTM
257,2,2,DIRYSPSFQGQVTMS
258,2,2,IRYSPSFQGQVTMSV
259,2,2,RYSPSFQGQVTMSVD
260,2,2,YSPSFQGQVTMSVDK
261,2,2,SPSFQGQVTMSVDKS
262,2,2,PSFQGQVTMSVDKSI
263,2,2,SFQGQVTMSVDKSIT
264,2,2,FQGQVTMSVDKSITT
265,2,2,QGQVTMSVDKSITTA
266,2,2,GQVTMSVDKSITTAY
267,2,2,QVTMSVDKSITTAYL
268,2,2,VTMSVDKSITTAYLQ
269,2,2,TMSVDKSITTAYLQW
270,2,2,MSVDKSITTAYLQWN
271,2,2,SVDKSITTAYLQWNS
272,2,2,VDKSITTAYLQWNSL
273,2,2,DKSITTAYLQWNSLK
274,2,2,KSITTAYLQWNSLKA
275,2,2,SITTAYLQWNSLKAS
276,2,2,ITTAYLQWNSLKASD
277,2,2,TTAYLQWNSLKASDT
278,2,2,TAYLQWNSLKASDTA
279,2,2,AYLQWNSLKASDTAM
280,2,2,YLQWNSLKASDTAMY
281,2,2,LQWNSLKASDTAMYY
282,2,2,QWNSLKASDTAMYYC
283,2,2,WNSLKASDTAMYYCA
284,2,2,NSLKASDTAMYYCAR
285,2,2,SLKASDTAMYYCARR
286,2,2,LKASDTAMYYCARRR
287,2,2,KASDTAMYYCARRRP
288,2,2,ASDTAMYYCARRRPG
289,2,2,SDTAMYYCARRRPGQ
290,2,2,DTAMYYCARRRPGQG
291,2,2,TAMYYCARRRPGQGY
292,2,2,AMYYCARRRPGQGYF
293,2,2,MYYCARRRPGQGYFD
294,2,2,YYCARRRPGQGYFDF
295,2,2,YCARRRPGQGYFDFW
296,2,2,CARRRPGQGYFDFWG
297,2,2,ARRRPGQGYFDFWGQ
298,2,2,RRRPGQGYFDFWGQG
299,2,2,RRPGQGYFDFWGQGT
300,2,2,RPGQGYFDFWGQGTL
301,2,2,PGQGYFDFWGQGTLV
302,2,2,GQGYFDFWGQGTLVT
303,2,2,QGYFDFWGQGTLVTV
304,2,2,GYFDFWGQGTLVTVS
305,2,2,YFDFWGQGTLVTVSS
306,2,2,FDFWGQGTLVTVSSS
307,2,2,DFWGQGTLVTVSSSS
308,2,2,FWGQGTLVTVSSSST
309,2,2,WGQGTLVTVSSSSTK
310,2,2,GQGTLVTVSSSSTKG
311,2,2,QGTLVTVSSSSTKGP
312,2,2,GTLVTVSSSSTKGPS
313,2,2,TLVTVSSSSTKGPSV
314,2,2,LVTVSSSSTKGPSVF
315,2,2,VTVSSSSTKGPSVFP
316,2,2,TVSSSSTKGPSVFPL
317,2,2,VSSSSTKGPSVFPLA
318,2,2,SSSSTKGPSVFPLAP
319,2,2,SSSTKGPSVFPLAPS
320,2,2,SSTKGPSVFPLAPSS
321,2,2,STKGPSVFPLAPSSK
322,2,2,TKGPSVFPLAPSSKS
323,2,2,KGPSVFPLAPSSKST
324,2,2,GPSVFPLAPSSKSTS
325,2,2,PSVFPLAPSSKSTSG
326,2,2,SVFPLAPSSKSTSGG
327,2,2,VFPLAPSSKSTSGGT
328,2,2,FPLAPSSKSTSGGTA
329,2,2,PLAPSSKSTSGGTAA
330,2,2,LAPSSKSTSGGTAAL
331,2,2,APSSKSTSGGTAALG
332,2,2,PSSKSTSGGTAALGC
333,2,2,SSKSTSGGTAALGCL
334,2,2,SKSTSGGTAALGCLV
335,2,2,KSTSGGTAALGCLVK
336,2,2,STSGGTAALGCLVKD
337,2,2,TSGGTAALGCLVKDY
338,2,2,SGGTAALGCLVKDYF
339,2,2,GGTAALGCLVKDYFP
340,2,2,GTAALGCLVKDYFPE
341,2,2,TAALGCLVKDYFPEP
342,2,2,AALGCLVKDYFPEPV
343,2,2,ALGCLVKDYFPEPVT
344,2,2,LGCLVKDYFPEPVTV
345,2,2,GCLVKDYFPEPVTVS
346,2,2,CLVKDYFPEPVTVSW
347,2,2,LVKDYFPEPVTVSWN
348,2,2,VKDYFPEPVTVSWNS
349,2,2,KDYFPEPVTVSWNSG
350,2,2,DYFPEPVTVSWNSGA
351,2,2,YFPEPVTVSWNSGAL
352,2,2,FPEPVTVSWNSGALT
353,2,2,PEPVTVSWNSGALTS
354,2,2,EPVTVSWNSGALTSG
355,2,2,PVTVSWNSGALTSGV
356,2,2,VTVSWNSGALTSGVH
357,2,2,TVSWNSGALTSGVHT
358,2,2,VSWNSGALTSGVHTF
359,2,2,SWNSGALTSGVHTFP
360,2,2,WNSGALTSGVHTFPA
361,2,2,NSGALTSGVHTFPAV
362,2,2,SGALTSGVHTFPAVL
363,2,2,GALTSGVHTFPAVLQ
364,2,2,ALTSGVHTFPAVLQS
365,2,2,LTSGVHTFPAVLQSS
366,2,2,TSGVHTFPAVLQSSG
367,2,2,SGVHTFPAVLQSSGL
368,2,2,GVHTFPAVLQSSGLY
369,2,2,VHTFPAVLQSSGLYS
370,2,2,HTFPAVLQSSGLYSL
371,2,2,TFPAVLQSSGLYSLS
372,2,2,FPAVLQSSGLYSLSS
373,2,2,PAVLQSSGLYSLSSV
374,2,2,AVLQSSGLYSLSSVV
375,2,2,VLQSSGLYSLSSVVT
376,2,2,LQSSGLYSLSSVVTV
377,2,2,QSSGLYSLSSVVTVP
378,2,2,SSGLYSLSSVVTVPS
379,2,2,SGLYSLSSVVTVPSS
380,2,2,GLYSLSSVVTVPSSS
381,2,2,LYSLSSVVTVPSSSL
382,2,2,YSLSSVVTVPSSSLG
383,2,2,SLSSVVTVPSSSLGT
384,2,2,LSSVVTVPSSSLGTQ
385,2,2,SSVVTVPSSSLGTQT
386,2,2,SVVTVPSSSLGTQTY
387,2,2,VVTVPSSSLGTQTYI
388,2,2,VTVPSSSLGTQTYIC
389,2,2,TVPSSSLGTQTYICN
390,2,2,VPSSSLGTQTYICNV
391,2,2,PSSSLGTQTYICNVN
392,2,2,SSSLGTQTYICNVNH
393,2,2,SSLGTQTYICNVNHK
394,2,2,SLGTQTYICNVNHKP
395,2,2,LGTQTYICNVNHKPS
396,2,2,GTQTYICNVNHKPSN
397,2,2,TQTYICNVNHKPSNT
398,2,2,QTYICNVNHKPSNTK
399,2,2,TYICNVNHKPSNTKV
400,2,2,YICNVNHKPSNTKVD
401,2,2,ICNVNHKPSNTKVDK
402,2,2,CNVNHKPSNTKVDKR
403,2,2,NVNHKPSNTKVDKRV
404,2,2,VNHKPSNTKVDKRVE
405,2,2,NHKPSNTKVDKRVEP
406,2,2,HKPSNTKVDKRVEPK
407,2,2,KPSNTKVDKRVEPKS
408,2,2,PSNTKVDKRVEPKSC
409,2,2,SNTKVDKRVEPKSCD
410,2,2,NTKVDKRVEPKSCDK
411,2,2,TKVDKRVEPKSCDKT
412,2,2,KVDKRVEPKSCDKTH
413,2,2,VDKRVEPKSCDKTHT
414,2,2,DKRVEPKSCDKTHTC
415,2,2,KRVEPKSCDKTHTCP
416,2,2,RVEPKSCDKTHTCPP
417,2,2,VEPKSCDKTHTCPPC
418,2,2,EPKSCDKTHTCPPCP
419,2,2,PKSCDKTHTCPPCPA
420,2,2,KSCDKTHTCPPCPAP
421,2,2,SCDKTHTCPPCPAPE
422,2,2,CDKTHTCPPCPAPEL
423,2,2,DKTHTCPPCPAPELL
424,2,2,KTHTCPPCPAPELLG
425,2,2,THTCPPCPAPELLGG
426,2,2,HTCPPCPAPELLGGP
427,2,2,TCPPCPAPELLGGPS
428,2,2,CPPCPAPELLGGPSV
429,2,2,PPCPAPELLGGPSVF
430,2,2,PCPAPELLGGPSVFL
431,2,2,CPAPELLGGPSVFLF
432,2,2,PAPELLGGPSVFLFP
433,2,2,APELLGGPSVFLFPP
434,2,2,PELLGGPSVFLFPPK
435,2,2,ELLGGPSVFLFPPKP
436,2,2,LLGGPSVFLFPPKPK
437,2,2,LGGPSVFLFPPKPKD
438,2,2,GGPSVFLFPPKPKDT
439,2,2,GPSVFLFPPKPKDTL
440,2,2,PSVFLFPPKPKDTLM
441,2,2,SVFLFPPKPKDTLMI
442,2,2,VFLFPPKPKDTLMIS
443,2,2,FLFPPKPKDTLMISR
444,2,2,LFPPKPKDTLMISRT
445,2,2,FPPKPKDTLMISRTP
446,2,2,PPKPKDTLMISRTPE
447,2,2,PKPKDTLMISRTPEV
448,2,2,KPKDTLMISRTPEVT
449,2,2,PKDTLMISRTPEVTC
450,2,2,KDTLMISRTPEVTCV
451,2,2,DTLMISRTPEVTCVV
452,2,2,TLMISRTPEVTCVVV
453,2,2,LMISRTPEVTCVVVD
454,2,2,MISRTPEVTCVVVDV
455,2,2,ISRTPEVTCVVVDVS
456,2,2,SRTPEVTCVVVDVSH
457,2,2,RTPEVTCVVVDVSHE
458,2,2,TPEVTCVVVDVSHED
459,2,2,PEVTCVVVDVSHEDP
460,2,2,EVTCVVVDVSHEDPE
461,2,2,VTCVVVDVSHEDPEV
462,2,2,TCVVVDVSHEDPEVK
463,2,2,CVVVDVSHEDPEVKF
464,2,2,VVVDVSHEDPEVKFN
465,2,2,VVDVSHEDPEVKFNW
466,2,2,VDVSHEDPEVKFNWY
467,2,2,DVSHEDPEVKFNWYV
468,2,2,VSHEDPEVKFNWYVD
469,2,2,SHEDPEVKFNWYVDG
470,2,2,HEDPEVKFNWYVDGV
471,2,2,EDPEVKFNWYVDGVE
472,2,2,DPEVKFNWYVDGVEV
473,2,2,PEVKFNWYVDGVEVH
474,2,2,EVKFNWYVDGVEVHN
475,2,2,VKFNWYVDGVEVHNA
476,2,2,KFNWYVDGVEVHNAK
477,2,2,FNWYVDGVEVHNAKT
478,2,2,NWYVDGVEVHNAKTK
479,2,2,WYVDGVEVHNAKTKP
480,2,2,YVDGVEVHNAKTKPR
481,2,2,VDGVEVHNAKTKPRE
482,2,2,DGVEVHNAKTKPREE
483,2,2,GVEVHNAKTKPREEQ
484,2,2,VEVHNAKTKPREEQY
485,2,2,EVHNAKTKPREEQYN
486,2,2,VHNAKTKPREEQYNS
487,2,2,HNAKTKPREEQYNST
488,2,2,NAKTKPREEQYNSTY
489,2,2,AKTKPREEQYNSTYR
490,2,2,KTKPREEQYNSTYRV
491,2,2,TKPREEQYNSTYRVV
492,2,2,KPREEQYNSTYRVVS
493,2,2,PREEQYNSTYRVVSV
494,2,2,REEQYNSTYRVVSVL
495,2,2,EEQYNSTYRVVSVLT
496,2,2,EQYNSTYRVVSVLTV
497,2,2,QYNSTYRVVSVLTVL
498,2,2,YNSTYRVVSVLTVLH
499,2,2,NSTYRVVSVLTVLHQ
500,2,2,STYRVVSVLTVLHQD
501,2,2,TYRVVSVLTVLHQDW
502,2,2,YRVVSVLTVLHQDWL
503,2,2,RVVSVLTVLHQDWLN
504,2,2,VVSVLTVLHQDWLNG
505,2,2,VSVLTVLHQDWLNGK
506,2,2,SVLTVLHQDWLNGKE
507,2,2,VLTVLHQDWLNGKEY
508,2,2,LTVLHQDWLNGKEYK
509,2,2,TVLHQDWLNGKEYKC
510,2,2,VLHQDWLNGKEYKCK
511,2,2,LHQDWLNGKEYKCKV
512,2,2,HQDWLNGKEYKCKVS
513,2,2,QDWLNGKEYKCKVSN
514,2,2,DWLNGKEYKCKVSNK
515,2,2,WLNGKEYKCKVSNKA
516,2,2,LNGKEYKCKVSNKAL
517,2,2,NGKEYKCKVSNKALP
518,2,2,GKEYKCKVSNKALPA
519,2,2,KEYKCKVSNKALPAP
520,2,2,EYKCKVSNKALPAPI
521,2,2,YKCKVSNKALPAPIE
522,2,2,KCKVSNKALPAPIEK
523,2,2,CKVSNKALPAPIEKT
524,2,2,KVSNKALPAPIEKTI
525,2,2,VSNKALPAPIEKTIS
526,2,2,SNKALPAPIEKTISK
527,2,2,NKALPAPIEKTISKA
528,2,2,KALPAPIEKTISKAK
529,2,2,ALPAPIEKTISKAKG
530,2,2,LPAPIEKTISKAKGQ
531,2,2,PAPIEKTISKAKGQP
532,2,2,APIEKTISKAKGQPR
533,2,2,PIEKTISKAKGQPRE
534,2,2,IEKTISKAKGQPREP
535,2,2,EKTISKAKGQPREPQ
536,2,2,KTISKAKGQPREPQV
537,2,2,TISKAKGQPREPQVY
538,2,2,ISKAKGQPREPQVYT
539,2,2,SKAKGQPREPQVYTL
540,2,2,KAKGQPREPQVYTLP
541,2,2,AKGQPREPQVYTLPP
542,2,2,KGQPREPQVYTLPPS
543,2,2,GQPREPQVYTLPPSR
544,2,2,QPREPQVYTLPPSRD
545,2,2,PREPQVYTLPPSRDE
546,2,2,REPQVYTLPPSRDEL
547,2,2,EPQVYTLPPSRDELT
548,2,2,PQVYTLPPSRDELTK
549,2,2,QVYTLPPSRDELTKN
550,2,2,VYTLPPSRDELTKNQ
551,2,2,YTLPPSRDELTKNQV
552,2,2,TLPPSRDELTKNQVS
553,2,2,LPPSRDELTKNQVSL
554,2,2,PPSRDELTKNQVSLT
555,2,2,PSRDELTKNQVSLTC
556,2,2,SRDELTKNQVSLTCL
557,2,2,RDELTKNQVSLTCLV
558,2,2,DELTKNQVSLTCLVK
559,2,2,ELTKNQVSLTCLVKG
560,2,2,LTKNQVSLTCLVKGF
561,2,2,TKNQVSLTCLVKGFY
562,2,2,KNQVSLTCLVKGFYP
563,2,2,NQVSLTCLVKGFYPS
564,2,2,QVSLTCLVKGFYPSD
565,2,2,VSLTCLVKGFYPSDI
566,2,2,SLTCLVKGFYPSDIA
567,2,2,LTCLVKGFYPSDIAV
568,2,2,TCLVKGFYPSDIAVE
569,2,2,CLVKGFYPSDIAVEW
570,2,2,LVKGFYPSDIAVEWE
571,2,2,VKGFYPSDIAVEWES
572,2,2,KGFYPSDIAVEWESN
573,2,2,GFYPSDIAVEWESNG
574,2,2,FYPSDIAVEWESNGQ
575,2,2,YPSDIAVEWESNGQP
576,2,2,PSDIAVEWESNGQPE
577,2,2,SDIAVEWESNGQPEN
578,2,2,DIAVEWESNGQPENN
579,2,2,IAVEWESNGQPENNY
580,2,2,AVEWESNGQPENNYK
581,2,2,VEWESNGQPENNYKT
582,2,2,EWESNGQPENNYKTT
583,2,2,WESNGQPENNYKTTP
584,2,2,ESNGQPENNYKTTPP
585,2,2,SNGQPENNYKTTPPV
586,2,2,NGQPENNYKTTPPVL
587,2,2,GQPENNYKTTPPVLD
588,2,2,QPENNYKTTPPVLDS
589,2,2,PENNYKTTPPVLDSD
590,2,2,ENNYKTTPPVLDSDG
591,2,2,NNYKTTPPVLDSDGS
592,2,2,NYKTTPPVLDSDGSF
593,2,2,YKTTPPVLDSDGSFF
594,2,2,KTTPPVLDSDGSFFL
595,2,2,TTPPVLDSDGSFFLY
596,2,2,TPPVLDSDGSFFLYS
597,2,2,PPVLDSDGSFFLYSK
598,2,2,PVLDSDGSFFLYSKL
599,2,2,VLDSDGSFFLYSKLT
600,2,2,LDSDGSFFLYSKLTV
601,2,2,DSDGSFFLYSKLTVD
602,2,2,SDGSFFLYSKLTVDK
603,2,2,DGSFFLYSKLTVDKS
604,2,2,GSFFLYSKLTVDKSR
605,2,2,SFFLYSKLTVDKSRW
606,2,2,FFLYSKLTVDKSRWQ
607,2,2,FLYSKLTVDKSRWQQ
608,2,2,LYSKLTVDKSRWQQG
609,2,2,YSKLTVDKSRWQQGN
610,2,2,SKLTVDKSRWQQGNV
611,2,2,KLTVDKSRWQQGNVF
612,2,2,LTVDKSRWQQGNVFS
613,2,2,TVDKSRWQQGNVFSC
614,2,2,VDKSRWQQGNVFSCS
615,2,2,DKSRWQQGNVFSCSV
616,2,2,KSRWQQGNVFSCSVM
617,2,2,SRWQQGNVFSCSVMH
618,2,2,RWQQGNVFSCSVMHE
619,2,2,WQQGNVFSCSVMHEA
620,2,2,QQGNVFSCSVMHEAL
621,2,2,QGNVFSCSVMHEALH
622,2,2,GNVFSCSVMHEALHN
623,2,2,NVFSCSVMHEALHNH
624,2,2,VFSCSVMHEALHNHY
625,2,2,FSCSVMHEALHNHYT
626,2,2,SCSVMHEALHNHYTQ
627,2,2,CSVMHEALHNHYTQK
628,2,2,SVMHEALHNHYTQKS
629,2,2,VMHEALHNHYTQKSL
630,2,2,MHEALHNHYTQKSLS
631,2,2,HEALHNHYTQKSLSL
632,2,2,EALHNHYTQKSLSLS
633,2,2,ALHNHYTQKSLSLSP
634,2,2,LHNHYTQKSLSLSPG
635,2,2,HNHYTQKSLSLSPGK
636,3,1,DIQMTQSPSSLSASV
637,3,1,IQMTQSPSSLSASVG
638,3,1,QMTQSPSSLSASVGD
639,3,1,MTQSPSSLSASVGDR
640,3,1,TQSPSSLSASVGDRV
641,3,1,QSPSSLSASVGDRVT
642,3,1,SPSSLSASVGDRVTI
643,3,1,PSSLSASVGDRVTIT
644,3,1,SSLSASVGDRVTITC
645,3,1,SLSASVGDRVTITCR
646,3,1,LSASVGDRVTITCRA
647,3,1,SASVGDRVTITCRAS
648,3,1,ASVGDRVTITCRASQ
649,3,1,SVGDRVTITCRASQG
650,3,1,VGDRVTITCRASQGI
651,3,1,GDRVTITCRASQGIS
652,3,1,DRVTITCRASQGISS
653,3,1,RVTITCRASQGISSW
654,3,1,VTITCRASQGISSWL
655,3,1,TITCRASQGISSWLA
656,3,1,ITCRASQGISSWLAW
657,3,1,TCRASQGISSWLAWY
658,3,1,CRASQGISSWLAWYQ
659,3,1,RASQGISSWLAWYQQ
660,3,1,ASQGISSWLAWYQQK
661,3,1,SQGISSWLAWYQQKP
662,3,1,QGISSWLAWYQQKPE
663,3,1,GISSWLAWYQQKPEK
664,3,1,ISSWLAWYQQKPEKA
665,3,1,SSWLAWYQQKPEKAP
666,3,1,SWLAWYQQKPEKAPK
667,3,1,WLAWYQQKPEKAPKS
668,3,1,LAWYQQKPEKAPKSL
669,3,1,AWYQQKPEKAPKSLI
670,3,1,WYQQKPEKAPKSLIY
671,3,1,YQQKPEKAPKSLIYA
672,3,1,QQKPEKAPKSLIYAA
673,3,1,QKPEKAPKSLIYAAS
674,3,1,KPEKAPKSLIYAASS
675,3,1,PEKAPKSLIYAASSL
676,3,1,EKAPKSLIYAASSLQ
677,3,1,KAPKSLIYAASSLQS
678,3,1,APKSLIYAASSLQSG
679,3,1,PKSLIYAASSLQSGV
680,3,1,KSLIYAASSLQSGVP
681,3,1,SLIYAASSLQSGVPS
682,3,1,LIYAASSLQSGVPSR
683,3,1,IYAASSLQSGVPSRF
684,3,1,YAASSLQSGVPSRFS
685,3,1,AASSLQSGVPSRFSG
686,3,1,ASSLQSGVPSRFSGS
687,3,1,SSLQSGVPSRFSGSG
688,3,1,SLQSGVPSRFSGSGS
689,3,1,LQSGVPSRFSGSGSG
690,3,1,QSGVPSRFSGSGSGT
691,3,1,SGVPSRFSGSGSGTD
692,3,1,GVPSRFSGSGSGTDF
693,3,1,VPSRFSGSGSGTDFT
694,3,1,PSRFSGSGSGTDFTL
695,3,1,SRFSGSGSGTDFTLT
696,3,1,RFSGSGSGTDFTLTI
697,3,1,FSGSGSGTDFTLTIS
698,3,1,SGSGSGTDFTLTISS
699,3,1,GSGSGTDFTLTISSL
700,3,1,SGSGTDFTLTISSLQ
701,3,1,GSGTDFTLTISSLQP
702,3,1,SGTDFTLTISSLQPE
703,3,1,GTDFTLTISSLQPED
704,3,1,TDFTLTISSLQPEDF
705,3,1,DFTLTISSLQPEDFA
706,3,1,FTLTISSLQPEDFAT
707,3,1,TLTISSLQPEDFATY
708,3,1,LTISSLQPEDFATYY
709,3,1,TISSLQPEDFATYYC
710,3,1,ISSLQPEDFATYYCQ
711,3,1,SSLQPEDFATYYCQQ
712,3,1,SLQPEDFATYYCQQY
713,3,1,LQPEDFATYYCQQYN
714,3,1,QPEDFATYYCQQYNI
715,3,1,PEDFATYYCQQYNIY
716,3,1,EDFATYYCQQYNIYP
717,3,1,DFATYYCQQYNIYPY
718,3,1,FATYYCQQYNIYPYT
719,3,1,ATYYCQQYNIYPYTF
720,3,1,TYYCQQYNIYPYTFG
721,3,1,YYCQQYNIYPYTFGQ
722,3,1,YCQQYNIYPYTFGQG
723,3,1,CQQYNIYPYTFGQGT
724,3,1,QQYNIYPYTFGQGTK
725,3,1,QYNIYPYTFGQGTKL
726,3,1,YNIYPYTFGQGTKLE
727,3,1,NIYPYTFGQGTKLEI
728,3,1,IYPYTFGQGTKLEIK
729,3,1,YPYTFGQGTKLEIKR
730,3,1,PYTFGQGTKLEIKRT
731,3,1,YTFGQGTKLEIKRTV
732,3,1,TFGQGTKLEIKRTVA
733,3,1,FGQGTKLEIKRTVAA
734,3,1,GQGTKLEIKRTVAAP
735,3,1,QGTKLEIKRTVAAPS
736,3,1,GTKLEIKRTVAAPSV
737,3,1,TKLEIKRTVAAPSVF
738,3,1,KLEIKRTVAAPSVFI
739,3,1,LEIKRTVAAPSVFIF
740,3,1,EIKRTVAAPSVFIFP
741,3,1,IKRTVAAPSVFIFPP
742,3,1,KRTVAAPSVFIFPPS
743,3,1,RTVAAPSVFIFPPSD
744,3,1,TVAAPSVFIFPPSDE
745,3,1,VAAPSVFIFPPSDEQ
746,3,1,AAPSVFIFPPSDEQL
747,3,1,APSVFIFPPSDEQLK
748,3,1,PSVFIFPPSDEQLKS
749,3,1,SVFIFPPSDEQLKSG
750,3,1,VFIFPPSDEQLKSGT
751,3,1,FIFPPSDEQLKSGTA
752,3,1,IFPPSDEQLKSGTAS
753,3,1,FPPSDEQLKSGTASV
754,3,1,PPSDEQLKSGTASVV
755,3,1,PSDEQLKSGTASVVC
756,3,1,SDEQLKSGTASVVCL
757,3,1,DEQLKSGTASVVCLL
758,3,1,EQLKSGTASVVCLLN
759,3,1,QLKSGTASVVCLLNN
760,3,1,LKSGTASVVCLLNNF
761,3,1,KSGTASVVCLLNNFY
762,3,1,SGTASVVCLLNNFYP
763,3,1,GTASVVCLLNNFYPR
764,3,1,TASVVCLLNNFYPRE
765,3,1,ASVVCLLNNFYPREA
766,3,1,SVVCLLNNFYPREAK
767,3,1,VVCLLNNFYPREAKV
768,3,1,VCLLNNFYPREAKVQ
769,3,1,CLLNNFYPREAKVQW
770,3,1,LLNNFYPREAKVQWK
771,3,1,LNNFYPREAKVQWKV
772,3,1,NNFYPREAKVQWKVD
773,3,1,NFYPREAKVQWKVDN
774,3,1,FYPREAKVQWKVDNA
775,3,1,YPREAKVQWKVDNAL
776,3,1,PREAKVQWKVDNALQ
777,3,1,REAKVQWKVDNALQS
778,3,1,EAKVQWKVDNALQSG
779,3,1,AKVQWKVDNALQSGN
780,3,1,KVQWKVDNALQSGNS
781,3,1,VQWKVDNALQSGNSQ
782,3,1,QWKVDNALQSGNSQE
783,3,1,WKVDNALQSGNSQES
784,3,1,KVDNALQSGNSQESV
785,3,1,VDNALQSGNSQESVT
786,3,1,DNALQSGNSQESVTE
787,3,1,NALQSGNSQESVTEQ
788,3,1,ALQSGNSQESVTEQD
789,3,1,LQSGNSQESVTEQDS
790,3,1,QSGNSQESVTEQDSK
791,3,1,SGNSQESVTEQDSKD
792,3,1,GNSQESVTEQDSKDS
793,3,1,NSQESVTEQDSKDST
794,3,1,SQESVTEQDSKDSTY
795,3,1,QESVTEQDSKDSTYS
796,3,1,ESVTEQDSKDSTYSL
797,3,1,SVTEQDSKDSTYSLS
798,3,1,VTEQDSKDSTYSLSS
799,3,1,TEQDSKDSTYSLSST
800,3,1,EQDSKDSTYSLSSTL
801,3,1,QDSKDSTYSLSSTLT
802,3,1,DSKDSTYSLSSTLTL
803,3,1,SKDSTYSLSSTLTLS
804,3,1,KDSTYSLSSTLTLSK
805,3,1,DSTYSLSSTLTLSKA
806,3,1,STYSLSSTLTLSKAD
807,3,1,TYSLSSTLTLSKADY
808,3,1,YSLSSTLTLSKADYE
809,3,1,SLSSTLTLSKADYEK
810,3,1,LSSTLTLSKADYEKH
811,3,1,SSTLTLSKADYEKHK
812,3,1,STLTLSKADYEKHKV
813,3,1,TLTLSKADYEKHKVY
814,3,1,LTLSKADYEKHKVYA
815,3,1,TLSKADYEKHKVYAC
816,3,1,LSKADYEKHKVYACE
817,3,1,SKADYEKHKVYACEV
818,3,1,KADYEKHKVYACEVT
819,3,1,ADYEKHKVYACEVTH
820,3,1,DYEKHKVYACEVTHQ
821,3,1,YEKHKVYACEVTHQG
822,3,1,EKHKVYACEVTHQGL
823,3,1,KHKVYACEVTHQGLS
824,3,1,HKVYACEVTHQGLSS
825,3,1,KVYACEVTHQGLSSP
826,3,1,VYACEVTHQGLSSPV
827,3,1,YACEVTHQGLSSPVT
828,3,1,ACEVTHQGLSSPVTK
829,3,1,CEVTHQGLSSPVTKS
830,3,1,EVTHQGLSSPVTKSF
831,3,1,VTHQGLSSPVTKSFN
832,3,1,THQGLSSPVTKSFNR
833,3,1,HQGLSSPVTKSFNRG
834,3,1,QGLSSPVTKSFNRGE
835,3,1,GLSSPVTKSFNRGEC
836,4,2,EVQLVQSGAEVKKPG
837,4,2,VQLVQSGAEVKKPGE
838,4,2,QLVQSGAEVKKPGES
839,4,2,LVQSGAEVKKPGESL
840,4,2,VQSGAEVKKPGESLK
841,4,2,QSGAEVKKPGESLKI
842,4,2,SGAEVKKPGESLKIS
843,4,2,GAEVKKPGESLKISC
844,4,2,AEVKKPGESLKISCK
845,4,2,EVKKPGESLKISCKG
846,4,2,VKKPGESLKISCKGS
847,4,2,KKPGESLKISCKGSG
848,4,2,KPGESLKISCKGSGY
849,4,2,PGESLKISCKGSGYS
850,4,2,GESLKISCKGSGYSF
851,4,2,ESLKISCKGSGYSFT
852,4,2,SLKISCKGSGYSFTT
853,4,2,LKISCKGSGYSFTTY
854,4,2,KISCKGSGYSFTTYW
855,4,2,ISCKGSGYSFTTYWL
856,4,2,SCKGSGYSFTTYWLG
857,4,2,CKGSGYSFTTYWLGW
858,4,2,KGSGYSFTTYWLGWV
859,4,2,GSGYSFTTYWLGWVR
860,4,2,SGYSFTTYWLGWVRQ
861,4,2,GYSFTTYWLGWVRQM
862,4,2,YSFTTYWLGWVRQMP
863,4,2,SFTTYWLGWVRQMPG
864,4,2,FTTYWLGWVRQMPGK
865,4,2,TTYWLGWVRQMPGKG
866,4,2,TYWLGWVRQMPGKGL
867,4,2,YWLGWVRQMPGKGLD
868,4,2,WLGWVRQMPGKGLDW
869,4,2,LGWVRQMPGKGLDWI
870,4,2,GWVRQMPGKGLDWIG
871,4,2,WVRQMPGKGLDWIGI
872,4,2,VRQMPGKGLDWIGIM
873,4,2,RQMPGKGLDWIGIMS
874,4,2,QMPGKGLDWIGIMSP
875,4,2,MPGKGLDWIGIMSPV
876,4,2,PGKGLDWIGIMSPVD
877,4,2,GKGLDWIGIMSPVDS
878,4,2,KGLDWIGIMSPVDSD
879,4,2,GLDWIGIMSPVDSDI
880,4,2,LDWIGIMSPVDSDIR
881,4,2,DWIGIMSPVDSDIRY
882,4,2,WIGIMSPVDSDIRYS
883,4,2,IGIMSPVDSDIRYSP
884,4,2,GIMSPVDSDIRYSPS
885,4,2,IMSPVDSDIRYSPSF
886,4,2,MSPVDSDIRYSPSFQ
887,4,2,SPVDSDIRYSPSFQG
888,4,2,PVDSDIRYSPSFQGQ
889,4,2,VDSDIRYSPSFQGQV
890,4,2,DSDIRYSPSFQGQVT
891,4,2,SDIRYSPSFQGQVTM
892,4,2,DIRYSPSFQGQVTMS
893,4,2,IRYSPSFQGQVTMSV
894,4,2,RYSPSFQGQVTMSVD
895,4,2,YSPSFQGQVTMSVDK
896,4,2,SPSFQGQVTMSVDKS
897,4,2,PSFQGQVTMSVDKSI
898,4,2,SFQGQVTMSVDKSIT
899,4,2,FQGQVTMSVDKSITT
900,4,2,QGQVTMSVDKSITTA
901,4,2,GQVTMSVDKSITTAY
902,4,2,QVTMSVDKSITTAYL
903,4,2,VTMSVDKSITTAYLQ
904,4,2,TMSVDKSITTAYLQW
905,4,2,MSVDKSITTAYLQWN
906,4,2,SVDKSITTAYLQWNS
907,4,2,VDKSITTAYLQWNSL
908,4,2,DKSITTAYLQWNSLK
909,4,2,KSITTAYLQWNSLKA
910,4,2,SITTAYLQWNSLKAS
911,4,2,ITTAYLQWNSLKASD
912,4,2,TTAYLQWNSLKASDT
913,4,2,TAYLQWNSLKASDTA
914,4,2,AYLQWNSLKASDTAM
915,4,2,YLQWNSLKASDTAMY
916,4,2,LQWNSLKASDTAMYY
917,4,2,QWNSLKASDTAMYYC
918,4,2,WNSLKASDTAMYYCA
919,4,2,NSLKASDTAMYYCAR
920,4,2,SLKASDTAMYYCARR
921,4,2,LKASDTAMYYCARRR
922,4,2,KASDTAMYYCARRRP
923,4,2,ASDTAMYYCARRRPG
924,4,2,SDTAMYYCARRRPGQ
925,4,2,DTAMYYCARRRPGQG
926,4,2,TAMYYCARRRPGQGY
927,4,2,AMYYCARRRPGQGYF
928,4,2,MYYCARRRPGQGYFD
929,4,2,YYCARRRPGQGYFDF
930,4,2,YCARRRPGQGYFDFW
931,4,2,CARRRPGQGYFDFWG
932,4,2,ARRRPGQGYFDFWGQ
933,4,2,RRRPGQGYFDFWGQG
934,4,2,RRPGQGYFDFWGQGT
935,4,2,RPGQGYFDFWGQGTL
936,4,2,PGQGYFDFWGQGTLV
937,4,2,GQGYFDFWGQGTLVT
938,4,2,QGYFDFWGQGTLVTV
939,4,2,GYFDFWGQGTLVTVS
940,4,2,YFDFWGQGTLVTVSS
941,4,2,FDFWGQGTLVTVSSS
942,4,2,DFWGQGTLVTVSSSS
943,4,2,FWGQGTLVTVSSSST
944,4,2,WGQGTLVTVSSSSTK
945,4,2,GQGTLVTVSSSSTKG
946,4,2,QGTLVTVSSSSTKGP
947,4,2,GTLVTVSSSSTKGPS
948,4,2,TLVTVSSSSTKGPSV
949,4,2,LVTVSSSSTKGPSVF
950,4,2,VTVSSSSTKGPSVFP
951,4,2,TVSSSSTKGPSVFPL
952,4,2,VSSSSTKGPSVFPLA
953,4,2,SSSSTKGPSVFPLAP
954,4,2,SSSTKGPSVFPLAPS
955,4,2,SSTKGPSVFPLAPSS
956,4,2,STKGPSVFPLAPSSK
957,4,2,TKGPSVFPLAPSSKS
958,4,2,KGPSVFPLAPSSKST
959,4,2,GPSVFPLAPSSKSTS
960,4,2,PSVFPLAPSSKSTSG
961,4,2,SVFPLAPSSKSTSGG
962,4,2,VFPLAPSSKSTSGGT
963,4,2,FPLAPSSKSTSGGTA
964,4,2,PLAPSSKSTSGGTAA
965,4,2,LAPSSKSTSGGTAAL
966,4,2,APSSKSTSGGTAALG
967,4,2,PSSKSTSGGTAALGC
968,4,2,SSKSTSGGTAALGCL
969,4,2,SKSTSGGTAALGCLV
970,4,2,KSTSGGTAALGCLVK
971,4,2,STSGGTAALGCLVKD
972,4,2,TSGGTAALGCLVKDY
973,4,2,SGGTAALGCLVKDYF
974,4,2,GGTAALGCLVKDYFP
975,4,2,GTAALGCLVKDYFPE
976,4,2,TAALGCLVKDYFPEP
977,4,2,AALGCLVKDYFPEPV
978,4,2,ALGCLVKDYFPEPVT
979,4,2,LGCLVKDYFPEPVTV
980,4,2,GCLVKDYFPEPVTVS
981,4,2,CLVKDYFPEPVTVSW
982,4,2,LVKDYFPEPVTVSWN
983,4,2,VKDYFPEPVTVSWNS
984,4,2,KDYFPEPVTVSWNSG
985,4,2,DYFPEPVTVSWNSGA
986,4,2,YFPEPVTVSWNSGAL
987,4,2,FPEPVTVSWNSGALT
988,4,2,PEPVTVSWNSGALTS
989,4,2,EPVTVSWNSGALTSG
990,4,2,PVTVSWNSGALTSGV
991,4,2,VTVSWNSGALTSGVH
992,4,2,TVSWNSGALTSGVHT
993,4,2,VSWNSGALTSGVHTF
994,4,2,SWNSGALTSGVHTFP
995,4,2,WNSGALTSGVHTFPA
996,4,2,NSGALTSGVHTFPAV
997,4,2,SGALTSGVHTFPAVL
998,4,2,GALTSGVHTFPAVLQ
999,4,2,ALTSGVHTFPAVLQS
1000,4,2,LTSGVHTFPAVLQSS
1001,4,2,TSGVHTFPAVLQSSG
1002,4,2,SGVHTFPAVLQSSGL
1003,4,2,GVHTFPAVLQSSGLY
1004,4,2,VHTFPAVLQSSGLYS
1005,4,2,HTFPAVLQSSGLYSL
1006,4,2,TFPAVLQSSGLYSLS
1007,4,2,FPAVLQSSGLYSLSS
1008,4,2,PAVLQSSGLYSLSSV
1009,4,2,AVLQSSGLYSLSSVV
1010,4,2,VLQSSGLYSLSSVVT
1011,4,2,LQSSGLYSLSSVVTV
1012,4,2,QSSGLYSLSSVVTVP
1013,4,2,SSGLYSLSSVVTVPS
1014,4,2,SGLYSLSSVVTVPSS
1015,4,2,GLYSLSSVVTVPSSS
1016,4,2,LYSLSSVVTVPSSSL
1017,4,2,YSLSSVVTVPSSSLG
1018,4,2,SLSSVVTVPSSSLGT
1019,4,2,LSSVVTVPSSSLGTQ
1020,4,2,SSVVTVPSSSLGTQT
1021,4,2,SVVTVPSSSLGTQTY
1022,4,2,VVTVPSSSLGTQTYI
1023,4,2,VTVPSSSLGTQTYIC
1024,4,2,TVPSSSLGTQTYICN
1025,4,2,VPSSSLGTQTYICNV
1026,4,2,PSSSLGTQTYICNVN
1027,4,2,SSSLGTQTYICNVNH
1028,4,2,SSLGTQTYICNVNHK
1029,4,2,SLGTQTYICNVNHKP
1030,4,2,LGTQTYICNVNHKPS
1031,4,2,GTQTYICNVNHKPSN
1032,4,2,TQTYICNVNHKPSNT
1033,4,2,QTYICNVNHKPSNTK
1034,4,2,TYICNVNHKPSNTKV
1035,4,2,YICNVNHKPSNTKVD
1036,4,2,ICNVNHKPSNTKVDK
1037,4,2,CNVNHKPSNTKVDKR
1038,4,2,NVNHKPSNTKVDKRV
1039,4,2,VNHKPSNTKVDKRVE
1040,4,2,NHKPSNTKVDKRVEP
1041,4,2,HKPSNTKVDKRVEPK
1042,4,2,KPSNTKVDKRVEPKS
1043,4,2,PSNTKVDKRVEPKSC
1044,4,2,SNTKVDKRVEPKSCD
1045,4,2,NTKVDKRVEPKSCDK
1046,4,2,TKVDKRVEPKSCDKT
1047,4,2,KVDKRVEPKSCDKTH
1048,4,2,VDKRVEPKSCDKTHT
1049,4,2,DKRVEPKSCDKTHTC
1050,4,2,KRVEPKSCDKTHTCP
1051,4,2,RVEPKSCDKTHTCPP
1052,4,2,VEPKSCDKTHTCPPC
1053,4,2,EPKSCDKTHTCPPCP
1054,4,2,PKSCDKTHTCPPCPA
1055,4,2,KSCDKTHTCPPCPAP
1056,4,2,SCDKTHTCPPCPAPE
1057,4,2,CDKTHTCPPCPAPEL
1058,4,2,DKTHTCPPCPAPELL
1059,4,2,KTHTCPPCPAPELLG
1060,4,2,THTCPPCPAPELLGG
1061,4,2,HTCPPCPAPELLGGP
1062,4,2,TCPPCPAPELLGGPS
1063,4,2,CPPCPAPELLGGPSV
1064,4,2,PPCPAPELLGGPSVF
1065,4,2,PCPAPELLGGPSVFL
1066,4,2,CPAPELLGGPSVFLF
1067,4,2,PAPELLGGPSVFLFP
1068,4,2,APELLGGPSVFLFPP
1069,4,2,PELLGGPSVFLFPPK
1070,4,2,ELLGGPSVFLFPPKP
1071,4,2,LLGGPSVFLFPPKPK
1072,4,2,LGGPSVFLFPPKPKD
1073,4,2,GGPSVFLFPPKPKDT
1074,4,2,GPSVFLFPPKPKDTL
1075,4,2,PSVFLFPPKPKDTLM
1076,4,2,SVFLFPPKPKDTLMI
1077,4,2,VFLFPPKPKDTLMIS
1078,4,2,FLFPPKPKDTLMISR
1079,4,2,LFPPKPKDTLMISRT
1080,4,2,FPPKPKDTLMISRTP
1081,4,2,PPKPKDTLMISRTPE
1082,4,2,PKPKDTLMISRTPEV
1083,4,2,KPKDTLMISRTPEVT
1084,4,2,PKDTLMISRTPEVTC
1085,4,2,KDTLMISRTPEVTCV
1086,4,2,DTLMISRTPEVTCVV
1087,4,2,TLMISRTPEVTCVVV
1088,4,2,LMISRTPEVTCVVVD
1089,4,2,MISRTPEVTCVVVDV
1090,4,2,ISRTPEVTCVVVDVS
1091,4,2,SRTPEVTCVVVDVSH
1092,4,2,RTPEVTCVVVDVSHE
1093,4,2,TPEVTCVVVDVSHED
1094,4,2,PEVTCVVVDVSHEDP
1095,4,2,EVTCVVVDVSHEDPE
1096,4,2,VTCVVVDVSHEDPEV
1097,4,2,TCVVVDVSHEDPEVK
1098,4,2,CVVVDVSHEDPEVKF
1099,4,2,VVVDVSHEDPEVKFN
1100,4,2,VVDVSHEDPEVKFNW
1101,4,2,VDVSHEDPEVKFNWY
1102,4,2,DVSHEDPEVKFNWYV
1103,4,2,VSHEDPEVKFNWYVD
1104,4,2,SHEDPEVKFNWYVDG
1105,4,2,HEDPEVKFNWYVDGV
1106,4,2,EDPEVKFNWYVDGVE
1107,4,2,DPEVKFNWYVDGVEV
1108,4,2,PEVKFNWYVDGVEVH
1109,4,2,EVKFNWYVDGVEVHN
1110,4,2,VKFNWYVDGVEVHNA
1111,4,2,KFNWYVDGVEVHNAK
1112,4,2,FNWYVDGVEVHNAKT
1113,4,2,NWYVDGVEVHNAKTK
1114,4,2,WYVDGVEVHNAKTKP
1115,4,2,YVDGVEVHNAKTKPR
1116,4,2,VDGVEVHNAKTKPRE
1117,4,2,DGVEVHNAKTKPREE
1118,4,2,GVEVHNAKTKPREEQ
1119,4,2,VEVHNAKTKPREEQY
1120,4,2,EVHNAKTKPREEQYN
1121,4,2,VHNAKTKPREEQYNS
1122,4,2,HNAKTKPREEQYNST
1123,4,2,NAKTKPREEQYNSTY
1124,4,2,AKTKPREEQYNSTYR
1125,4,2,KTKPREEQYNSTYRV
1126,4,2,TKPREEQYNSTYRVV
1127,4,2,KPREEQYNSTYRVVS
1128,4,2,PREEQYNSTYRVVSV
1129,4,2,REEQYNSTYRVVSVL
1130,4,2,EEQYNSTYRVVSVLT
1131,4,2,EQYNSTYRVVSVLTV
1132,4,2,QYNSTYRVVSVLTVL
1133,4,2,YNSTYRVVSVLTVLH
1134,4,2,NSTYRVVSVLTVLHQ
1135,4,2,STYRVVSVLTVLHQD
1136,4,2,TYRVVSVLTVLHQDW
1137,4,2,YRVVSVLTVLHQDWL
1138,4,2,RVVSVLTVLHQDWLN
1139,4,2,VVSVLTVLHQDWLNG
1140,4,2,VSVLTVLHQDWLNGK
1141,4,2,SVLTVLHQDWLNGKE
1142,4,2,VLTVLHQDWLNGKEY
1143,4,2,LTVLHQDWLNGKEYK
1144,4,2,TVLHQDWLNGKEYKC
1145,4,2,VLHQDWLNGKEYKCK
1146,4,2,LHQDWLNGKEYKCKV
1147,4,2,HQDWLNGKEYKCKVS
1148,4,2,QDWLNGKEYKCKVSN
1149,4,2,DWLNGKEYKCKVSNK
1150,4,2,WLNGKEYKCKVSNKA
1151,4,2,LNGKEYKCKVSNKAL
1152,4,2,NGKEYKCKVSNKALP
1153,4,2,GKEYKCKVSNKALPA
1154,4,2,KEYKCKVSNKALPAP
1155,4,2,EYKCKVSNKALPAPI
1156,4,2,YKCKVSNKALPAPIE
1157,4,2,KCKVSNKALPAPIEK
1158,4,2,CKVSNKALPAPIEKT
1159,4,2,KVSNKALPAPIEKTI
1160,4,2,VSNKALPAPIEKTIS
1161,4,2,SNKALPAPIEKTISK
1162,4,2,NKALPAPIEKTISKA
1163,4,2,KALPAPIEKTISKAK
1164,4,2,ALPAPIEKTISKAKG
1165,4,2,LPAPIEKTISKAKGQ
1166,4,2,PAPIEKTISKAKGQP
1167,4,2,APIEKTISKAKGQPR
1168,4,2,PIEKTISKAKGQPRE
1169,4,2,IEKTISKAKGQPREP
1170,4,2,EKTISKAKGQPREPQ
1171,4,2,KTISKAKGQPREPQV
1172,4,2,TISKAKGQPREPQVY
1173,4,2,ISKAKGQPREPQVYT
1174,4,2,SKAKGQPREPQVYTL
1175,4,2,KAKGQPREPQVYTLP
1176,4,2,AKGQPREPQVYTLPP
1177,4,2,KGQPREPQVYTLPPS
1178,4,2,GQPREPQVYTLPPSR
1179,4,2,QPREPQVYTLPPSRD
1180,4,2,PREPQVYTLPPSRDE
1181,4,2,REPQVYTLPPSRDEL
1182,4,2,EPQVYTLPPSRDELT
1183,4,2,PQVYTLPPSRDELTK
1184,4,2,QVYTLPPSRDELTKN
1185,4,2,VYTLPPSRDELTKNQ
1186,4,2,YTLPPSRDELTKNQV
1187,4,2,TLPPSRDELTKNQVS
1188,4,2,LPPSRDELTKNQVSL
1189,4,2,PPSRDELTKNQVSLT
1190,4,2,PSRDELTKNQVSLTC
1191,4,2,SRDELTKNQVSLTCL
1192,4,2,RDELTKNQVSLTCLV
1193,4,2,DELTKNQVSLTCLVK
1194,4,2,ELTKNQVSLTCLVKG
1195,4,2,LTKNQVSLTCLVKGF
1196,4,2,TKNQVSLTCLVKGFY
1197,4,2,KNQVSLTCLVKGFYP
1198,4,2,NQVSLTCLVKGFYPS
1199,4,2,QVSLTCLVKGFYPSD
1200,4,2,VSLTCLVKGFYPSDI
1201,4,2,SLTCLVKGFYPSDIA
1202,4,2,LTCLVKGFYPSDIAV
1203,4,2,TCLVKGFYPSDIAVE
1204,4,2,CLVKGFYPSDIAVEW
1205,4,2,LVKGFYPSDIAVEWE
1206,4,2,VKGFYPSDIAVEWES
1207,4,2,KGFYPSDIAVEWESN
1208,4,2,GFYPSDIAVEWESNG
1209,4,2,FYPSDIAVEWESNGQ
1210,4,2,YPSDIAVEWESNGQP
1211,4,2,PSDIAVEWESNGQPE
1212,4,2,SDIAVEWESNGQPEN
1213,4,2,DIAVEWESNGQPENN
1214,4,2,IAVEWESNGQPENNY
1215,4,2,AVEWESNGQPENNYK
1216,4,2,VEWESNGQPENNYKT
1217,4,2,EWESNGQPENNYKTT
1218,4,2,WESNGQPENNYKTTP
1219,4,2,ESNGQPENNYKTTPP
1220,4,2,SNGQPENNYKTTPPV
1221,4,2,NGQPENNYKTTPPVL
1222,4,2,GQPENNYKTTPPVLD
1223,4,2,QPENNYKTTPPVLDS
1224,4,2,PENNYKTTPPVLDSD
1225,4,2,ENNYKTTPPVLDSDG
1226,4,2,NNYKTTPPVLDSDGS
1227,4,2,NYKTTPPVLDSDGSF
1228,4,2,YKTTPPVLDSDGSFF
1229,4,2,KTTPPVLDSDGSFFL
1230,4,2,TTPPVLDSDGSFFLY
1231,4,2,TPPVLDSDGSFFLYS
1232,4,2,PPVLDSDGSFFLYSK
1233,4,2,PVLDSDGSFFLYSKL
1234,4,2,VLDSDGSFFLYSKLT
1235,4,2,LDSDGSFFLYSKLTV
1236,4,2,DSDGSFFLYSKLTVD
1237,4,2,SDGSFFLYSKLTVDK
1238,4,2,DGSFFLYSKLTVDKS
1239,4,2,GSFFLYSKLTVDKSR
1240,4,2,SFFLYSKLTVDKSRW
1241,4,2,FFLYSKLTVDKSRWQ
1242,4,2,FLYSKLTVDKSRWQQ
1243,4,2,LYSKLTVDKSRWQQG
1244,4,2,YSKLTVDKSRWQQGN
1245,4,2,SKLTVDKSRWQQGNV
1246,4,2,KLTVDKSRWQQGNVF
1247,4,2,LTVDKSRWQQGNVFS
1248,4,2,TVDKSRWQQGNVFSC
1249,4,2,VDKSRWQQGNVFSCS
1250,4,2,DKSRWQQGNVFSCSV
1251,4,2,KSRWQQGNVFSCSVM
1252,4,2,SRWQQGNVFSCSVMH
1253,4,2,RWQQGNVFSCSVMHE
1254,4,2,WQQGNVFSCSVMHEA
1255,4,2,QQGNVFSCSVMHEAL
1256,4,2,QGNVFSCSVMHEALH
1257,4,2,GNVFSCSVMHEALHN
1258,4,2,NVFSCSVMHEALHNH
1259,4,2,VFSCSVMHEALHNHY
1260,4,2,FSCSVMHEALHNHYT
1261,4,2,SCSVMHEALHNHYTQ
1262,4,2,CSVMHEALHNHYTQK
1263,4,2,SVMHEALHNHYTQKS
1264,4,2,VMHEALHNHYTQKSL
1265,4,2,MHEALHNHYTQKSLS
1266,4,2,HEALHNHYTQKSLSL
1267,4,2,EALHNHYTQKSLSLS
1268,4,2,ALHNHYTQKSLSLSP
1269,4,2,LHNHYTQKSLSLSPG
1270,4,2,HNHYTQKSLSLSPGK
